CREATE EXTENSION
CREATE EXTENSION
CREATE EXTENSION
CREATE FUNCTION
ALTER TABLE
CREATE TABLE
CREATE TABLE
ALTER TABLE
ALTER TABLE
ALTER TABLE

APPLY supabase/test-baselines/dashboard-free-tier-v1.sql
CREATE TYPE
CREATE TYPE
CREATE TYPE
CREATE TYPE
CREATE TYPE
CREATE TABLE
CREATE TABLE
CREATE TABLE
CREATE TABLE
CREATE TABLE
CREATE TABLE
CREATE TABLE
CREATE TABLE
CREATE TABLE
CREATE TABLE
CREATE TABLE
CREATE TABLE
CREATE TABLE
CREATE TABLE
CREATE TABLE
CREATE TABLE
CREATE TABLE
CREATE TABLE
CREATE TABLE
CREATE TABLE
CREATE TABLE
CREATE TABLE
CREATE TABLE
CREATE TABLE
CREATE TABLE
CREATE TABLE
CREATE TABLE
CREATE TABLE
ALTER TABLE
ALTER TABLE
ALTER TABLE
ALTER TABLE
ALTER TABLE
ALTER TABLE
ALTER TABLE
ALTER TABLE
ALTER TABLE
ALTER TABLE
ALTER TABLE
ALTER TABLE
ALTER TABLE
ALTER TABLE
ALTER TABLE
ALTER TABLE
ALTER TABLE
ALTER TABLE
ALTER TABLE
ALTER TABLE
ALTER TABLE
ALTER TABLE
ALTER TABLE
ALTER TABLE
ALTER TABLE
ALTER TABLE
ALTER TABLE
ALTER TABLE
ALTER TABLE
ALTER TABLE
ALTER TABLE
ALTER TABLE
ALTER TABLE
ALTER TABLE
ALTER TABLE
ALTER TABLE
ALTER TABLE
ALTER TABLE
ALTER TABLE
ALTER TABLE
ALTER TABLE
ALTER TABLE
ALTER TABLE
ALTER TABLE
ALTER TABLE
ALTER TABLE
ALTER TABLE
ALTER TABLE
ALTER TABLE
ALTER TABLE
ALTER TABLE
ALTER TABLE
ALTER TABLE
ALTER TABLE
ALTER TABLE
ALTER TABLE
ALTER TABLE
ALTER TABLE
ALTER TABLE
ALTER TABLE
ALTER TABLE
ALTER TABLE
ALTER TABLE
ALTER TABLE
ALTER TABLE
ALTER TABLE
ALTER TABLE
ALTER TABLE
ALTER TABLE
ALTER TABLE
ALTER TABLE
ALTER TABLE
ALTER TABLE
ALTER TABLE
ALTER TABLE
ALTER TABLE
ALTER TABLE
ALTER TABLE
ALTER TABLE
ALTER TABLE
ALTER TABLE
ALTER TABLE
ALTER TABLE
ALTER TABLE
ALTER TABLE
ALTER TABLE
ALTER TABLE
ALTER TABLE
ALTER TABLE
ALTER TABLE
ALTER TABLE
ALTER TABLE
ALTER TABLE
ALTER TABLE
ALTER TABLE
ALTER TABLE
ALTER TABLE
ALTER TABLE
ALTER TABLE
ALTER TABLE
ALTER TABLE
ALTER TABLE
ALTER TABLE
ALTER TABLE
ALTER TABLE
ALTER TABLE
ALTER TABLE
ALTER TABLE
ALTER TABLE
ALTER TABLE
ALTER TABLE
ALTER TABLE
ALTER TABLE
ALTER TABLE
ALTER TABLE
ALTER TABLE
ALTER TABLE
ALTER TABLE
ALTER TABLE
ALTER TABLE
ALTER TABLE
ALTER TABLE
ALTER TABLE
ALTER TABLE
ALTER TABLE
ALTER TABLE
ALTER TABLE
ALTER TABLE
ALTER TABLE
ALTER TABLE
ALTER TABLE
ALTER TABLE
ALTER TABLE
ALTER TABLE
ALTER TABLE
ALTER TABLE
ALTER TABLE
ALTER TABLE
ALTER TABLE
ALTER TABLE
ALTER TABLE
ALTER TABLE
ALTER TABLE
ALTER TABLE
ALTER TABLE
ALTER TABLE
ALTER TABLE
ALTER TABLE
ALTER TABLE
ALTER TABLE
ALTER TABLE
ALTER TABLE
ALTER TABLE
ALTER TABLE
ALTER TABLE
ALTER TABLE
ALTER TABLE
ALTER TABLE
ALTER TABLE
ALTER TABLE
ALTER TABLE
ALTER TABLE
ALTER TABLE
ALTER TABLE
ALTER TABLE
ALTER TABLE
ALTER TABLE
ALTER TABLE
ALTER TABLE
ALTER TABLE
ALTER TABLE
ALTER TABLE
ALTER TABLE
ALTER TABLE
ALTER TABLE
ALTER TABLE
ALTER TABLE
ALTER TABLE
ALTER TABLE
ALTER TABLE
ALTER TABLE
ALTER TABLE
ALTER TABLE
ALTER TABLE
ALTER TABLE
ALTER TABLE
ALTER TABLE
ALTER TABLE
ALTER TABLE
ALTER TABLE
ALTER TABLE
ALTER TABLE
NOTICE:  extension "pgcrypto" already exists, skipping
CREATE EXTENSION
CREATE FUNCTION
CREATE TABLE
NOTICE:  column "role" of relation "profiles" already exists, skipping
NOTICE:  column "created_at" of relation "profiles" already exists, skipping
NOTICE:  column "updated_at" of relation "profiles" already exists, skipping
ALTER TABLE
CREATE FUNCTION
GRANT
NOTICE:  column "term_id" of relation "classes" already exists, skipping
NOTICE:  column "period" of relation "classes" already exists, skipping
NOTICE:  column "status" of relation "classes" already exists, skipping
NOTICE:  column "lessons" of relation "classes" already exists, skipping
NOTICE:  column "schedule_plan" of relation "classes" already exists, skipping
ALTER TABLE
CREATE TABLE
NOTICE:  column "academic_year" of relation "class_terms" already exists, skipping
NOTICE:  column "name" of relation "class_terms" already exists, skipping
NOTICE:  column "status" of relation "class_terms" already exists, skipping
NOTICE:  column "start_date" of relation "class_terms" already exists, skipping
NOTICE:  column "end_date" of relation "class_terms" already exists, skipping
NOTICE:  column "sort_order" of relation "class_terms" already exists, skipping
NOTICE:  column "created_at" of relation "class_terms" already exists, skipping
NOTICE:  column "updated_at" of relation "class_terms" already exists, skipping
ALTER TABLE
CREATE INDEX
DO
DO
ALTER TABLE
ALTER TABLE
NOTICE:  policy "profiles_self_select" for relation "public.profiles" does not exist, skipping
DROP POLICY
CREATE POLICY
DROP POLICY
NOTICE:  policy "profiles_staff_select" for relation "public.profiles" does not exist, skipping
CREATE POLICY
NOTICE:  policy "profiles_staff_write" for relation "public.profiles" does not exist, skipping
DROP POLICY
CREATE POLICY
NOTICE:  policy "class_terms_authenticated_select" for relation "public.class_terms" does not exist, skipping
DROP POLICY
CREATE POLICY
NOTICE:  policy "class_terms_staff_write" for relation "public.class_terms" does not exist, skipping
DROP POLICY
CREATE POLICY
CREATE EXTENSION
NOTICE:  extension "pgcrypto" already exists, skipping
CREATE FUNCTION
NOTICE:  relation "profiles" already exists, skipping
CREATE TABLE
NOTICE:  column "role" of relation "profiles" already exists, skipping
NOTICE:  column "created_at" of relation "profiles" already exists, skipping
NOTICE:  column "updated_at" of relation "profiles" already exists, skipping
ALTER TABLE
CREATE FUNCTION
GRANT
CREATE TABLE
NOTICE:  column "school_id" of relation "academic_event_exam_details" already exists, skipping
NOTICE:  column "grade" of relation "academic_event_exam_details" already exists, skipping
NOTICE:  column "subject" of relation "academic_event_exam_details" already exists, skipping
NOTICE:  column "exam_date" of relation "academic_event_exam_details" already exists, skipping
NOTICE:  column "exam_date_status" of relation "academic_event_exam_details" already exists, skipping
NOTICE:  column "curriculum_profile_id" of relation "academic_event_exam_details" already exists, skipping
NOTICE:  column "academy_curriculum_plan_id" of relation "academic_event_exam_details" already exists, skipping
NOTICE:  column "textbook_scope" of relation "academic_event_exam_details" already exists, skipping
NOTICE:  column "supplement_scope" of relation "academic_event_exam_details" already exists, skipping
NOTICE:  column "other_scope" of relation "academic_event_exam_details" already exists, skipping
NOTICE:  column "note" of relation "academic_event_exam_details" already exists, skipping
NOTICE:  column "sort_order" of relation "academic_event_exam_details" already exists, skipping
NOTICE:  column "created_at" of relation "academic_event_exam_details" already exists, skipping
NOTICE:  column "updated_at" of relation "academic_event_exam_details" already exists, skipping
ALTER TABLE
CREATE TABLE
NOTICE:  column "academic_year" of relation "academy_curriculum_plans" already exists, skipping
NOTICE:  column "academy_grade" of relation "academy_curriculum_plans" already exists, skipping
NOTICE:  column "subject" of relation "academy_curriculum_plans" already exists, skipping
NOTICE:  column "class_id" of relation "academy_curriculum_plans" already exists, skipping
NOTICE:  column "main_textbook_id" of relation "academy_curriculum_plans" already exists, skipping
NOTICE:  column "note" of relation "academy_curriculum_plans" already exists, skipping
NOTICE:  column "sort_order" of relation "academy_curriculum_plans" already exists, skipping
NOTICE:  column "created_at" of relation "academy_curriculum_plans" already exists, skipping
NOTICE:  column "updated_at" of relation "academy_curriculum_plans" already exists, skipping
ALTER TABLE
CREATE TABLE
NOTICE:  column "textbook_id" of relation "academy_curriculum_materials" already exists, skipping
NOTICE:  column "title" of relation "academy_curriculum_materials" already exists, skipping
NOTICE:  column "publisher" of relation "academy_curriculum_materials" already exists, skipping
NOTICE:  column "note" of relation "academy_curriculum_materials" already exists, skipping
NOTICE:  column "sort_order" of relation "academy_curriculum_materials" already exists, skipping
NOTICE:  column "created_at" of relation "academy_curriculum_materials" already exists, skipping
NOTICE:  column "updated_at" of relation "academy_curriculum_materials" already exists, skipping
ALTER TABLE
DO
ALTER TABLE
ALTER TABLE
ALTER TABLE
ALTER TABLE
DROP POLICY
CREATE POLICY
DROP POLICY
CREATE POLICY
DROP POLICY
CREATE POLICY
NOTICE:  policy "academic_event_exam_details_authenticated_select" for relation "public.academic_event_exam_details" does not exist, skipping
DROP POLICY
CREATE POLICY
NOTICE:  policy "academic_event_exam_details_teacher_write" for relation "public.academic_event_exam_details" does not exist, skipping
DROP POLICY
CREATE POLICY
NOTICE:  policy "academy_curriculum_plans_authenticated_select" for relation "public.academy_curriculum_plans" does not exist, skipping
DROP POLICY
CREATE POLICY
NOTICE:  policy "academy_curriculum_plans_teacher_write" for relation "public.academy_curriculum_plans" does not exist, skipping
DROP POLICY
CREATE POLICY
NOTICE:  policy "academy_curriculum_materials_authenticated_select" for relation "public.academy_curriculum_materials" does not exist, skipping
DROP POLICY
CREATE POLICY
DROP POLICY
NOTICE:  policy "academy_curriculum_materials_teacher_write" for relation "public.academy_curriculum_materials" does not exist, skipping
CREATE POLICY
NOTICE:  extension "pgcrypto" already exists, skipping
CREATE EXTENSION
NOTICE:  relation "profiles" already exists, skipping
CREATE TABLE
NOTICE:  column "role" of relation "profiles" already exists, skipping
NOTICE:  column "created_at" of relation "profiles" already exists, skipping
NOTICE:  column "updated_at" of relation "profiles" already exists, skipping
ALTER TABLE
CREATE FUNCTION
GRANT
ALTER TABLE
DROP POLICY
CREATE POLICY
DROP POLICY
CREATE POLICY
DROP POLICY
CREATE POLICY
DO
NOTICE:  policy "class_terms_authenticated_write" for relation "public.class_terms" does not exist, skipping
DO
NOTICE:  extension "pgcrypto" already exists, skipping
CREATE EXTENSION
NOTICE:  relation "academic_curriculum_profiles" already exists, skipping
CREATE TABLE
NOTICE:  column "academic_year" of relation "academic_curriculum_profiles" already exists, skipping
NOTICE:  column "school_id" of relation "academic_curriculum_profiles" already exists, skipping
NOTICE:  column "grade" of relation "academic_curriculum_profiles" already exists, skipping
NOTICE:  column "subject" of relation "academic_curriculum_profiles" already exists, skipping
NOTICE:  column "main_textbook_title" of relation "academic_curriculum_profiles" already exists, skipping
NOTICE:  column "main_textbook_publisher" of relation "academic_curriculum_profiles" already exists, skipping
NOTICE:  column "note" of relation "academic_curriculum_profiles" already exists, skipping
NOTICE:  column "created_at" of relation "academic_curriculum_profiles" already exists, skipping
NOTICE:  column "updated_at" of relation "academic_curriculum_profiles" already exists, skipping
ALTER TABLE
CREATE INDEX
CREATE TABLE
NOTICE:  column "profile_id" of relation "academic_supplement_materials" already exists, skipping
NOTICE:  column "title" of relation "academic_supplement_materials" already exists, skipping
NOTICE:  column "publisher" of relation "academic_supplement_materials" already exists, skipping
NOTICE:  column "note" of relation "academic_supplement_materials" already exists, skipping
NOTICE:  column "sort_order" of relation "academic_supplement_materials" already exists, skipping
NOTICE:  column "created_at" of relation "academic_supplement_materials" already exists, skipping
NOTICE:  column "updated_at" of relation "academic_supplement_materials" already exists, skipping
ALTER TABLE
NOTICE:  column "title" of relation "textbooks" already exists, skipping
NOTICE:  column "publisher" of relation "textbooks" already exists, skipping
NOTICE:  column "price" of relation "textbooks" already exists, skipping
NOTICE:  column "tags" of relation "textbooks" already exists, skipping
NOTICE:  column "lessons" of relation "textbooks" already exists, skipping
ALTER TABLE
DO
ALTER TABLE
ALTER TABLE
NOTICE:  policy "academic_curriculum_profiles_authenticated_select" for relation "public.academic_curriculum_profiles" does not exist, skipping
DROP POLICY
CREATE POLICY
NOTICE:  policy "academic_curriculum_profiles_teacher_write" for relation "public.academic_curriculum_profiles" does not exist, skipping
DROP POLICY
CREATE POLICY
NOTICE:  policy "academic_supplement_materials_authenticated_select" for relation "public.academic_supplement_materials" does not exist, skipping
DROP POLICY
CREATE POLICY
NOTICE:  policy "academic_supplement_materials_teacher_write" for relation "public.academic_supplement_materials" does not exist, skipping
DROP POLICY
CREATE POLICY
NOTICE:  extension "pgcrypto" already exists, skipping
CREATE EXTENSION
CREATE TABLE
NOTICE:  column "academic_year" of relation "academic_exam_material_plans" already exists, skipping
NOTICE:  column "subject" of relation "academic_exam_material_plans" already exists, skipping
NOTICE:  column "school_id" of relation "academic_exam_material_plans" already exists, skipping
NOTICE:  column "grade" of relation "academic_exam_material_plans" already exists, skipping
NOTICE:  column "exam_period_code" of relation "academic_exam_material_plans" already exists, skipping
NOTICE:  column "note" of relation "academic_exam_material_plans" already exists, skipping
NOTICE:  column "sort_order" of relation "academic_exam_material_plans" already exists, skipping
NOTICE:  column "created_at" of relation "academic_exam_material_plans" already exists, skipping
NOTICE:  column "updated_at" of relation "academic_exam_material_plans" already exists, skipping
ALTER TABLE
CREATE INDEX
CREATE TABLE
NOTICE:  column "plan_id" of relation "academic_exam_material_items" already exists, skipping
NOTICE:  column "material_category" of relation "academic_exam_material_items" already exists, skipping
NOTICE:  column "title" of relation "academic_exam_material_items" already exists, skipping
NOTICE:  column "publisher" of relation "academic_exam_material_items" already exists, skipping
NOTICE:  column "scope_detail" of relation "academic_exam_material_items" already exists, skipping
NOTICE:  column "note" of relation "academic_exam_material_items" already exists, skipping
NOTICE:  column "sort_order" of relation "academic_exam_material_items" already exists, skipping
NOTICE:  column "created_at" of relation "academic_exam_material_items" already exists, skipping
NOTICE:  column "updated_at" of relation "academic_exam_material_items" already exists, skipping
ALTER TABLE
CREATE INDEX
CREATE TABLE
NOTICE:  column "academic_year" of relation "academy_curriculum_period_catalogs" already exists, skipping
NOTICE:  column "subject" of relation "academy_curriculum_period_catalogs" already exists, skipping
NOTICE:  column "academy_grade" of relation "academy_curriculum_period_catalogs" already exists, skipping
NOTICE:  column "period_code" of relation "academy_curriculum_period_catalogs" already exists, skipping
NOTICE:  column "period_label" of relation "academy_curriculum_period_catalogs" already exists, skipping
NOTICE:  column "sort_order" of relation "academy_curriculum_period_catalogs" already exists, skipping
NOTICE:  column "created_at" of relation "academy_curriculum_period_catalogs" already exists, skipping
NOTICE:  column "updated_at" of relation "academy_curriculum_period_catalogs" already exists, skipping
ALTER TABLE
CREATE INDEX
CREATE TABLE
NOTICE:  column "academic_year" of relation "academy_curriculum_period_plans" already exists, skipping
NOTICE:  column "subject" of relation "academy_curriculum_period_plans" already exists, skipping
NOTICE:  column "academy_grade" of relation "academy_curriculum_period_plans" already exists, skipping
NOTICE:  column "catalog_id" of relation "academy_curriculum_period_plans" already exists, skipping
NOTICE:  column "period_type" of relation "academy_curriculum_period_plans" already exists, skipping
NOTICE:  column "period_code" of relation "academy_curriculum_period_plans" already exists, skipping
NOTICE:  column "period_label" of relation "academy_curriculum_period_plans" already exists, skipping
NOTICE:  column "scope_type" of relation "academy_curriculum_period_plans" already exists, skipping
NOTICE:  column "class_id" of relation "academy_curriculum_period_plans" already exists, skipping
NOTICE:  column "note" of relation "academy_curriculum_period_plans" already exists, skipping
NOTICE:  column "sort_order" of relation "academy_curriculum_period_plans" already exists, skipping
NOTICE:  column "created_at" of relation "academy_curriculum_period_plans" already exists, skipping
NOTICE:  column "updated_at" of relation "academy_curriculum_period_plans" already exists, skipping
ALTER TABLE
CREATE INDEX
CREATE INDEX
CREATE TABLE
NOTICE:  column "plan_id" of relation "academy_curriculum_period_items" already exists, skipping
NOTICE:  column "material_category" of relation "academy_curriculum_period_items" already exists, skipping
NOTICE:  column "textbook_id" of relation "academy_curriculum_period_items" already exists, skipping
NOTICE:  column "title" of relation "academy_curriculum_period_items" already exists, skipping
NOTICE:  column "publisher" of relation "academy_curriculum_period_items" already exists, skipping
NOTICE:  column "plan_detail" of relation "academy_curriculum_period_items" already exists, skipping
NOTICE:  column "note" of relation "academy_curriculum_period_items" already exists, skipping
NOTICE:  column "sort_order" of relation "academy_curriculum_period_items" already exists, skipping
NOTICE:  column "created_at" of relation "academy_curriculum_period_items" already exists, skipping
NOTICE:  column "updated_at" of relation "academy_curriculum_period_items" already exists, skipping
ALTER TABLE
CREATE INDEX
DO
ALTER TABLE
ALTER TABLE
ALTER TABLE
ALTER TABLE
ALTER TABLE
DROP POLICY
NOTICE:  policy "academic_exam_material_plans_authenticated_select" for relation "public.academic_exam_material_plans" does not exist, skipping
CREATE POLICY
NOTICE:  policy "academic_exam_material_plans_teacher_write" for relation "public.academic_exam_material_plans" does not exist, skipping
DROP POLICY
CREATE POLICY
NOTICE:  policy "academic_exam_material_items_authenticated_select" for relation "public.academic_exam_material_items" does not exist, skipping
DROP POLICY
CREATE POLICY
DROP POLICY
NOTICE:  policy "academic_exam_material_items_teacher_write" for relation "public.academic_exam_material_items" does not exist, skipping
CREATE POLICY
NOTICE:  policy "academy_curriculum_period_catalogs_authenticated_select" for relation "public.academy_curriculum_period_catalogs" does not exist, skipping
DROP POLICY
CREATE POLICY
NOTICE:  policy "academy_curriculum_period_catalogs_teacher_write" for relation "public.academy_curriculum_period_catalogs" does not exist, skipping
DROP POLICY
CREATE POLICY
NOTICE:  policy "academy_curriculum_period_plans_authenticated_select" for relation "public.academy_curriculum_period_plans" does not exist, skipping
DROP POLICY
CREATE POLICY
NOTICE:  policy "academy_curriculum_period_plans_teacher_write" for relation "public.academy_curriculum_period_plans" does not exist, skipping
DROP POLICY
CREATE POLICY
DROP POLICY
NOTICE:  policy "academy_curriculum_period_items_authenticated_select" for relation "public.academy_curriculum_period_items" does not exist, skipping
CREATE POLICY
DROP POLICY
NOTICE:  policy "academy_curriculum_period_items_teacher_write" for relation "public.academy_curriculum_period_items" does not exist, skipping
CREATE POLICY
CREATE EXTENSION
NOTICE:  extension "pgcrypto" already exists, skipping
CREATE TABLE
NOTICE:  column "name" of relation "teacher_catalogs" already exists, skipping
NOTICE:  column "subjects" of relation "teacher_catalogs" already exists, skipping
NOTICE:  column "is_visible" of relation "teacher_catalogs" already exists, skipping
NOTICE:  column "sort_order" of relation "teacher_catalogs" already exists, skipping
NOTICE:  column "created_at" of relation "teacher_catalogs" already exists, skipping
NOTICE:  column "updated_at" of relation "teacher_catalogs" already exists, skipping
ALTER TABLE
CREATE INDEX
CREATE TABLE
NOTICE:  column "name" of relation "classroom_catalogs" already exists, skipping
NOTICE:  column "subjects" of relation "classroom_catalogs" already exists, skipping
NOTICE:  column "is_visible" of relation "classroom_catalogs" already exists, skipping
NOTICE:  column "sort_order" of relation "classroom_catalogs" already exists, skipping
NOTICE:  column "created_at" of relation "classroom_catalogs" already exists, skipping
NOTICE:  column "updated_at" of relation "classroom_catalogs" already exists, skipping
ALTER TABLE
CREATE INDEX
DO
ALTER TABLE
ALTER TABLE
NOTICE:  policy "teacher_catalogs_authenticated_select" for relation "public.teacher_catalogs" does not exist, skipping
DROP POLICY
CREATE POLICY
NOTICE:  policy "teacher_catalogs_teacher_write" for relation "public.teacher_catalogs" does not exist, skipping
DROP POLICY
CREATE POLICY
NOTICE:  policy "classroom_catalogs_authenticated_select" for relation "public.classroom_catalogs" does not exist, skipping
DROP POLICY
CREATE POLICY
NOTICE:  policy "classroom_catalogs_teacher_write" for relation "public.classroom_catalogs" does not exist, skipping
DROP POLICY
CREATE POLICY
NOTICE:  policy "textbooks_authenticated_select" for relation "public.textbooks" does not exist, skipping
NOTICE:  policy "textbooks_teacher_write" for relation "public.textbooks" does not exist, skipping
DO
CREATE TABLE
NOTICE:  column "term_id" of relation "class_schedule_sync_groups" already exists, skipping
NOTICE:  column "name" of relation "class_schedule_sync_groups" already exists, skipping
NOTICE:  column "subject" of relation "class_schedule_sync_groups" already exists, skipping
NOTICE:  column "color" of relation "class_schedule_sync_groups" already exists, skipping
NOTICE:  column "note" of relation "class_schedule_sync_groups" already exists, skipping
NOTICE:  column "created_at" of relation "class_schedule_sync_groups" already exists, skipping
NOTICE:  column "updated_at" of relation "class_schedule_sync_groups" already exists, skipping
ALTER TABLE
CREATE TABLE
NOTICE:  column "sort_order" of relation "class_schedule_sync_group_members" already exists, skipping
NOTICE:  column "created_at" of relation "class_schedule_sync_group_members" already exists, skipping
ALTER TABLE
CREATE INDEX
NOTICE:  column "progress_key" of relation "progress_logs" already exists, skipping
NOTICE:  column "session_id" of relation "progress_logs" already exists, skipping
NOTICE:  column "session_order" of relation "progress_logs" already exists, skipping
NOTICE:  column "status" of relation "progress_logs" already exists, skipping
NOTICE:  column "range_start" of relation "progress_logs" already exists, skipping
NOTICE:  column "range_end" of relation "progress_logs" already exists, skipping
NOTICE:  column "range_label" of relation "progress_logs" already exists, skipping
NOTICE:  column "public_note" of relation "progress_logs" already exists, skipping
NOTICE:  column "teacher_note" of relation "progress_logs" already exists, skipping
NOTICE:  column "updated_at" of relation "progress_logs" already exists, skipping
ALTER TABLE
CREATE INDEX
CREATE INDEX
DO
DO
ALTER TABLE
ALTER TABLE
ALTER TABLE
DROP POLICY
NOTICE:  policy "progress_logs_authenticated_select" for relation "public.progress_logs" does not exist, skipping
CREATE POLICY
DROP POLICY
NOTICE:  policy "progress_logs_teacher_write" for relation "public.progress_logs" does not exist, skipping
CREATE POLICY
NOTICE:  policy "class_schedule_sync_groups_authenticated_select" for relation "public.class_schedule_sync_groups" does not exist, skipping
DROP POLICY
CREATE POLICY
NOTICE:  policy "class_schedule_sync_groups_staff_write" for relation "public.class_schedule_sync_groups" does not exist, skipping
DROP POLICY
CREATE POLICY
NOTICE:  policy "class_schedule_sync_group_members_authenticated_select" for relation "public.class_schedule_sync_group_members" does not exist, skipping
DROP POLICY
CREATE POLICY
DROP POLICY
NOTICE:  policy "class_schedule_sync_group_members_staff_write" for relation "public.class_schedule_sync_group_members" does not exist, skipping
CREATE POLICY
NOTICE:  extension "pgcrypto" already exists, skipping
CREATE EXTENSION
NOTICE:  relation "class_schedule_sync_groups" already exists, skipping
CREATE TABLE
NOTICE:  column "term_id" of relation "class_schedule_sync_groups" already exists, skipping
NOTICE:  column "name" of relation "class_schedule_sync_groups" already exists, skipping
NOTICE:  column "subject" of relation "class_schedule_sync_groups" already exists, skipping
NOTICE:  column "color" of relation "class_schedule_sync_groups" already exists, skipping
NOTICE:  column "note" of relation "class_schedule_sync_groups" already exists, skipping
NOTICE:  column "created_at" of relation "class_schedule_sync_groups" already exists, skipping
NOTICE:  column "updated_at" of relation "class_schedule_sync_groups" already exists, skipping
ALTER TABLE
NOTICE:  relation "class_schedule_sync_group_members" already exists, skipping
CREATE TABLE
NOTICE:  column "sort_order" of relation "class_schedule_sync_group_members" already exists, skipping
NOTICE:  column "created_at" of relation "class_schedule_sync_group_members" already exists, skipping
ALTER TABLE
DROP INDEX
CREATE INDEX
CREATE INDEX
CREATE INDEX
DO
ALTER TABLE
ALTER TABLE
DROP POLICY
CREATE POLICY
DROP POLICY
DROP POLICY
NOTICE:  policy "class_schedule_sync_groups_authenticated_write" for relation "public.class_schedule_sync_groups" does not exist, skipping
CREATE POLICY
DROP POLICY
CREATE POLICY
DROP POLICY
NOTICE:  policy "class_schedule_sync_group_members_authenticated_write" for relation "public.class_schedule_sync_group_members" does not exist, skipping
DROP POLICY
CREATE POLICY
NOTICE:  extension "pgcrypto" already exists, skipping
CREATE EXTENSION
NOTICE:  column "isbn13" of relation "textbooks" already exists, skipping
NOTICE:  column "barcode" of relation "textbooks" already exists, skipping
NOTICE:  column "subject" of relation "textbooks" already exists, skipping
NOTICE:  column "category" of relation "textbooks" already exists, skipping
NOTICE:  column "publisher_id" of relation "textbooks" already exists, skipping
NOTICE:  column "default_supplier_id" of relation "textbooks" already exists, skipping
NOTICE:  column "list_price" of relation "textbooks" already exists, skipping
NOTICE:  column "sale_price" of relation "textbooks" already exists, skipping
NOTICE:  column "status" of relation "textbooks" already exists, skipping
NOTICE:  column "is_returnable" of relation "textbooks" already exists, skipping
NOTICE:  column "source_notion_url" of relation "textbooks" already exists, skipping
ALTER TABLE
CREATE INDEX
CREATE INDEX
CREATE TABLE
CREATE INDEX
CREATE TABLE
CREATE INDEX
CREATE TABLE
CREATE INDEX
CREATE TABLE
CREATE INDEX
CREATE TABLE
CREATE TABLE
CREATE INDEX
CREATE TABLE
CREATE INDEX
CREATE TABLE
CREATE INDEX
CREATE TABLE
CREATE INDEX
CREATE TABLE
CREATE TABLE
CREATE INDEX
DO
DO
ALTER TABLE
ALTER TABLE
ALTER TABLE
ALTER TABLE
ALTER TABLE
ALTER TABLE
ALTER TABLE
ALTER TABLE
ALTER TABLE
ALTER TABLE
ALTER TABLE
NOTICE:  policy "textbook_publishers_authenticated_select" for relation "public.textbook_publishers" does not exist, skipping
NOTICE:  policy "textbook_publishers_staff_write" for relation "public.textbook_publishers" does not exist, skipping
NOTICE:  policy "textbook_suppliers_authenticated_select" for relation "public.textbook_suppliers" does not exist, skipping
NOTICE:  policy "textbook_suppliers_staff_write" for relation "public.textbook_suppliers" does not exist, skipping
NOTICE:  policy "textbook_supplier_links_authenticated_select" for relation "public.textbook_supplier_links" does not exist, skipping
NOTICE:  policy "textbook_supplier_links_staff_write" for relation "public.textbook_supplier_links" does not exist, skipping
NOTICE:  policy "textbook_inventory_locations_authenticated_select" for relation "public.textbook_inventory_locations" does not exist, skipping
NOTICE:  policy "textbook_inventory_locations_staff_write" for relation "public.textbook_inventory_locations" does not exist, skipping
NOTICE:  policy "textbook_purchase_orders_authenticated_select" for relation "public.textbook_purchase_orders" does not exist, skipping
NOTICE:  policy "textbook_purchase_orders_staff_write" for relation "public.textbook_purchase_orders" does not exist, skipping
NOTICE:  policy "textbook_purchase_order_lines_authenticated_select" for relation "public.textbook_purchase_order_lines" does not exist, skipping
NOTICE:  policy "textbook_purchase_order_lines_staff_write" for relation "public.textbook_purchase_order_lines" does not exist, skipping
NOTICE:  policy "textbook_stock_moves_authenticated_select" for relation "public.textbook_stock_moves" does not exist, skipping
NOTICE:  policy "textbook_stock_moves_staff_write" for relation "public.textbook_stock_moves" does not exist, skipping
NOTICE:  policy "textbook_sales_authenticated_select" for relation "public.textbook_sales" does not exist, skipping
NOTICE:  policy "textbook_sales_staff_write" for relation "public.textbook_sales" does not exist, skipping
NOTICE:  policy "textbook_sale_lines_authenticated_select" for relation "public.textbook_sale_lines" does not exist, skipping
NOTICE:  policy "textbook_sale_lines_staff_write" for relation "public.textbook_sale_lines" does not exist, skipping
NOTICE:  policy "textbook_stock_counts_authenticated_select" for relation "public.textbook_stock_counts" does not exist, skipping
NOTICE:  policy "textbook_stock_counts_staff_write" for relation "public.textbook_stock_counts" does not exist, skipping
NOTICE:  policy "textbook_monthly_closings_authenticated_select" for relation "public.textbook_monthly_closings" does not exist, skipping
NOTICE:  policy "textbook_monthly_closings_staff_write" for relation "public.textbook_monthly_closings" does not exist, skipping
DO
NOTICE:  column "updated_at" of relation "textbooks" already exists, skipping
ALTER TABLE
DO
ALTER TABLE
CREATE INDEX
ALTER TABLE
CREATE INDEX
CREATE TABLE
CREATE INDEX
CREATE INDEX
DO
ALTER TABLE
NOTICE:  policy "textbook_publisher_supplier_links_authenticated_select" for relation "public.textbook_publisher_supplier_links" does not exist, skipping
DROP POLICY
CREATE POLICY
NOTICE:  policy "textbook_publisher_supplier_links_staff_write" for relation "public.textbook_publisher_supplier_links" does not exist, skipping
DROP POLICY
CREATE POLICY
NOTICE:  extension "pgcrypto" already exists, skipping
CREATE EXTENSION
ALTER TABLE
DO
CREATE INDEX
CREATE INDEX
CREATE INDEX
ALTER TABLE
DO
CREATE INDEX
CREATE INDEX
CREATE TABLE
ALTER TABLE
DROP POLICY
NOTICE:  policy "dashboard_audit_logs_staff_select" for relation "public.dashboard_audit_logs" does not exist, skipping
CREATE POLICY
NOTICE:  policy "dashboard_audit_logs_authenticated_insert" for relation "public.dashboard_audit_logs" does not exist, skipping
DROP POLICY
CREATE POLICY
CREATE FUNCTION
NOTICE:  trigger "dashboard_audit_teacher_catalogs" for relation "public.teacher_catalogs" does not exist, skipping
DROP TRIGGER
CREATE TRIGGER
NOTICE:  trigger "dashboard_audit_profiles" for relation "public.profiles" does not exist, skipping
DROP TRIGGER
CREATE TRIGGER
NOTICE:  trigger "dashboard_audit_students" for relation "public.students" does not exist, skipping
DROP TRIGGER
CREATE TRIGGER
DROP TRIGGER
NOTICE:  trigger "dashboard_audit_classes" for relation "public.classes" does not exist, skipping
CREATE TRIGGER
NOTICE:  trigger "dashboard_audit_textbooks" for relation "public.textbooks" does not exist, skipping
DROP TRIGGER
CREATE TRIGGER
NOTICE:  column "makeedu_student_no" of relation "students" already exists, skipping
ALTER TABLE
CREATE INDEX
ALTER TABLE
CREATE INDEX
CREATE INDEX
CREATE TABLE
CREATE INDEX
CREATE INDEX
CREATE INDEX
DO
ALTER TABLE
NOTICE:  policy "textbook_makeedu_payment_imports_authenticated_select" for relation "public.textbook_makeedu_payment_imports" does not exist, skipping
DROP POLICY
CREATE POLICY
NOTICE:  policy "textbook_makeedu_payment_imports_staff_write" for relation "public.textbook_makeedu_payment_imports" does not exist, skipping
DROP POLICY
CREATE POLICY
ALTER TABLE
ALTER TABLE
CREATE INDEX
NOTICE:  column "school_level" of relation "textbooks" already exists, skipping
NOTICE:  column "grade_level" of relation "textbooks" already exists, skipping
NOTICE:  column "sub_subject" of relation "textbooks" already exists, skipping
ALTER TABLE
CREATE TABLE
CREATE INDEX
DO
ALTER TABLE
DO
NOTICE:  column "status" of relation "students" already exists, skipping
ALTER TABLE
DO
CREATE INDEX
CREATE TABLE
CREATE INDEX
CREATE INDEX
ALTER TABLE
NOTICE:  policy "student_class_enrollment_history_authenticated_select" for relation "public.student_class_enrollment_history" does not exist, skipping
DROP POLICY
CREATE POLICY
NOTICE:  policy "student_class_enrollment_history_staff_write" for relation "public.student_class_enrollment_history" does not exist, skipping
DROP POLICY
CREATE POLICY
CREATE FUNCTION
NOTICE:  trigger "on_auth_user_created" for relation "auth.users" does not exist, skipping
DROP TRIGGER
CREATE TRIGGER
NOTICE:  policy "profiles_self_insert" for relation "public.profiles" does not exist, skipping
DROP POLICY
CREATE POLICY
DROP POLICY
NOTICE:  policy "profiles_self_identity_select" for relation "public.profiles" does not exist, skipping
CREATE POLICY
NOTICE:  extension "pgcrypto" already exists, skipping
CREATE EXTENSION
CREATE TABLE
CREATE TABLE
CREATE TABLE
CREATE TABLE
CREATE TABLE
CREATE TABLE
CREATE TABLE
CREATE TABLE
CREATE INDEX
CREATE INDEX
CREATE INDEX
CREATE INDEX
CREATE INDEX
CREATE INDEX
NOTICE:  trigger "set_updated_at_ops_tasks" for relation "public.ops_tasks" does not exist, skipping
DROP TRIGGER
CREATE TRIGGER
NOTICE:  trigger "set_updated_at_ops_registration_details" for relation "public.ops_registration_details" does not exist, skipping
DROP TRIGGER
CREATE TRIGGER
NOTICE:  trigger "set_updated_at_ops_withdrawal_details" for relation "public.ops_withdrawal_details" does not exist, skipping
DROP TRIGGER
CREATE TRIGGER
NOTICE:  trigger "set_updated_at_ops_transfer_details" for relation "public.ops_transfer_details" does not exist, skipping
DROP TRIGGER
CREATE TRIGGER
NOTICE:  trigger "set_updated_at_ops_word_retests" for relation "public.ops_word_retests" does not exist, skipping
DROP TRIGGER
CREATE TRIGGER
ALTER TABLE
ALTER TABLE
ALTER TABLE
ALTER TABLE
ALTER TABLE
ALTER TABLE
ALTER TABLE
ALTER TABLE
GRANT
GRANT
GRANT
GRANT
GRANT
GRANT
GRANT
GRANT
DROP POLICY
NOTICE:  policy "ops_tasks_select" for relation "public.ops_tasks" does not exist, skipping
CREATE POLICY
NOTICE:  policy "ops_tasks_insert" for relation "public.ops_tasks" does not exist, skipping
DROP POLICY
CREATE POLICY
NOTICE:  policy "ops_tasks_update" for relation "public.ops_tasks" does not exist, skipping
DROP POLICY
CREATE POLICY
NOTICE:  policy "ops_tasks_delete" for relation "public.ops_tasks" does not exist, skipping
DROP POLICY
CREATE POLICY
NOTICE:  policy "ops_task_comments_select" for relation "public.ops_task_comments" does not exist, skipping
DROP POLICY
CREATE POLICY
NOTICE:  policy "ops_task_comments_write" for relation "public.ops_task_comments" does not exist, skipping
DROP POLICY
CREATE POLICY
NOTICE:  policy "ops_task_attachments_select" for relation "public.ops_task_attachments" does not exist, skipping
DROP POLICY
CREATE POLICY
NOTICE:  policy "ops_task_attachments_write" for relation "public.ops_task_attachments" does not exist, skipping
DROP POLICY
CREATE POLICY
NOTICE:  policy "ops_task_events_select" for relation "public.ops_task_events" does not exist, skipping
DROP POLICY
CREATE POLICY
NOTICE:  policy "ops_task_events_write" for relation "public.ops_task_events" does not exist, skipping
DROP POLICY
CREATE POLICY
NOTICE:  policy "ops_registration_details_select" for relation "ops_registration_details" does not exist, skipping
NOTICE:  policy "ops_registration_details_write" for relation "ops_registration_details" does not exist, skipping
NOTICE:  policy "ops_withdrawal_details_select" for relation "ops_withdrawal_details" does not exist, skipping
NOTICE:  policy "ops_withdrawal_details_write" for relation "ops_withdrawal_details" does not exist, skipping
NOTICE:  policy "ops_transfer_details_select" for relation "ops_transfer_details" does not exist, skipping
NOTICE:  policy "ops_transfer_details_write" for relation "ops_transfer_details" does not exist, skipping
NOTICE:  policy "ops_word_retests_select" for relation "ops_word_retests" does not exist, skipping
NOTICE:  policy "ops_word_retests_write" for relation "ops_word_retests" does not exist, skipping
DO
ALTER TABLE
REVOKE
REVOKE
REVOKE
REVOKE
REVOKE
REVOKE
REVOKE
REVOKE
GRANT
GRANT
GRANT
GRANT
GRANT
GRANT
GRANT
GRANT
ALTER TABLE
CREATE INDEX
ALTER TABLE
ALTER TABLE
CREATE INDEX
CREATE INDEX
CREATE INDEX
CREATE TABLE
NOTICE:  column "subject" of relation "approval_requests" already exists, skipping
NOTICE:  column "template_key" of relation "approval_requests" already exists, skipping
NOTICE:  column "body" of relation "approval_requests" already exists, skipping
NOTICE:  column "checklist_items" of relation "approval_requests" already exists, skipping
NOTICE:  column "attachment_links" of relation "approval_requests" already exists, skipping
ALTER TABLE
CREATE TABLE
CREATE TABLE
CREATE INDEX
CREATE INDEX
CREATE INDEX
CREATE INDEX
CREATE INDEX
CREATE INDEX
CREATE INDEX
CREATE INDEX
CREATE FUNCTION
DROP TRIGGER
NOTICE:  trigger "set_approval_requests_updated_at" for relation "public.approval_requests" does not exist, skipping
CREATE TRIGGER
CREATE FUNCTION
NOTICE:  trigger "write_approval_status_event" for relation "public.approval_requests" does not exist, skipping
DROP TRIGGER
CREATE TRIGGER
ALTER TABLE
ALTER TABLE
ALTER TABLE
REVOKE
REVOKE
REVOKE
GRANT
GRANT
GRANT
NOTICE:  policy "approval_requests_select_involved_or_admin" for relation "public.approval_requests" does not exist, skipping
DROP POLICY
CREATE POLICY
NOTICE:  policy "approval_requests_insert_own" for relation "public.approval_requests" does not exist, skipping
DROP POLICY
CREATE POLICY
NOTICE:  policy "approval_requests_update_involved_or_admin" for relation "public.approval_requests" does not exist, skipping
DROP POLICY
CREATE POLICY
NOTICE:  policy "approval_events_select_involved" for relation "public.approval_events" does not exist, skipping
DROP POLICY
CREATE POLICY
DROP POLICY
NOTICE:  policy "approval_events_insert_involved" for relation "public.approval_events" does not exist, skipping
CREATE POLICY
NOTICE:  policy "approval_comments_select_involved" for relation "public.approval_comments" does not exist, skipping
DROP POLICY
CREATE POLICY
NOTICE:  policy "approval_comments_insert_involved" for relation "public.approval_comments" does not exist, skipping
DROP POLICY
CREATE POLICY
CREATE TABLE
NOTICE:  column "subject" of relation "approval_templates" already exists, skipping
NOTICE:  column "body" of relation "approval_templates" already exists, skipping
NOTICE:  column "checklist_items" of relation "approval_templates" already exists, skipping
NOTICE:  column "attachment_links" of relation "approval_templates" already exists, skipping
NOTICE:  column "is_shared" of relation "approval_templates" already exists, skipping
NOTICE:  column "created_by" of relation "approval_templates" already exists, skipping
ALTER TABLE
CREATE INDEX
CREATE INDEX
CREATE INDEX
NOTICE:  trigger "set_approval_templates_updated_at" for relation "public.approval_templates" does not exist, skipping
DROP TRIGGER
CREATE TRIGGER
ALTER TABLE
REVOKE
GRANT
NOTICE:  policy "approval_templates_select_shared_or_own" for relation "public.approval_templates" does not exist, skipping
DROP POLICY
CREATE POLICY
NOTICE:  policy "approval_templates_insert_own" for relation "public.approval_templates" does not exist, skipping
DROP POLICY
CREATE POLICY
NOTICE:  policy "approval_templates_update_own_or_admin" for relation "public.approval_templates" does not exist, skipping
DROP POLICY
CREATE POLICY
NOTICE:  policy "approval_templates_delete_own_or_admin" for relation "public.approval_templates" does not exist, skipping
DROP POLICY
CREATE POLICY
CREATE SCHEMA
REVOKE
GRANT
CREATE FUNCTION
REVOKE
GRANT
DROP POLICY
CREATE POLICY
DROP POLICY
CREATE POLICY
DROP POLICY
CREATE POLICY
DROP POLICY
DROP POLICY
DROP POLICY
DROP POLICY
CREATE POLICY
CREATE POLICY
CREATE POLICY
CREATE POLICY
CREATE POLICY
CREATE POLICY
CREATE POLICY
CREATE POLICY
CREATE POLICY
CREATE POLICY
CREATE POLICY
CREATE POLICY
CREATE FUNCTION
NOTICE:  trigger "prevent_completed_operation_reopen" for relation "public.ops_tasks" does not exist, skipping
DROP TRIGGER
CREATE TRIGGER
CREATE FUNCTION
CREATE FUNCTION
DROP POLICY
DROP POLICY
DROP POLICY
DROP POLICY
DROP POLICY
DROP POLICY
DROP POLICY
DROP POLICY
CREATE POLICY
CREATE POLICY
CREATE POLICY
CREATE POLICY
CREATE POLICY
CREATE POLICY
CREATE POLICY
CREATE POLICY
ALTER TABLE
ALTER TABLE
ALTER TABLE
ALTER TABLE
DROP POLICY
CREATE POLICY
DROP POLICY
CREATE POLICY
DROP POLICY
CREATE POLICY
DO
NOTICE:  policy "academic_events_staff_write" for relation "public.academic_events" does not exist, skipping
DROP POLICY
CREATE POLICY
NOTICE:  column "counseling_note" of relation "students" already exists, skipping
ALTER TABLE
CREATE INDEX
NOTICE:  column "class_type" of relation "classes" already exists, skipping
ALTER TABLE
COMMENT
NOTICE:  column "recent_issue" of relation "students" already exists, skipping
ALTER TABLE
COMMENT
NOTICE:  policy "classes_authenticated_select" for relation "public.classes" does not exist, skipping
NOTICE:  policy "classes_authenticated_write" for relation "public.classes" does not exist, skipping
NOTICE:  policy "classes_teacher_write" for relation "public.classes" does not exist, skipping
NOTICE:  policy "classes_staff_write" for relation "public.classes" does not exist, skipping
NOTICE:  policy "students_authenticated_select" for relation "public.students" does not exist, skipping
NOTICE:  policy "students_authenticated_write" for relation "public.students" does not exist, skipping
NOTICE:  policy "students_teacher_write" for relation "public.students" does not exist, skipping
NOTICE:  policy "students_staff_write" for relation "public.students" does not exist, skipping
DO
ALTER TABLE
ALTER TABLE
ALTER TABLE
ALTER TABLE
DO
CREATE INDEX
CREATE INDEX
CREATE INDEX
NOTICE:  extension "pgcrypto" already exists, skipping
CREATE EXTENSION
DO
CREATE FUNCTION
ALTER TABLE
ALTER TABLE
ALTER TABLE
CREATE INDEX
CREATE INDEX
CREATE INDEX
CREATE INDEX
NOTICE:  column "requested_team" of relation "ops_tasks" already exists, skipping
NOTICE:  column "assignee_team" of relation "ops_tasks" already exists, skipping
NOTICE:  column "start_at" of relation "ops_tasks" already exists, skipping
ALTER TABLE
ALTER TABLE
ALTER TABLE
NOTICE:  relation "ops_tasks_requested_team_idx" already exists, skipping
CREATE INDEX
NOTICE:  relation "ops_tasks_assignee_team_idx" already exists, skipping
CREATE INDEX
NOTICE:  relation "ops_tasks_start_at_idx" already exists, skipping
CREATE INDEX
CREATE INDEX
NOTICE:  relation "ops_tasks_review_requested_idx" already exists, skipping
NOTICE:  column "requested_team" of relation "ops_tasks" already exists, skipping
NOTICE:  column "assignee_team" of relation "ops_tasks" already exists, skipping
NOTICE:  column "start_at" of relation "ops_tasks" already exists, skipping
ALTER TABLE
ALTER TABLE
ALTER TABLE
CREATE INDEX
NOTICE:  relation "ops_tasks_requested_team_idx" already exists, skipping
NOTICE:  relation "ops_tasks_assignee_team_idx" already exists, skipping
CREATE INDEX
NOTICE:  relation "ops_tasks_start_at_idx" already exists, skipping
CREATE INDEX
NOTICE:  relation "ops_tasks_review_requested_idx" already exists, skipping
CREATE INDEX
ALTER TABLE
CREATE EXTENSION
NOTICE:  extension "pgcrypto" already exists, skipping
CREATE TABLE
CREATE TABLE
CREATE TABLE
CREATE INDEX
CREATE INDEX
CREATE INDEX
CREATE INDEX
CREATE INDEX
CREATE INDEX
CREATE INDEX
CREATE INDEX
CREATE INDEX
CREATE INDEX
CREATE FUNCTION
NOTICE:  trigger "set_makeup_requests_updated_at" for relation "public.makeup_requests" does not exist, skipping
DROP TRIGGER
CREATE TRIGGER
ALTER TABLE
ALTER TABLE
ALTER TABLE
REVOKE
REVOKE
REVOKE
GRANT
GRANT
GRANT
NOTICE:  policy "makeup_requests_select_involved_or_manager" for relation "public.makeup_requests" does not exist, skipping
DROP POLICY
CREATE POLICY
NOTICE:  policy "makeup_requests_insert_requester_or_manager" for relation "public.makeup_requests" does not exist, skipping
DROP POLICY
CREATE POLICY
NOTICE:  policy "makeup_requests_update_involved_or_manager" for relation "public.makeup_requests" does not exist, skipping
DROP POLICY
CREATE POLICY
NOTICE:  policy "makeup_request_events_select_parent" for relation "public.makeup_request_events" does not exist, skipping
DROP POLICY
CREATE POLICY
NOTICE:  policy "makeup_request_events_insert_parent" for relation "public.makeup_request_events" does not exist, skipping
DROP POLICY
CREATE POLICY
NOTICE:  policy "dashboard_notifications_select_recipient" for relation "public.dashboard_notifications" does not exist, skipping
DROP POLICY
CREATE POLICY
NOTICE:  policy "dashboard_notifications_insert_authenticated" for relation "public.dashboard_notifications" does not exist, skipping
DROP POLICY
CREATE POLICY
NOTICE:  policy "dashboard_notifications_update_recipient" for relation "public.dashboard_notifications" does not exist, skipping
DROP POLICY
CREATE POLICY
ALTER TABLE
ALTER TABLE
NOTICE:  index "dashboard_notifications_dedupe_key" does not exist, skipping
DROP INDEX
CREATE INDEX
CREATE TABLE
CREATE TABLE
CREATE INDEX
CREATE INDEX
CREATE FUNCTION
NOTICE:  trigger "set_makeup_notification_settings_updated_at" for relation "public.makeup_notification_settings" does not exist, skipping
DROP TRIGGER
CREATE TRIGGER
ALTER TABLE
ALTER TABLE
REVOKE
REVOKE
GRANT
GRANT
NOTICE:  policy "makeup_notification_settings_staff_select" for relation "public.makeup_notification_settings" does not exist, skipping
DROP POLICY
CREATE POLICY
NOTICE:  policy "makeup_notification_settings_staff_write" for relation "public.makeup_notification_settings" does not exist, skipping
DROP POLICY
CREATE POLICY
NOTICE:  policy "makeup_notification_deliveries_staff_select" for relation "public.makeup_notification_deliveries" does not exist, skipping
DROP POLICY
CREATE POLICY
NOTICE:  policy "makeup_notification_deliveries_insert_authenticated" for relation "public.makeup_notification_deliveries" does not exist, skipping
DROP POLICY
CREATE POLICY
NOTICE:  column "dedupe_key" of relation "dashboard_notifications" already exists, skipping
ALTER TABLE
DROP INDEX
CREATE INDEX
NOTICE:  relation "makeup_notification_settings" already exists, skipping
CREATE TABLE
NOTICE:  relation "makeup_notification_deliveries" already exists, skipping
CREATE TABLE
CREATE INDEX
NOTICE:  relation "makeup_notification_deliveries_request_idx" already exists, skipping
NOTICE:  relation "makeup_notification_deliveries_trigger_idx" already exists, skipping
CREATE INDEX
CREATE FUNCTION
DROP TRIGGER
CREATE TRIGGER
ALTER TABLE
ALTER TABLE
REVOKE
REVOKE
GRANT
GRANT
DROP POLICY
CREATE POLICY
DROP POLICY
CREATE POLICY
DROP POLICY
CREATE POLICY
DROP POLICY
CREATE POLICY
DO
ALTER TABLE
DO
ALTER TABLE
ALTER TABLE
CREATE TABLE
CREATE INDEX
CREATE FUNCTION
NOTICE:  trigger "set_dashboard_push_subscriptions_updated_at" for relation "public.dashboard_push_subscriptions" does not exist, skipping
DROP TRIGGER
CREATE TRIGGER
ALTER TABLE
REVOKE
GRANT
GRANT
DROP POLICY
NOTICE:  policy "dashboard_push_subscriptions_select_own" for relation "public.dashboard_push_subscriptions" does not exist, skipping
CREATE POLICY
NOTICE:  policy "dashboard_push_subscriptions_insert_own" for relation "public.dashboard_push_subscriptions" does not exist, skipping
DROP POLICY
CREATE POLICY
NOTICE:  policy "dashboard_push_subscriptions_update_own" for relation "public.dashboard_push_subscriptions" does not exist, skipping
DROP POLICY
CREATE POLICY
NOTICE:  policy "dashboard_push_subscriptions_delete_own" for relation "public.dashboard_push_subscriptions" does not exist, skipping
DROP POLICY
CREATE POLICY
ALTER TABLE
NOTICE:  constraint "makeup_requests_request_kind_check" of relation "makeup_requests" does not exist, skipping
ALTER TABLE
ALTER TABLE
ALTER TABLE
ALTER TABLE
ALTER TABLE
ALTER TABLE
ALTER TABLE
CREATE INDEX
CREATE INDEX
CREATE FUNCTION
DROP TRIGGER
NOTICE:  trigger "prune_makeup_notification_deliveries_after_insert" for relation "public.makeup_notification_deliveries" does not exist, skipping
CREATE TRIGGER
GRANT
GRANT
DROP POLICY
NOTICE:  policy "approval_requests_delete_operator_closed" for relation "public.approval_requests" does not exist, skipping
CREATE POLICY
NOTICE:  policy "makeup_requests_delete_operator_closed" for relation "public.makeup_requests" does not exist, skipping
DROP POLICY
CREATE POLICY
CREATE TABLE
NOTICE:  column "webhook_url" of relation "google_chat_webhook_settings" already exists, skipping
NOTICE:  column "updated_by" of relation "google_chat_webhook_settings" already exists, skipping
NOTICE:  column "created_at" of relation "google_chat_webhook_settings" already exists, skipping
NOTICE:  column "updated_at" of relation "google_chat_webhook_settings" already exists, skipping
ALTER TABLE
DO
ALTER TABLE
GRANT
ALTER TABLE
ALTER TABLE
ALTER TABLE
ALTER TABLE
ALTER TABLE
CREATE INDEX
CREATE INDEX
ALTER TABLE
ALTER TABLE
CREATE TABLE
NOTICE:  column "updated_at" of relation "ops_registration_messages" already exists, skipping
ALTER TABLE
ALTER TABLE
ALTER TABLE
CREATE INDEX
ALTER TABLE
GRANT
NOTICE:  policy "ops_registration_messages_select" for relation "public.ops_registration_messages" does not exist, skipping
DROP POLICY
CREATE POLICY
REVOKE
REVOKE
GRANT
CREATE INDEX
DROP POLICY
CREATE POLICY
ALTER TABLE
CREATE INDEX
ALTER TABLE
ALTER TABLE
WARNING:  SET LOCAL can only be used in transaction blocks
SET
ALTER TABLE
BEGIN
SET
CREATE TABLE
SELECT 0
CREATE TABLE
SELECT 0
SELECT 1
CREATE TABLE
SELECT 0
SELECT 0
SELECT 0
SELECT 0
SELECT 0
CREATE TABLE
SELECT 0
SELECT 0
ALTER TABLE
SELECT 0
SELECT 0
SELECT 0
SELECT 0
SELECT 0
ALTER TABLE
ALTER TABLE
ALTER TABLE
CREATE INDEX
NOTICE:  trigger "set_updated_at_ops_registration_messages" for relation "public.ops_registration_messages" does not exist, skipping
DROP TRIGGER
CREATE TRIGGER
REVOKE
GRANT
CREATE TABLE
CREATE TABLE
CREATE TABLE
CREATE TABLE
CREATE TABLE
CREATE TABLE
CREATE TABLE
CREATE TRIGGER
CREATE TRIGGER
CREATE TRIGGER
CREATE TRIGGER
CREATE TRIGGER
CREATE TRIGGER
CREATE INDEX
CREATE INDEX
CREATE INDEX
CREATE INDEX
CREATE INDEX
CREATE INDEX
CREATE INDEX
CREATE INDEX
CREATE INDEX
CREATE INDEX
CREATE INDEX
CREATE INDEX
CREATE INDEX
CREATE INDEX
CREATE INDEX
CREATE INDEX
CREATE INDEX
CREATE INDEX
CREATE INDEX
CREATE INDEX
CREATE INDEX
CREATE INDEX
CREATE INDEX
CREATE VIEW
REVOKE
REVOKE
REVOKE
GRANT
GRANT
ALTER TABLE
ALTER TABLE
ALTER TABLE
ALTER TABLE
ALTER TABLE
ALTER TABLE
REVOKE
GRANT
GRANT
REVOKE
ALTER TABLE
CREATE FUNCTION
ALTER FUNCTION
REVOKE
GRANT
CREATE POLICY
CREATE POLICY
CREATE POLICY
CREATE POLICY
CREATE POLICY
CREATE POLICY
SELECT 0
SELECT 0
SELECT 0
SELECT 0
CREATE TABLE
SELECT 0
DROP POLICY
CREATE POLICY
DROP POLICY
CREATE POLICY
DROP POLICY
CREATE POLICY
DROP POLICY
CREATE POLICY
DROP POLICY
DROP POLICY
CREATE POLICY
DROP POLICY
CREATE POLICY
DROP POLICY
CREATE POLICY
CREATE FUNCTION
ALTER FUNCTION
REVOKE
NOTICE:  trigger "prevent_registration_type_reclassification" for relation "public.ops_tasks" does not exist, skipping
DROP TRIGGER
CREATE TRIGGER
COMMIT
BEGIN
CREATE TABLE
ALTER TABLE
REVOKE
CREATE FUNCTION
ALTER FUNCTION
REVOKE
CREATE FUNCTION
ALTER FUNCTION
REVOKE
CREATE FUNCTION
ALTER FUNCTION
REVOKE
GRANT
GRANT
CREATE FUNCTION
REVOKE
GRANT
CREATE FUNCTION
ALTER FUNCTION
REVOKE
GRANT
CREATE FUNCTION
REVOKE
GRANT
CREATE FUNCTION
ALTER FUNCTION
REVOKE
GRANT
CREATE FUNCTION
REVOKE
GRANT
CREATE FUNCTION
ALTER FUNCTION
REVOKE
GRANT
CREATE FUNCTION
REVOKE
GRANT
CREATE FUNCTION
ALTER FUNCTION
REVOKE
CREATE FUNCTION
ALTER FUNCTION
REVOKE
CREATE FUNCTION
ALTER FUNCTION
REVOKE
CREATE FUNCTION
ALTER FUNCTION
REVOKE
CREATE FUNCTION
ALTER FUNCTION
REVOKE
CREATE FUNCTION
ALTER FUNCTION
REVOKE
CREATE FUNCTION
ALTER FUNCTION
REVOKE
CREATE FUNCTION
ALTER FUNCTION
REVOKE
CREATE FUNCTION
ALTER FUNCTION
REVOKE
CREATE FUNCTION
ALTER FUNCTION
REVOKE
DROP TRIGGER
CREATE TRIGGER
CREATE FUNCTION
ALTER FUNCTION
REVOKE
DROP TRIGGER
NOTICE:  trigger "prevent_registration_compatibility_override" for relation "public.ops_tasks" does not exist, skipping
CREATE TRIGGER
DROP TRIGGER
NOTICE:  trigger "prevent_registration_compatibility_override" for relation "public.ops_registration_details" does not exist, skipping
CREATE TRIGGER
CREATE FUNCTION
ALTER FUNCTION
REVOKE
CREATE FUNCTION
ALTER FUNCTION
REVOKE
CREATE FUNCTION
ALTER FUNCTION
REVOKE
GRANT
CREATE FUNCTION
REVOKE
GRANT
CREATE FUNCTION
ALTER FUNCTION
REVOKE
CREATE FUNCTION
ALTER FUNCTION
REVOKE
CREATE FUNCTION
ALTER FUNCTION
REVOKE
CREATE FUNCTION
ALTER FUNCTION
REVOKE
CREATE FUNCTION
ALTER FUNCTION
REVOKE
GRANT
CREATE FUNCTION
REVOKE
GRANT
CREATE FUNCTION
ALTER FUNCTION
REVOKE
GRANT
CREATE FUNCTION
REVOKE
GRANT
CREATE FUNCTION
ALTER FUNCTION
REVOKE
GRANT
CREATE FUNCTION
REVOKE
GRANT
CREATE FUNCTION
ALTER FUNCTION
REVOKE
GRANT
CREATE FUNCTION
REVOKE
GRANT
CREATE FUNCTION
ALTER FUNCTION
REVOKE
GRANT
CREATE FUNCTION
REVOKE
GRANT
CREATE FUNCTION
ALTER FUNCTION
REVOKE
GRANT
CREATE FUNCTION
REVOKE
GRANT
CREATE FUNCTION
ALTER FUNCTION
REVOKE
GRANT
CREATE FUNCTION
REVOKE
GRANT
CREATE FUNCTION
ALTER FUNCTION
REVOKE
GRANT
CREATE FUNCTION
REVOKE
GRANT
CREATE FUNCTION
ALTER FUNCTION
REVOKE
GRANT
CREATE FUNCTION
REVOKE
GRANT
CREATE FUNCTION
ALTER FUNCTION
REVOKE
GRANT
CREATE FUNCTION
REVOKE
GRANT
CREATE FUNCTION
ALTER FUNCTION
REVOKE
GRANT
CREATE FUNCTION
REVOKE
GRANT
CREATE FUNCTION
ALTER FUNCTION
REVOKE
GRANT
CREATE FUNCTION
REVOKE
GRANT
CREATE FUNCTION
ALTER FUNCTION
REVOKE
GRANT
CREATE FUNCTION
REVOKE
GRANT
CREATE FUNCTION
ALTER FUNCTION
REVOKE
GRANT
CREATE FUNCTION
REVOKE
GRANT
CREATE FUNCTION
ALTER FUNCTION
REVOKE
GRANT
CREATE FUNCTION
REVOKE
GRANT
CREATE FUNCTION
ALTER FUNCTION
REVOKE
GRANT
GRANT
CREATE FUNCTION
REVOKE
GRANT
CREATE FUNCTION
ALTER FUNCTION
REVOKE
GRANT
CREATE FUNCTION
REVOKE
GRANT
CREATE FUNCTION
ALTER FUNCTION
REVOKE
GRANT
CREATE FUNCTION
REVOKE
GRANT
CREATE FUNCTION
ALTER FUNCTION
REVOKE
GRANT
CREATE FUNCTION
REVOKE
GRANT
CREATE FUNCTION
ALTER FUNCTION
REVOKE
GRANT
CREATE FUNCTION
REVOKE
GRANT
CREATE FUNCTION
ALTER FUNCTION
REVOKE
GRANT
CREATE FUNCTION
REVOKE
GRANT
CREATE FUNCTION
ALTER FUNCTION
REVOKE
GRANT
CREATE FUNCTION
REVOKE
GRANT
CREATE FUNCTION
ALTER FUNCTION
REVOKE
GRANT
CREATE FUNCTION
REVOKE
GRANT
CREATE FUNCTION
ALTER FUNCTION
REVOKE
GRANT
CREATE FUNCTION
REVOKE
GRANT
CREATE FUNCTION
ALTER FUNCTION
REVOKE
GRANT
CREATE FUNCTION
REVOKE
GRANT
CREATE FUNCTION
ALTER FUNCTION
REVOKE
GRANT
CREATE FUNCTION
REVOKE
GRANT
CREATE FUNCTION
ALTER FUNCTION
REVOKE
GRANT
CREATE FUNCTION
REVOKE
GRANT
CREATE FUNCTION
ALTER FUNCTION
REVOKE
GRANT
CREATE FUNCTION
REVOKE
GRANT
CREATE FUNCTION
ALTER FUNCTION
REVOKE
GRANT
CREATE FUNCTION
REVOKE
GRANT
SET
NOTICE:  trigger "prevent_ops_roster_completion_bypass" for relation "public.ops_tasks" does not exist, skipping
DROP TRIGGER
CREATE TRIGGER
NOTICE:  trigger "prevent_ops_roster_completion_bypass" for relation "public.ops_withdrawal_details" does not exist, skipping
DROP TRIGGER
CREATE TRIGGER
NOTICE:  trigger "prevent_ops_roster_completion_bypass" for relation "public.ops_transfer_details" does not exist, skipping
DROP TRIGGER
CREATE TRIGGER
DROP TRIGGER
NOTICE:  trigger "prevent_direct_student_roster_insert" for relation "public.students" does not exist, skipping
CREATE TRIGGER
NOTICE:  trigger "prevent_direct_class_roster_insert" for relation "public.classes" does not exist, skipping
DROP TRIGGER
CREATE TRIGGER
NOTICE:  trigger "prevent_direct_student_roster_array_write" for relation "public.students" does not exist, skipping
DROP TRIGGER
CREATE TRIGGER
NOTICE:  trigger "prevent_direct_class_roster_array_write" for relation "public.classes" does not exist, skipping
DROP TRIGGER
CREATE TRIGGER
DROP TRIGGER
NOTICE:  trigger "prevent_direct_student_status_write" for relation "public.students" does not exist, skipping
CREATE TRIGGER
NOTICE:  trigger "prevent_linked_student_delete" for relation "public.students" does not exist, skipping
DROP TRIGGER
CREATE TRIGGER
DROP TRIGGER
NOTICE:  trigger "prevent_linked_class_delete" for relation "public.classes" does not exist, skipping
CREATE TRIGGER
DROP POLICY
REVOKE
GRANT
CREATE FUNCTION
ALTER FUNCTION
REVOKE
GRANT
COMMIT
BEGIN
CREATE FUNCTION
ALTER FUNCTION
REVOKE
COMMIT
BEGIN
DROP TRIGGER
DROP TRIGGER
DROP TRIGGER
DROP TRIGGER
CREATE FUNCTION
ALTER FUNCTION
REVOKE
CREATE FUNCTION
ALTER FUNCTION
REVOKE
CREATE TRIGGER
CREATE TRIGGER
CREATE TRIGGER
CREATE TRIGGER
DROP FUNCTION
COMMIT
BEGIN
ALTER TABLE
ALTER TABLE
ALTER TABLE
CREATE FUNCTION
ALTER FUNCTION
REVOKE
CREATE FUNCTION
ALTER FUNCTION
REVOKE
CREATE FUNCTION
ALTER FUNCTION
REVOKE
CREATE FUNCTION
ALTER FUNCTION
REVOKE
CREATE FUNCTION
ALTER FUNCTION
REVOKE
ALTER TABLE
ALTER TABLE
ALTER TABLE
ALTER TABLE
CREATE INDEX
CREATE VIEW
REVOKE
GRANT
CREATE FUNCTION
ALTER FUNCTION
REVOKE
GRANT
CREATE FUNCTION
ALTER FUNCTION
REVOKE
GRANT
CREATE FUNCTION
ALTER FUNCTION
REVOKE
GRANT
CREATE FUNCTION
ALTER FUNCTION
REVOKE
GRANT
CREATE FUNCTION
ALTER FUNCTION
REVOKE
GRANT
CREATE FUNCTION
ALTER FUNCTION
REVOKE
GRANT
CREATE FUNCTION
ALTER FUNCTION
REVOKE
GRANT
CREATE FUNCTION
ALTER FUNCTION
REVOKE
GRANT
CREATE FUNCTION
ALTER FUNCTION
REVOKE
GRANT
CREATE FUNCTION
ALTER FUNCTION
REVOKE
GRANT
COMMIT
WARNING:  SET LOCAL can only be used in transaction blocks
SET
NOTICE:  column "school_levels" of relation "textbooks" already exists, skipping
NOTICE:  column "grade_levels" of relation "textbooks" already exists, skipping
ALTER TABLE
DO
BEGIN
CREATE FUNCTION
ALTER FUNCTION
REVOKE
GRANT
COMMIT
BEGIN
SET
NOTICE:  extension "pgcrypto" already exists, skipping
CREATE EXTENSION
NOTICE:  schema "dashboard_private" already exists, skipping
CREATE SCHEMA
CREATE TABLE
CREATE TABLE
CREATE TABLE
CREATE INDEX
CREATE INDEX
ALTER TABLE
ALTER TABLE
CREATE TABLE
CREATE TABLE
CREATE TABLE
CREATE TABLE
CREATE TABLE
CREATE TABLE
CREATE TABLE
CREATE TABLE
CREATE TABLE
CREATE INDEX
CREATE INDEX
CREATE INDEX
CREATE INDEX
CREATE INDEX
CREATE INDEX
CREATE INDEX
CREATE INDEX
CREATE INDEX
CREATE INDEX
CREATE INDEX
CREATE INDEX
CREATE INDEX
ALTER TABLE
CREATE INDEX
NOTICE:  column "updated_by" of relation "google_chat_webhook_settings" already exists, skipping
ALTER TABLE
ALTER TABLE
CREATE TABLE
CREATE INDEX
ALTER TABLE
REVOKE
CREATE POLICY
GRANT
CREATE VIEW
REVOKE
ALTER TABLE
ALTER TABLE
ALTER TABLE
ALTER TABLE
ALTER TABLE
ALTER TABLE
ALTER TABLE
ALTER TABLE
ALTER TABLE
ALTER TABLE
ALTER TABLE
ALTER TABLE
REVOKE
REVOKE
REVOKE
REVOKE
REVOKE
REVOKE
REVOKE
REVOKE
REVOKE
REVOKE
REVOKE
REVOKE
GRANT
GRANT
GRANT
GRANT
GRANT
GRANT
GRANT
GRANT
GRANT
GRANT
GRANT
GRANT
GRANT
GRANT
COMMIT
BEGIN
SET
CREATE FUNCTION
CREATE FUNCTION
CREATE FUNCTION
CREATE FUNCTION
CREATE FUNCTION
CREATE FUNCTION
CREATE FUNCTION
CREATE FUNCTION
CREATE FUNCTION
CREATE FUNCTION
CREATE FUNCTION
CREATE FUNCTION
CREATE FUNCTION
CREATE FUNCTION
CREATE FUNCTION
CREATE FUNCTION
CREATE FUNCTION
DROP FUNCTION
NOTICE:  function public.replace_google_chat_connection_v1(text,text,text,text,pg_catalog.int8,uuid) does not exist, skipping
NOTICE:  function public.disconnect_google_chat_connection_v1(text,pg_catalog.int8,uuid) does not exist, skipping
NOTICE:  function public.begin_google_chat_connection_verification_v1(text,pg_catalog.int8,uuid) does not exist, skipping
DROP FUNCTION
DROP FUNCTION
DROP FUNCTION
NOTICE:  function public.record_google_chat_connection_verification_v1(text,pg_catalog.bool,text,pg_catalog.int8,uuid) does not exist, skipping
CREATE FUNCTION
CREATE FUNCTION
CREATE FUNCTION
CREATE FUNCTION
REVOKE
REVOKE
REVOKE
REVOKE
REVOKE
REVOKE
REVOKE
REVOKE
REVOKE
REVOKE
REVOKE
REVOKE
REVOKE
REVOKE
REVOKE
REVOKE
REVOKE
REVOKE
REVOKE
REVOKE
REVOKE
GRANT
GRANT
GRANT
GRANT
GRANT
GRANT
GRANT
GRANT
GRANT
COMMIT
BEGIN
SET
ALTER TABLE
ALTER TABLE
ALTER TABLE
NOTICE:  constraint "notification_event_fanout_jobs_schedule_source_check" of relation "notification_event_fanout_jobs" does not exist, skipping
ALTER TABLE
ALTER TABLE
ALTER TABLE
NOTICE:  constraint "notification_dispatch_ownership_terminal_outcome_check" of relation "notification_dispatch_ownership_claims" does not exist, skipping
ALTER TABLE
ALTER TABLE
CREATE FUNCTION
CREATE FUNCTION
CREATE FUNCTION
CREATE FUNCTION
REVOKE
CREATE FUNCTION
CREATE FUNCTION
CREATE FUNCTION
CREATE FUNCTION
CREATE FUNCTION
CREATE FUNCTION
CREATE FUNCTION
CREATE FUNCTION
CREATE FUNCTION
CREATE FUNCTION
CREATE FUNCTION
CREATE FUNCTION
CREATE FUNCTION
CREATE FUNCTION
CREATE FUNCTION
CREATE FUNCTION
CREATE FUNCTION
CREATE FUNCTION
CREATE FUNCTION
CREATE FUNCTION
CREATE FUNCTION
CREATE FUNCTION
CREATE FUNCTION
CREATE FUNCTION
CREATE FUNCTION
CREATE FUNCTION
CREATE FUNCTION
CREATE FUNCTION
CREATE FUNCTION
CREATE FUNCTION
CREATE FUNCTION
CREATE FUNCTION
CREATE FUNCTION
CREATE FUNCTION
CREATE FUNCTION
CREATE FUNCTION
CREATE FUNCTION
REVOKE
REVOKE
REVOKE
REVOKE
REVOKE
REVOKE
REVOKE
REVOKE
REVOKE
REVOKE
REVOKE
REVOKE
REVOKE
REVOKE
REVOKE
REVOKE
REVOKE
REVOKE
REVOKE
REVOKE
REVOKE
REVOKE
REVOKE
REVOKE
REVOKE
REVOKE
REVOKE
REVOKE
REVOKE
REVOKE
REVOKE
REVOKE
REVOKE
REVOKE
GRANT
GRANT
GRANT
GRANT
GRANT
GRANT
GRANT
GRANT
GRANT
GRANT
GRANT
GRANT
GRANT
GRANT
GRANT
GRANT
GRANT
GRANT
GRANT
GRANT
GRANT
GRANT
GRANT
REVOKE
REVOKE
REVOKE
REVOKE
REVOKE
REVOKE
GRANT
GRANT
GRANT
GRANT
GRANT
GRANT
COMMIT
BEGIN
SET
CREATE TABLE
CREATE TABLE
ALTER TABLE
ALTER TABLE
REVOKE
REVOKE
CREATE FUNCTION
CREATE FUNCTION
CREATE FUNCTION
CREATE FUNCTION
CREATE FUNCTION
DO
CREATE FUNCTION
CREATE FUNCTION
ALTER TABLE
ALTER TABLE
ALTER FUNCTION
ALTER FUNCTION
ALTER FUNCTION
ALTER FUNCTION
ALTER FUNCTION
ALTER FUNCTION
ALTER FUNCTION
ALTER FUNCTION
REVOKE
REVOKE
REVOKE
REVOKE
REVOKE
REVOKE
REVOKE
REVOKE
GRANT
GRANT
COMMIT
BEGIN
SET
CREATE FUNCTION
ALTER FUNCTION
REVOKE
GRANT
COMMIT
BEGIN
SET
CREATE FUNCTION
CREATE FUNCTION
CREATE FUNCTION
CREATE FUNCTION
ALTER FUNCTION
ALTER FUNCTION
ALTER FUNCTION
ALTER FUNCTION
REVOKE
REVOKE
REVOKE
REVOKE
GRANT
GRANT
GRANT
COMMIT
BEGIN
CREATE FUNCTION
ALTER FUNCTION
REVOKE
GRANT
CREATE FUNCTION
ALTER FUNCTION
REVOKE
CREATE FUNCTION
ALTER FUNCTION
REVOKE
COMMIT
BEGIN
CREATE INDEX
CREATE VIEW
COMMENT
REVOKE
GRANT
COMMIT
BEGIN
SET
ALTER TABLE
NOTICE:  constraint "ops_registration_appointments_recipient_revision_check" of relation "ops_registration_appointments" does not exist, skipping
ALTER TABLE
ALTER TABLE
CREATE TABLE
ALTER TABLE
REVOKE
ALTER TABLE
ALTER TABLE
NOTICE:  identifier "notification_seed_template_payload_without_registration_reminders_v1" will be truncated to "notification_seed_template_payload_without_registration_reminde"
ALTER FUNCTION
CREATE FUNCTION
NOTICE:  identifier "notification_seed_template_payload_without_registration_reminders_v1" will be truncated to "notification_seed_template_payload_without_registration_reminde"
NOTICE:  identifier "notification_seed_template_payload_without_registration_reminders_v1" will be truncated to "notification_seed_template_payload_without_registration_reminde"
LINE 38:   select payload.*
           ^
NOTICE:  identifier "notification_seed_template_payload_without_registration_reminders_v1" will be truncated to "notification_seed_template_payload_without_registration_reminde"
REVOKE
REVOKE
CREATE FUNCTION
CREATE FUNCTION
CREATE FUNCTION
CREATE FUNCTION
CREATE FUNCTION
CREATE FUNCTION
CREATE FUNCTION
CREATE FUNCTION
CREATE FUNCTION
CREATE FUNCTION
CREATE FUNCTION
CREATE FUNCTION
CREATE FUNCTION
CREATE FUNCTION
CREATE FUNCTION
CREATE FUNCTION
CREATE FUNCTION
CREATE FUNCTION
CREATE FUNCTION
CREATE FUNCTION
CREATE FUNCTION
CREATE FUNCTION
ALTER FUNCTION
REVOKE
GRANT
REVOKE
CREATE FUNCTION
CREATE FUNCTION
REVOKE
GRANT
CREATE FUNCTION
CREATE FUNCTION
CREATE FUNCTION
CREATE FUNCTION
CREATE FUNCTION
CREATE FUNCTION
CREATE FUNCTION
CREATE FUNCTION
CREATE FUNCTION
REVOKE
REVOKE
REVOKE
REVOKE
REVOKE
REVOKE
REVOKE
REVOKE
REVOKE
REVOKE
REVOKE
REVOKE
REVOKE
REVOKE
REVOKE
REVOKE
REVOKE
REVOKE
REVOKE
REVOKE
REVOKE
GRANT
REVOKE
GRANT
REVOKE
GRANT
REVOKE
GRANT
REVOKE
GRANT
REVOKE
GRANT
REVOKE
GRANT
REVOKE
GRANT
REVOKE
GRANT
REVOKE
GRANT
REVOKE
GRANT
REVOKE
GRANT
REVOKE
GRANT
REVOKE
GRANT
REVOKE
GRANT
REVOKE
GRANT
CREATE FUNCTION
REVOKE
GRANT
COMMIT
BEGIN
SET
CREATE FUNCTION
CREATE FUNCTION
CREATE FUNCTION
CREATE FUNCTION
CREATE FUNCTION
CREATE FUNCTION
CREATE FUNCTION
ALTER TABLE
ALTER TABLE
DO
CREATE INDEX
CREATE INDEX
CREATE INDEX
CREATE FUNCTION
CREATE FUNCTION
CREATE FUNCTION
CREATE FUNCTION
CREATE FUNCTION
CREATE FUNCTION
CREATE FUNCTION
CREATE FUNCTION
CREATE FUNCTION
CREATE FUNCTION
CREATE FUNCTION
CREATE FUNCTION
CREATE FUNCTION
CREATE FUNCTION
CREATE FUNCTION
CREATE FUNCTION
CREATE FUNCTION
CREATE FUNCTION
CREATE FUNCTION
CREATE FUNCTION
CREATE FUNCTION
CREATE FUNCTION
CREATE FUNCTION
CREATE FUNCTION
CREATE FUNCTION
REVOKE
REVOKE
REVOKE
REVOKE
REVOKE
REVOKE
REVOKE
REVOKE
REVOKE
REVOKE
REVOKE
REVOKE
REVOKE
REVOKE
REVOKE
REVOKE
REVOKE
REVOKE
REVOKE
REVOKE
REVOKE
REVOKE
REVOKE
REVOKE
REVOKE
REVOKE
REVOKE
REVOKE
REVOKE
REVOKE
REVOKE
REVOKE
REVOKE
REVOKE
GRANT
GRANT
GRANT
GRANT
GRANT
GRANT
GRANT
GRANT
GRANT
GRANT
GRANT
COMMIT
BEGIN
SET
CREATE FUNCTION
CREATE FUNCTION
CREATE FUNCTION
CREATE FUNCTION
CREATE FUNCTION
NOTICE:  trigger "write_ops_transition_task_source_v1" for relation "public.ops_tasks" does not exist, skipping
DROP TRIGGER
CREATE TRIGGER
DROP TRIGGER
NOTICE:  trigger "write_ops_transfer_detail_source_v1" for relation "public.ops_transfer_details" does not exist, skipping
CREATE TRIGGER
NOTICE:  trigger "write_ops_withdrawal_detail_source_v1" for relation "public.ops_withdrawal_details" does not exist, skipping
DROP TRIGGER
CREATE TRIGGER
CREATE FUNCTION
CREATE FUNCTION
CREATE FUNCTION
CREATE FUNCTION
CREATE FUNCTION
CREATE FUNCTION
CREATE FUNCTION
CREATE FUNCTION
CREATE FUNCTION
CREATE FUNCTION
CREATE FUNCTION
REVOKE
REVOKE
REVOKE
REVOKE
REVOKE
REVOKE
REVOKE
REVOKE
REVOKE
REVOKE
REVOKE
REVOKE
REVOKE
REVOKE
REVOKE
REVOKE
REVOKE
REVOKE
GRANT
GRANT
GRANT
GRANT
GRANT
GRANT
ALTER FUNCTION
ALTER FUNCTION
ALTER FUNCTION
ALTER FUNCTION
ALTER FUNCTION
ALTER FUNCTION
ALTER FUNCTION
ALTER FUNCTION
ALTER FUNCTION
ALTER FUNCTION
ALTER FUNCTION
ALTER FUNCTION
ALTER FUNCTION
ALTER FUNCTION
ALTER FUNCTION
ALTER FUNCTION
ALTER FUNCTION
ALTER FUNCTION
COMMIT
BEGIN
SET
ALTER TABLE
CREATE INDEX
CREATE TABLE
CREATE TABLE
CREATE TABLE
CREATE TABLE
ALTER TABLE
ALTER TABLE
ALTER TABLE
ALTER TABLE
REVOKE
REVOKE
REVOKE
REVOKE
CREATE FUNCTION
CREATE FUNCTION
CREATE FUNCTION
NOTICE:  trigger "reconcile_makeup_notification_settings_after_write_v1" for relation "public.makeup_notification_settings" does not exist, skipping
DROP TRIGGER
CREATE TRIGGER
CREATE FUNCTION
ALTER FUNCTION
REVOKE
CREATE FUNCTION
ALTER FUNCTION
REVOKE
CREATE FUNCTION
CREATE FUNCTION
CREATE FUNCTION
CREATE FUNCTION
ALTER FUNCTION
REVOKE
CREATE FUNCTION
ALTER FUNCTION
REVOKE
CREATE FUNCTION
CREATE FUNCTION
CREATE FUNCTION
CREATE FUNCTION
CREATE FUNCTION
CREATE FUNCTION
CREATE FUNCTION
CREATE FUNCTION
CREATE FUNCTION
CREATE FUNCTION
CREATE FUNCTION
ALTER FUNCTION
ALTER FUNCTION
ALTER FUNCTION
REVOKE
REVOKE
REVOKE
CREATE FUNCTION
CREATE FUNCTION
CREATE FUNCTION
CREATE FUNCTION
CREATE FUNCTION
CREATE FUNCTION
CREATE FUNCTION
CREATE FUNCTION
CREATE FUNCTION
REVOKE
REVOKE
REVOKE
REVOKE
REVOKE
REVOKE
REVOKE
REVOKE
REVOKE
REVOKE
REVOKE
REVOKE
REVOKE
REVOKE
REVOKE
REVOKE
REVOKE
REVOKE
REVOKE
REVOKE
REVOKE
REVOKE
REVOKE
GRANT
GRANT
GRANT
GRANT
GRANT
GRANT
GRANT
GRANT
GRANT
ALTER FUNCTION
ALTER FUNCTION
ALTER FUNCTION
ALTER FUNCTION
ALTER FUNCTION
ALTER FUNCTION
ALTER FUNCTION
ALTER FUNCTION
ALTER FUNCTION
ALTER FUNCTION
ALTER FUNCTION
ALTER FUNCTION
ALTER FUNCTION
ALTER FUNCTION
ALTER FUNCTION
ALTER FUNCTION
ALTER FUNCTION
ALTER FUNCTION
ALTER FUNCTION
ALTER FUNCTION
ALTER FUNCTION
ALTER FUNCTION
ALTER FUNCTION
COMMIT
BEGIN
SET
ALTER TABLE
ALTER TABLE
NOTICE:  constraint "approval_events_payload_object_check" of relation "approval_events" does not exist, skipping
ALTER TABLE
ALTER TABLE
NOTICE:  constraint "approval_comments_payload_object_check" of relation "approval_comments" does not exist, skipping
ALTER TABLE
ALTER TABLE
ALTER TABLE
ALTER TABLE
CREATE INDEX
CREATE INDEX
CREATE FUNCTION
CREATE FUNCTION
CREATE FUNCTION
DROP TRIGGER
NOTICE:  trigger "write_approval_notification_event_v2" for relation "public.approval_requests" does not exist, skipping
DROP TRIGGER
CREATE TRIGGER
NOTICE:  trigger "write_approval_comment_notification_v2" for relation "public.approval_comments" does not exist, skipping
DROP TRIGGER
CREATE TRIGGER
CREATE FUNCTION
CREATE FUNCTION
CREATE FUNCTION
CREATE FUNCTION
CREATE FUNCTION
CREATE FUNCTION
CREATE FUNCTION
CREATE FUNCTION
CREATE FUNCTION
CREATE FUNCTION
CREATE FUNCTION
CREATE FUNCTION
CREATE FUNCTION
CREATE FUNCTION
CREATE FUNCTION
CREATE FUNCTION
REVOKE
GRANT
DROP POLICY
NOTICE:  policy "approval_requests_delete_closed_admin_v2" for relation "public.approval_requests" does not exist, skipping
CREATE POLICY
GRANT
GRANT
REVOKE
REVOKE
REVOKE
REVOKE
REVOKE
REVOKE
REVOKE
REVOKE
REVOKE
REVOKE
REVOKE
REVOKE
REVOKE
REVOKE
REVOKE
REVOKE
REVOKE
REVOKE
REVOKE
GRANT
GRANT
GRANT
GRANT
GRANT
COMMIT
BEGIN
SET
ALTER TABLE
ALTER TABLE
NOTICE:  constraint "ops_registration_consultations_recipient_revision_check" of relation "ops_registration_consultations" does not exist, skipping
ALTER TABLE
CREATE TABLE
CREATE FUNCTION
CREATE FUNCTION
CREATE FUNCTION
CREATE FUNCTION
CREATE FUNCTION
CREATE FUNCTION
CREATE FUNCTION
NOTICE:  trigger "bump_registration_phone_recipient_revision_v1" for relation "public.ops_registration_consultations" does not exist, skipping
DROP TRIGGER
CREATE TRIGGER
CREATE FUNCTION
NOTICE:  trigger "write_registration_phone_queue_event_v1" for relation "public.ops_registration_consultations" does not exist, skipping
DROP TRIGGER
CREATE TRIGGER
CREATE FUNCTION
DROP TRIGGER
NOTICE:  trigger "remove_registration_phone_direct_projection_v1" for relation "public.dashboard_notifications" does not exist, skipping
CREATE TRIGGER
CREATE FUNCTION
CREATE FUNCTION
CREATE FUNCTION
CREATE FUNCTION
CREATE FUNCTION
CREATE FUNCTION
CREATE FUNCTION
CREATE FUNCTION
CREATE FUNCTION
CREATE FUNCTION
CREATE FUNCTION
CREATE FUNCTION
CREATE FUNCTION
CREATE FUNCTION
CREATE FUNCTION
CREATE FUNCTION
CREATE FUNCTION
CREATE FUNCTION
CREATE FUNCTION
REVOKE
REVOKE
REVOKE
REVOKE
REVOKE
REVOKE
REVOKE
REVOKE
REVOKE
REVOKE
REVOKE
REVOKE
REVOKE
REVOKE
REVOKE
REVOKE
REVOKE
REVOKE
REVOKE
REVOKE
REVOKE
REVOKE
REVOKE
REVOKE
REVOKE
REVOKE
REVOKE
REVOKE
GRANT
GRANT
GRANT
GRANT
GRANT
GRANT
GRANT
GRANT
GRANT
GRANT
GRANT
GRANT
GRANT
GRANT
GRANT
GRANT
GRANT
ALTER FUNCTION
ALTER FUNCTION
ALTER FUNCTION
ALTER FUNCTION
ALTER FUNCTION
ALTER FUNCTION
ALTER FUNCTION
ALTER FUNCTION
ALTER FUNCTION
ALTER FUNCTION
ALTER FUNCTION
ALTER FUNCTION
ALTER FUNCTION
ALTER FUNCTION
ALTER FUNCTION
ALTER FUNCTION
ALTER FUNCTION
ALTER FUNCTION
ALTER FUNCTION
ALTER FUNCTION
ALTER FUNCTION
ALTER FUNCTION
ALTER FUNCTION
ALTER FUNCTION
ALTER FUNCTION
ALTER FUNCTION
ALTER FUNCTION
ALTER FUNCTION
COMMIT
BEGIN
SET
NOTICE:  schema "dashboard_private" already exists, skipping
CREATE SCHEMA
CREATE TABLE
CREATE TABLE
CREATE TABLE
CREATE TABLE
CREATE INDEX
CREATE INDEX
CREATE INDEX
ALTER TABLE
ALTER TABLE
ALTER TABLE
ALTER TABLE
REVOKE
REVOKE
REVOKE
REVOKE
REVOKE
GRANT
CREATE FUNCTION
CREATE FUNCTION
CREATE FUNCTION
CREATE FUNCTION
CREATE FUNCTION
CREATE FUNCTION
CREATE FUNCTION
CREATE FUNCTION
CREATE FUNCTION
CREATE FUNCTION
CREATE FUNCTION
CREATE FUNCTION
ALTER FUNCTION
ALTER FUNCTION
ALTER FUNCTION
ALTER FUNCTION
ALTER FUNCTION
ALTER FUNCTION
ALTER FUNCTION
ALTER FUNCTION
ALTER FUNCTION
ALTER FUNCTION
ALTER FUNCTION
ALTER FUNCTION
REVOKE
REVOKE
REVOKE
REVOKE
REVOKE
REVOKE
REVOKE
REVOKE
REVOKE
REVOKE
REVOKE
REVOKE
GRANT
GRANT
GRANT
GRANT
GRANT
GRANT
GRANT
GRANT
GRANT
COMMIT
BEGIN
CREATE FUNCTION
CREATE FUNCTION
REVOKE
REVOKE
GRANT
COMMIT
BEGIN
CREATE FUNCTION
ALTER FUNCTION
REVOKE
NOTICE:  trigger "notification_rule_reconciliation_complete_immediate_v1" for relation "dashboard_private.notification_rule_reconciliation_jobs" does not exist, skipping
DROP TRIGGER
CREATE TRIGGER
COMMIT
BEGIN
CREATE FUNCTION
ALTER FUNCTION
REVOKE
COMMIT
BEGIN
CREATE FUNCTION
CREATE FUNCTION
ALTER FUNCTION
REVOKE
GRANT
ALTER FUNCTION
REVOKE
GRANT
CREATE FUNCTION
ALTER FUNCTION
REVOKE
GRANT
CREATE FUNCTION
ALTER FUNCTION
REVOKE
GRANT
COMMIT
BEGIN
SET
CREATE FUNCTION
CREATE FUNCTION
ALTER FUNCTION
ALTER FUNCTION
REVOKE
REVOKE
COMMIT
BEGIN
SET
CREATE FUNCTION
CREATE FUNCTION
CREATE FUNCTION
CREATE FUNCTION
CREATE FUNCTION
CREATE FUNCTION
CREATE FUNCTION
CREATE FUNCTION
ALTER FUNCTION
ALTER FUNCTION
ALTER FUNCTION
ALTER FUNCTION
ALTER FUNCTION
ALTER FUNCTION
ALTER FUNCTION
ALTER FUNCTION
REVOKE
REVOKE
REVOKE
REVOKE
REVOKE
REVOKE
REVOKE
REVOKE
GRANT
GRANT
GRANT
GRANT
DROP POLICY
NOTICE:  policy "makeup_requests_assistant_hard_deny" for relation "public.makeup_requests" does not exist, skipping
CREATE POLICY
DROP POLICY
NOTICE:  policy "makeup_request_events_assistant_hard_deny" for relation "public.makeup_request_events" does not exist, skipping
CREATE POLICY
NOTICE:  policy "makeup_notification_settings_assistant_hard_deny" for relation "public.makeup_notification_settings" does not exist, skipping
DROP POLICY
CREATE POLICY
NOTICE:  policy "makeup_notification_deliveries_assistant_hard_deny" for relation "public.makeup_notification_deliveries" does not exist, skipping
DROP POLICY
CREATE POLICY
NOTICE:  policy "dashboard_notifications_assistant_makeup_hard_deny" for relation "public.dashboard_notifications" does not exist, skipping
DROP POLICY
CREATE POLICY
CREATE FUNCTION
CREATE FUNCTION
CREATE FUNCTION
DROP TRIGGER
NOTICE:  trigger "reject_assistant_makeup_request_dml_v1" for relation "public.makeup_requests" does not exist, skipping
CREATE TRIGGER
ALTER FUNCTION
ALTER FUNCTION
ALTER FUNCTION
ALTER FUNCTION
ALTER FUNCTION
ALTER FUNCTION
CREATE FUNCTION
CREATE FUNCTION
CREATE FUNCTION
ALTER FUNCTION
ALTER FUNCTION
ALTER FUNCTION
ALTER FUNCTION
ALTER FUNCTION
ALTER FUNCTION
ALTER FUNCTION
ALTER FUNCTION
REVOKE
REVOKE
REVOKE
REVOKE
REVOKE
REVOKE
REVOKE
REVOKE
GRANT
GRANT
GRANT
COMMIT
BEGIN
SET
ALTER POLICY
ALTER POLICY
ALTER POLICY
ALTER POLICY
ALTER POLICY
COMMIT
BEGIN
SET
NOTICE:  schema "dashboard_private" already exists, skipping
CREATE SCHEMA
CREATE FUNCTION
CREATE TABLE
CREATE INDEX
CREATE TABLE
CREATE TRIGGER
CREATE TRIGGER
CREATE FUNCTION
CREATE FUNCTION
CREATE FUNCTION
ALTER FUNCTION
ALTER FUNCTION
ALTER FUNCTION
ALTER FUNCTION
ALTER TABLE
ALTER TABLE
REVOKE
REVOKE
REVOKE
REVOKE
REVOKE
REVOKE
GRANT
GRANT
COMMIT
BEGIN
CREATE FUNCTION
NOTICE:  constraint "classroom_catalogs_subjects_membership_check" of relation "classroom_catalogs" does not exist, skipping
ALTER TABLE
ALTER TABLE
COMMIT
BEGIN
SET
ALTER TABLE
ALTER TABLE
CREATE FUNCTION
CREATE FUNCTION
CREATE FUNCTION
CREATE FUNCTION
CREATE FUNCTION
CREATE FUNCTION
CREATE FUNCTION
CREATE FUNCTION
CREATE FUNCTION
CREATE FUNCTION
CREATE FUNCTION
CREATE FUNCTION
CREATE FUNCTION
CREATE FUNCTION
CREATE VIEW
CREATE FUNCTION
CREATE FUNCTION
CREATE FUNCTION
CREATE FUNCTION
CREATE FUNCTION
CREATE FUNCTION
CREATE FUNCTION
CREATE FUNCTION
CREATE FUNCTION
CREATE FUNCTION
CREATE FUNCTION
ALTER FUNCTION
REVOKE
GRANT
CREATE FUNCTION
CREATE FUNCTION
CREATE FUNCTION
CREATE FUNCTION
CREATE FUNCTION
ALTER FUNCTION
ALTER FUNCTION
ALTER FUNCTION
ALTER FUNCTION
ALTER FUNCTION
ALTER FUNCTION
ALTER FUNCTION
ALTER FUNCTION
ALTER FUNCTION
ALTER FUNCTION
ALTER FUNCTION
ALTER FUNCTION
ALTER FUNCTION
ALTER FUNCTION
ALTER FUNCTION
ALTER FUNCTION
ALTER FUNCTION
ALTER FUNCTION
ALTER FUNCTION
ALTER FUNCTION
ALTER FUNCTION
ALTER FUNCTION
ALTER FUNCTION
ALTER FUNCTION
ALTER FUNCTION
ALTER FUNCTION
ALTER FUNCTION
ALTER FUNCTION
ALTER FUNCTION
ALTER FUNCTION
ALTER VIEW
REVOKE
REVOKE
REVOKE
REVOKE
REVOKE
REVOKE
REVOKE
REVOKE
GRANT
REVOKE
GRANT
REVOKE
REVOKE
REVOKE
REVOKE
REVOKE
REVOKE
REVOKE
REVOKE
REVOKE
REVOKE
REVOKE
REVOKE
REVOKE
REVOKE
GRANT
REVOKE
GRANT
REVOKE
GRANT
REVOKE
GRANT
REVOKE
GRANT
REVOKE
GRANT
REVOKE
GRANT
REVOKE
GRANT
REVOKE
GRANT
COMMIT
BEGIN
SET
NOTICE:  column "subject_area_key" of relation "classes" already exists, skipping
ALTER TABLE
ALTER TABLE
NOTICE:  column "subject_area_key" of relation "textbooks" already exists, skipping
NOTICE:  column "subject_area_subject" of relation "textbooks" already exists, skipping
ALTER TABLE
ALTER TABLE
DO
CREATE FUNCTION
NOTICE:  trigger "enforce_science_subject_area_on_classes" for relation "public.classes" does not exist, skipping
DROP TRIGGER
CREATE TRIGGER
DROP TRIGGER
NOTICE:  trigger "enforce_science_subject_area_on_textbooks" for relation "public.textbooks" does not exist, skipping
CREATE TRIGGER
CREATE FUNCTION
ALTER FUNCTION
ALTER FUNCTION
REVOKE
REVOKE
GRANT
COMMIT
BEGIN
SET
ALTER TABLE
ALTER TABLE
CREATE FUNCTION
CREATE FUNCTION
CREATE FUNCTION
CREATE FUNCTION
CREATE FUNCTION
CREATE FUNCTION
CREATE FUNCTION
CREATE FUNCTION
CREATE FUNCTION
CREATE FUNCTION
CREATE FUNCTION
CREATE FUNCTION
ALTER FUNCTION
ALTER FUNCTION
REVOKE
REVOKE
REVOKE
REVOKE
REVOKE
REVOKE
REVOKE
REVOKE
REVOKE
REVOKE
GRANT
GRANT
COMMIT
BEGIN
SET
SET
SET
ALTER FUNCTION
REVOKE
GRANT
COMMIT
BEGIN
SET
CREATE FUNCTION
CREATE FUNCTION
REVOKE
REVOKE
GRANT
COMMIT
BEGIN
SET
CREATE FUNCTION
CREATE FUNCTION
ALTER FUNCTION
ALTER FUNCTION
REVOKE
GRANT
REVOKE
GRANT
COMMIT
BEGIN
SET
CREATE FUNCTION
ALTER FUNCTION
REVOKE
COMMIT
BEGIN
SET
SET
CREATE TABLE
CREATE TABLE
CREATE FUNCTION
CREATE FUNCTION
CREATE FUNCTION
CREATE FUNCTION
CREATE FUNCTION
CREATE FUNCTION
CREATE FUNCTION
CREATE FUNCTION
CREATE FUNCTION
CREATE FUNCTION
CREATE FUNCTION
CREATE FUNCTION
CREATE FUNCTION
CREATE FUNCTION
CREATE FUNCTION
CREATE FUNCTION
CREATE FUNCTION
CREATE FUNCTION
CREATE FUNCTION
CREATE FUNCTION
CREATE FUNCTION
CREATE FUNCTION
CREATE FUNCTION
CREATE FUNCTION
CREATE FUNCTION
CREATE FUNCTION
CREATE FUNCTION
CREATE FUNCTION
CREATE FUNCTION
CREATE FUNCTION
CREATE FUNCTION
CREATE FUNCTION
CREATE FUNCTION
CREATE FUNCTION
CREATE FUNCTION
CREATE FUNCTION
NOTICE:  trigger "guard_dashboard_conflict_task_delete" for relation "public.ops_tasks" does not exist, skipping
DROP TRIGGER
CREATE TRIGGER
REVOKE
REVOKE
REVOKE
REVOKE
REVOKE
REVOKE
REVOKE
REVOKE
REVOKE
REVOKE
REVOKE
REVOKE
REVOKE
REVOKE
REVOKE
REVOKE
REVOKE
REVOKE
REVOKE
REVOKE
REVOKE
REVOKE
REVOKE
REVOKE
REVOKE
REVOKE
REVOKE
REVOKE
REVOKE
REVOKE
REVOKE
REVOKE
REVOKE
REVOKE
GRANT
GRANT
GRANT
GRANT
REVOKE
REVOKE
REVOKE
REVOKE
GRANT
GRANT
GRANT
GRANT
COMMIT
BEGIN
SET
SET
ALTER TABLE
CREATE FUNCTION
CREATE TABLE
CREATE FUNCTION
NOTICE:  trigger "clear_word_retest_expected_at_on_retry_link" for relation "public.ops_word_retests" does not exist, skipping
DROP TRIGGER
CREATE TRIGGER
CREATE FUNCTION
NOTICE:  trigger "word_retest_expected_only_parent_update_guard" for relation "public.ops_tasks" does not exist, skipping
DROP TRIGGER
CREATE TRIGGER
NOTICE:  trigger "word_retest_expected_only_parent_delete_guard" for relation "public.ops_tasks" does not exist, skipping
DROP TRIGGER
CREATE TRIGGER
NOTICE:  trigger "word_retest_expected_only_detail_update_guard" for relation "public.ops_word_retests" does not exist, skipping
DROP TRIGGER
CREATE TRIGGER
CREATE FUNCTION
CREATE FUNCTION
REVOKE
REVOKE
REVOKE
REVOKE
REVOKE
GRANT
COMMIT
BEGIN
SET
SET
NOTICE:  schema "dashboard_private" already exists, skipping
NOTICE:  column "schedule_revision" of relation "classes" already exists, skipping
NOTICE:  column "schedule_storage_mode" of relation "classes" already exists, skipping
NOTICE:  column "closed_at" of relation "classes" already exists, skipping
NOTICE:  column "closed_by" of relation "classes" already exists, skipping
CREATE SCHEMA
ALTER TABLE
DO
CREATE TABLE
CREATE INDEX
DO
CREATE TABLE
CREATE INDEX
CREATE INDEX
CREATE INDEX
DO
CREATE TABLE
CREATE FUNCTION
REVOKE
REVOKE
GRANT
ALTER TABLE
ALTER TABLE
DROP POLICY
NOTICE:  policy "class_schedule_slots_authenticated_select" for relation "public.class_schedule_slots" does not exist, skipping
CREATE POLICY
DROP POLICY
NOTICE:  policy "class_lesson_sessions_authenticated_select" for relation "public.class_lesson_sessions" does not exist, skipping
CREATE POLICY
REVOKE
GRANT
NOTICE:  trigger "dashboard_audit_class_schedule_slots" for relation "public.class_schedule_slots" does not exist, skipping
DROP TRIGGER
CREATE TRIGGER
NOTICE:  trigger "dashboard_audit_class_lesson_sessions" for relation "public.class_lesson_sessions" does not exist, skipping
DROP TRIGGER
CREATE TRIGGER
COMMIT
BEGIN
SET
SET
ALTER TABLE
CREATE INDEX
DROP POLICY
REVOKE
CREATE TABLE
CREATE TABLE
CREATE INDEX
REVOKE
REVOKE
CREATE FUNCTION
REVOKE
GRANT
CREATE FUNCTION
CREATE FUNCTION
REVOKE
NOTICE:  trigger "continuous_class_schedule_slots_direct_write_guard" for relation "public.class_schedule_slots" does not exist, skipping
DROP TRIGGER
CREATE TRIGGER
NOTICE:  trigger "continuous_class_lesson_sessions_direct_write_guard" for relation "public.class_lesson_sessions" does not exist, skipping
DROP TRIGGER
CREATE TRIGGER
COMMIT
BEGIN
SET
SET
ALTER TABLE
CREATE INDEX
CREATE FUNCTION
CREATE FUNCTION
CREATE FUNCTION
CREATE FUNCTION
CREATE FUNCTION
CREATE FUNCTION
CREATE FUNCTION
CREATE FUNCTION
CREATE FUNCTION
CREATE FUNCTION
CREATE FUNCTION
CREATE FUNCTION
CREATE FUNCTION
CREATE FUNCTION
CREATE FUNCTION
CREATE FUNCTION
CREATE FUNCTION
CREATE FUNCTION
CREATE FUNCTION
CREATE FUNCTION
CREATE FUNCTION
CREATE FUNCTION
CREATE FUNCTION
REVOKE
REVOKE
REVOKE
REVOKE
REVOKE
REVOKE
REVOKE
REVOKE
REVOKE
REVOKE
REVOKE
REVOKE
REVOKE
REVOKE
REVOKE
REVOKE
REVOKE
REVOKE
REVOKE
REVOKE
REVOKE
REVOKE
REVOKE
GRANT
GRANT
GRANT
GRANT
GRANT
GRANT
GRANT
GRANT
GRANT
GRANT
GRANT
GRANT
COMMIT
ALTER TABLE
CREATE INDEX
CREATE FUNCTION
CREATE FUNCTION
DROP TRIGGER
NOTICE:  trigger "ops_registration_enrollments_sync_lesson_session" for relation "public.ops_registration_enrollments" does not exist, skipping
CREATE TRIGGER
ALTER FUNCTION
CREATE FUNCTION
CREATE FUNCTION
REVOKE
ALTER FUNCTION
REVOKE
REVOKE
GRANT
REVOKE
GRANT
ALTER TABLE
CREATE INDEX
CREATE FUNCTION
CREATE FUNCTION
ALTER FUNCTION
ALTER FUNCTION
CREATE FUNCTION
CREATE FUNCTION
ALTER FUNCTION
CREATE FUNCTION
ALTER FUNCTION
ALTER FUNCTION
ALTER FUNCTION
ALTER FUNCTION
ALTER FUNCTION
REVOKE
REVOKE
REVOKE
REVOKE
REVOKE
BEGIN
SET
SET
ALTER TABLE
CREATE FUNCTION
CREATE FUNCTION
CREATE FUNCTION
CREATE FUNCTION
CREATE FUNCTION
CREATE FUNCTION
CREATE FUNCTION
CREATE FUNCTION
CREATE FUNCTION
REVOKE
REVOKE
REVOKE
REVOKE
REVOKE
REVOKE
REVOKE
REVOKE
REVOKE
GRANT
GRANT
GRANT
COMMIT
BEGIN
SET
SET
COMMIT
BEGIN
SET
SET
CREATE FUNCTION
REVOKE
COMMIT
BEGIN
SET
SET
CREATE FUNCTION
CREATE FUNCTION
CREATE FUNCTION
NOTICE:  trigger "class_active_group_membership_required_on_classes" for relation "public.classes" does not exist, skipping
DROP TRIGGER
CREATE TRIGGER
NOTICE:  trigger "class_active_group_membership_required_on_members" for relation "public.class_schedule_sync_group_members" does not exist, skipping
DROP TRIGGER
CREATE TRIGGER
ALTER FUNCTION
ALTER FUNCTION
ALTER FUNCTION
REVOKE
REVOKE
REVOKE
GRANT
GRANT
COMMIT
BEGIN
SET
SET
CREATE FUNCTION
ALTER FUNCTION
REVOKE
COMMIT
BEGIN
SET
SET
REVOKE
REVOKE
GRANT
GRANT
COMMIT
BEGIN
SET
CREATE FUNCTION
ALTER FUNCTION
REVOKE
COMMIT
BEGIN
SET
CREATE FUNCTION
CREATE FUNCTION
ALTER FUNCTION
REVOKE
ALTER FUNCTION
REVOKE
GRANT
COMMIT
BEGIN
SET
CREATE FUNCTION
ALTER FUNCTION
REVOKE
COMMIT
BEGIN
SET
ALTER TABLE
ALTER TABLE
NOTICE:  constraint "ops_registration_subject_tracks_workflow_status_check" of relation "ops_registration_subject_tracks" does not exist, skipping
NOTICE:  constraint "ops_registration_subject_tracks_workflow_revision_check" of relation "ops_registration_subject_tracks" does not exist, skipping
ALTER TABLE
CREATE INDEX
CREATE VIEW
CREATE FUNCTION
ALTER FUNCTION
REVOKE
CREATE FUNCTION
ALTER FUNCTION
REVOKE
GRANT
CREATE FUNCTION
ALTER FUNCTION
REVOKE
GRANT
COMMIT
BEGIN
SET
CREATE FUNCTION
CREATE FUNCTION
REVOKE
GRANT
CREATE FUNCTION
CREATE FUNCTION
REVOKE
GRANT
CREATE FUNCTION
CREATE FUNCTION
REVOKE
GRANT
COMMIT
BEGIN
SET
ALTER TABLE
ALTER TABLE
CREATE VIEW
CREATE FUNCTION
CREATE FUNCTION
REVOKE
GRANT
COMMIT
BEGIN
SET
NOTICE:  identifier "ops_registration_subject_tracks_enrollment_detail_rows_array_check" will be truncated to "ops_registration_subject_tracks_enrollment_detail_rows_array_ch"
ALTER TABLE
CREATE FUNCTION
CREATE FUNCTION
REVOKE
GRANT
COMMIT
BEGIN
CREATE FUNCTION
ALTER FUNCTION
REVOKE
COMMIT
BEGIN
SET
CREATE FUNCTION
ALTER FUNCTION
REVOKE
GRANT
CREATE FUNCTION
ALTER FUNCTION
REVOKE
GRANT
ALTER FUNCTION
ALTER FUNCTION
ALTER FUNCTION
CREATE FUNCTION
ALTER FUNCTION
REVOKE
GRANT
COMMIT
BEGIN
SET
CREATE FUNCTION
ALTER FUNCTION
REVOKE
GRANT
COMMIT
BEGIN
SET
CREATE VIEW
REVOKE
GRANT
COMMIT
BEGIN
SET
SET
CREATE SCHEMA
NOTICE:  schema "dashboard_private" already exists, skipping
CREATE TABLE
CREATE INDEX
CREATE INDEX
CREATE INDEX
CREATE INDEX
CREATE INDEX
CREATE TABLE
CREATE INDEX
CREATE INDEX
CREATE INDEX
CREATE INDEX
CREATE INDEX
CREATE INDEX
CREATE TABLE
CREATE TABLE
CREATE TRIGGER
CREATE TRIGGER
ALTER TABLE
ALTER TABLE
ALTER TABLE
ALTER TABLE
REVOKE
REVOKE
REVOKE
REVOKE
COMMIT
BEGIN
SET
SET
ALTER TABLE
ALTER TABLE
CREATE FUNCTION
ALTER FUNCTION
REVOKE
CREATE FUNCTION
ALTER FUNCTION
REVOKE
CREATE FUNCTION
ALTER FUNCTION
REVOKE
CREATE FUNCTION
ALTER FUNCTION
REVOKE
CREATE FUNCTION
ALTER FUNCTION
REVOKE
CREATE FUNCTION
ALTER FUNCTION
REVOKE
CREATE FUNCTION
ALTER FUNCTION
REVOKE
CREATE FUNCTION
ALTER FUNCTION
REVOKE
CREATE FUNCTION
ALTER FUNCTION
REVOKE
CREATE FUNCTION
ALTER FUNCTION
REVOKE
CREATE FUNCTION
ALTER FUNCTION
REVOKE
GRANT
CREATE FUNCTION
ALTER FUNCTION
REVOKE
GRANT
CREATE FUNCTION
ALTER FUNCTION
REVOKE
GRANT
CREATE FUNCTION
ALTER FUNCTION
REVOKE
GRANT
CREATE FUNCTION
ALTER FUNCTION
REVOKE
GRANT
CREATE FUNCTION
ALTER FUNCTION
REVOKE
GRANT
CREATE FUNCTION
ALTER FUNCTION
REVOKE
GRANT
CREATE FUNCTION
ALTER FUNCTION
REVOKE
GRANT
CREATE FUNCTION
ALTER FUNCTION
REVOKE
GRANT
CREATE FUNCTION
ALTER FUNCTION
REVOKE
GRANT
COMMIT
BEGIN
SET
SET
CREATE FUNCTION
ALTER FUNCTION
REVOKE
CREATE FUNCTION
ALTER FUNCTION
REVOKE
CREATE FUNCTION
ALTER FUNCTION
REVOKE
CREATE FUNCTION
ALTER FUNCTION
REVOKE
CREATE FUNCTION
ALTER FUNCTION
REVOKE
CREATE TRIGGER
CREATE FUNCTION
ALTER FUNCTION
REVOKE
GRANT
CREATE FUNCTION
ALTER FUNCTION
REVOKE
GRANT
CREATE FUNCTION
ALTER FUNCTION
REVOKE
GRANT
CREATE FUNCTION
ALTER FUNCTION
REVOKE
GRANT
CREATE FUNCTION
ALTER FUNCTION
REVOKE
GRANT
COMMIT
BEGIN
SET
SET CONSTRAINTS
COMMIT
BEGIN
SET
CREATE FUNCTION
CREATE FUNCTION
ALTER FUNCTION
ALTER FUNCTION
REVOKE
COMMIT
BEGIN
SET
SET
CREATE INDEX
CREATE INDEX
CREATE INDEX
ALTER FUNCTION
REVOKE
CREATE FUNCTION
ALTER FUNCTION
REVOKE
ALTER FUNCTION
ALTER FUNCTION
REVOKE
CREATE FUNCTION
ALTER FUNCTION
REVOKE
GRANT
CREATE FUNCTION
ALTER FUNCTION
REVOKE
GRANT
COMMIT
WARNING:  SET LOCAL can only be used in transaction blocks
WARNING:  SET LOCAL can only be used in transaction blocks
SET
SET
CREATE FUNCTION
REVOKE
GRANT
BEGIN
SET
SET
CREATE FUNCTION
ALTER FUNCTION
REVOKE
COMMIT
BEGIN
SET
SET
CREATE FUNCTION
CREATE FUNCTION
CREATE FUNCTION
CREATE FUNCTION
CREATE FUNCTION
ALTER FUNCTION
REVOKE
ALTER FUNCTION
REVOKE
GRANT
ALTER FUNCTION
REVOKE
GRANT
ALTER FUNCTION
REVOKE
GRANT
ALTER FUNCTION
REVOKE
GRANT
COMMIT
BEGIN
SET
SET
CREATE FUNCTION
ALTER FUNCTION
REVOKE
GRANT
COMMIT
BEGIN
SET
SET
CREATE VIEW
REVOKE
GRANT
CREATE FUNCTION
ALTER FUNCTION
REVOKE
GRANT
COMMIT
BEGIN
CREATE FUNCTION
REVOKE
GRANT
COMMIT
BEGIN
SET
SET
NOTICE:  extension "pg_cron" already exists, skipping
CREATE EXTENSION
NOTICE:  extension "pg_net" already exists, skipping
CREATE EXTENSION
CREATE TABLE
CREATE TABLE
CREATE INDEX
CREATE INDEX
CREATE TABLE
ALTER TABLE
ALTER TABLE
ALTER TABLE
REVOKE
REVOKE
REVOKE
CREATE TRIGGER
CREATE TRIGGER
ALTER TABLE
ALTER TABLE
ALTER TABLE
DROP INDEX
CREATE INDEX
CREATE INDEX
CREATE FUNCTION
ALTER FUNCTION
REVOKE
CREATE FUNCTION
ALTER FUNCTION
REVOKE
GRANT
CREATE FUNCTION
ALTER FUNCTION
REVOKE
GRANT
CREATE FUNCTION
ALTER FUNCTION
REVOKE
CREATE FUNCTION
ALTER FUNCTION
REVOKE
GRANT
CREATE FUNCTION
ALTER FUNCTION
REVOKE
GRANT
CREATE FUNCTION
ALTER FUNCTION
REVOKE
GRANT
CREATE FUNCTION
ALTER FUNCTION
REVOKE
GRANT
CREATE FUNCTION
ALTER FUNCTION
REVOKE
GRANT
ALTER FUNCTION
ALTER FUNCTION
REVOKE
CREATE FUNCTION
ALTER FUNCTION
REVOKE
GRANT
CREATE FUNCTION
ALTER FUNCTION
REVOKE
GRANT
CREATE FUNCTION
ALTER FUNCTION
REVOKE
CREATE FUNCTION
ALTER FUNCTION
REVOKE
CREATE FUNCTION
ALTER FUNCTION
REVOKE
CREATE FUNCTION
ALTER FUNCTION
REVOKE
GRANT
COMMIT
BEGIN
SET
SET
CREATE INDEX
CREATE INDEX
CREATE INDEX
CREATE INDEX
COMMIT
BEGIN
SET
SET
CREATE FUNCTION
ALTER FUNCTION
REVOKE
GRANT
COMMIT
BEGIN
SET
SET
CREATE FUNCTION
ALTER FUNCTION
REVOKE
GRANT
COMMIT
BEGIN
SET
SET
CREATE FUNCTION
ALTER FUNCTION
REVOKE
CREATE FUNCTION
ALTER FUNCTION
REVOKE
CREATE FUNCTION
ALTER FUNCTION
REVOKE
ALTER TABLE
CREATE FUNCTION
ALTER FUNCTION
REVOKE
GRANT
COMMIT
CREATE FUNCTION
ALTER FUNCTION
REVOKE
GRANT
COMMENT
CREATE FUNCTION
ALTER FUNCTION
REVOKE
CREATE FUNCTION
ALTER FUNCTION
REVOKE
CREATE FUNCTION
ALTER FUNCTION
REVOKE
NOTICE:  trigger "sync_registration_customer_reminder_cron_active" for relation "dashboard_private.registration_customer_reminder_settings" does not exist, skipping
DROP TRIGGER
CREATE TRIGGER
CREATE FUNCTION
ALTER FUNCTION
REVOKE
CREATE FUNCTION
ALTER FUNCTION
REVOKE
GRANT
CREATE FUNCTION
ALTER FUNCTION
REVOKE
GRANT
DROP POLICY
NOTICE:  policy "classes_dashboard_select" for relation "public.classes" does not exist, skipping
DROP POLICY
NOTICE:  policy "classes_dashboard_write" for relation "public.classes" does not exist, skipping
DROP POLICY
DROP POLICY
CREATE POLICY
CREATE POLICY
CREATE POLICY
CREATE POLICY
DROP POLICY
NOTICE:  policy "textbooks_staff_write" for relation "public.textbooks" does not exist, skipping
DROP POLICY
DROP POLICY
CREATE POLICY
CREATE POLICY
CREATE POLICY
CREATE POLICY
DROP POLICY
DROP POLICY
NOTICE:  policy "profiles_delete_staff" for relation "public.profiles" does not exist, skipping
DROP POLICY
NOTICE:  policy "profiles_insert_staff" for relation "public.profiles" does not exist, skipping
DROP POLICY
NOTICE:  policy "profiles_select_self_or_staff" for relation "public.profiles" does not exist, skipping
DROP POLICY
DROP POLICY
DROP POLICY
DROP POLICY
DROP POLICY
NOTICE:  policy "users can read their own profile" for relation "public.profiles" does not exist, skipping
DROP POLICY
NOTICE:  policy "profiles_update_self_or_staff" for relation "public.profiles" does not exist, skipping
NOTICE:  policy "users can update their own profile" for relation "public.profiles" does not exist, skipping
DROP POLICY
CREATE POLICY
CREATE POLICY
CREATE POLICY
CREATE POLICY
DROP POLICY
DROP POLICY
DROP POLICY
DROP POLICY
CREATE POLICY
CREATE POLICY
CREATE POLICY
CREATE POLICY
CREATE FUNCTION
ALTER FUNCTION
REVOKE
GRANT
CREATE FUNCTION
ALTER FUNCTION
REVOKE
GRANT
DROP POLICY
CREATE POLICY
DROP POLICY
CREATE POLICY
DROP POLICY
CREATE POLICY
DROP POLICY
CREATE POLICY
DROP POLICY
CREATE POLICY
DROP POLICY
CREATE POLICY
DROP POLICY
CREATE POLICY
DROP POLICY
CREATE POLICY
BEGIN
CREATE FUNCTION
CREATE FUNCTION
ALTER FUNCTION
ALTER FUNCTION
REVOKE
REVOKE
GRANT
GRANT
COMMENT
COMMENT
COMMIT
BEGIN
SET
SET
ALTER TABLE
NOTICE:  identifier "ops_registration_subject_tracks_observation_return_workflow_status_check" will be truncated to "ops_registration_subject_tracks_observation_return_workflow_sta"
NOTICE:  identifier "ops_registration_subject_tracks_observation_return_workflow_pair_check" will be truncated to "ops_registration_subject_tracks_observation_return_workflow_pai"
ALTER TABLE
ALTER TABLE
ALTER TABLE
CREATE TABLE
CREATE TABLE
CREATE INDEX
CREATE INDEX
CREATE INDEX
CREATE INDEX
CREATE INDEX
CREATE INDEX
CREATE INDEX
CREATE INDEX
CREATE INDEX
CREATE INDEX
CREATE INDEX
CREATE INDEX
CREATE INDEX
CREATE TABLE
CREATE INDEX
NOTICE:  identifier "registration_observation_domain_events_source_revision_shape_check" will be truncated to "registration_observation_domain_events_source_revision_shape_ch"
CREATE TABLE
CREATE INDEX
CREATE INDEX
CREATE INDEX
ALTER TABLE
CREATE FUNCTION
ALTER FUNCTION
REVOKE
GRANT
NOTICE:  policy "ops_registration_observations_select" for relation "public.ops_registration_observations" does not exist, skipping
DROP POLICY
CREATE POLICY
CREATE FUNCTION
CREATE FUNCTION
CREATE FUNCTION
CREATE FUNCTION
CREATE FUNCTION
CREATE FUNCTION
CREATE FUNCTION
REVOKE
GRANT
REVOKE
REVOKE
REVOKE
REVOKE
REVOKE
REVOKE
REVOKE
GRANT
GRANT
GRANT
GRANT
REVOKE
REVOKE
REVOKE
GRANT
GRANT
GRANT
COMMIT
BEGIN
SET
SET
CREATE INDEX
CREATE FUNCTION
CREATE FUNCTION
CREATE FUNCTION
CREATE FUNCTION
CREATE FUNCTION
CREATE FUNCTION
CREATE FUNCTION
CREATE FUNCTION
CREATE FUNCTION
CREATE FUNCTION
CREATE FUNCTION
CREATE VIEW
ALTER FUNCTION
ALTER FUNCTION
ALTER FUNCTION
ALTER FUNCTION
ALTER FUNCTION
ALTER FUNCTION
ALTER FUNCTION
ALTER FUNCTION
ALTER FUNCTION
ALTER FUNCTION
ALTER FUNCTION
REVOKE
REVOKE
REVOKE
REVOKE
REVOKE
REVOKE
REVOKE
REVOKE
GRANT
GRANT
GRANT
REVOKE
REVOKE
REVOKE
GRANT
GRANT
GRANT
REVOKE
GRANT
CREATE FUNCTION
CREATE FUNCTION
CREATE FUNCTION
ALTER FUNCTION
ALTER FUNCTION
ALTER FUNCTION
REVOKE
REVOKE
REVOKE
COMMIT
BEGIN
SET
SET
CREATE FUNCTION
CREATE FUNCTION
CREATE FUNCTION
CREATE FUNCTION
CREATE FUNCTION
CREATE FUNCTION
CREATE FUNCTION
CREATE FUNCTION
CREATE FUNCTION
CREATE FUNCTION
CREATE FUNCTION
CREATE FUNCTION
CREATE FUNCTION
ALTER FUNCTION
ALTER FUNCTION
ALTER FUNCTION
ALTER FUNCTION
ALTER FUNCTION
ALTER FUNCTION
ALTER FUNCTION
ALTER FUNCTION
ALTER FUNCTION
ALTER FUNCTION
ALTER FUNCTION
ALTER FUNCTION
ALTER FUNCTION
REVOKE
REVOKE
REVOKE
REVOKE
REVOKE
REVOKE
REVOKE
REVOKE
GRANT
GRANT
GRANT
GRANT
GRANT
REVOKE
REVOKE
REVOKE
REVOKE
REVOKE
GRANT
GRANT
GRANT
GRANT
GRANT
COMMIT
BEGIN
SET
SET
CREATE FUNCTION
ALTER FUNCTION
REVOKE
GRANT
COMMIT
BEGIN
SET
SET
CREATE FUNCTION
ALTER FUNCTION
REVOKE
GRANT
DROP POLICY
CREATE POLICY
CREATE VIEW
ALTER VIEW
REVOKE
GRANT
CREATE FUNCTION
ALTER FUNCTION
REVOKE
GRANT
CREATE FUNCTION
ALTER FUNCTION
REVOKE
GRANT
COMMIT
BEGIN
SET
SET
CREATE FUNCTION
ALTER FUNCTION
REVOKE
GRANT
COMMIT
BEGIN
SET
SET
CREATE FUNCTION
ALTER FUNCTION
REVOKE
CREATE FUNCTION
ALTER FUNCTION
REVOKE
GRANT
CREATE FUNCTION
ALTER FUNCTION
REVOKE
GRANT
COMMIT
BEGIN
SET
SET
CREATE FUNCTION
CREATE FUNCTION
CREATE FUNCTION
CREATE FUNCTION
CREATE FUNCTION
ALTER FUNCTION
ALTER FUNCTION
ALTER FUNCTION
ALTER FUNCTION
ALTER FUNCTION
REVOKE
REVOKE
REVOKE
REVOKE
REVOKE
GRANT
GRANT
GRANT
GRANT
COMMIT
BEGIN
SET
SET
CREATE FUNCTION
CREATE FUNCTION
CREATE FUNCTION
CREATE FUNCTION
ALTER FUNCTION
ALTER FUNCTION
ALTER FUNCTION
ALTER FUNCTION
REVOKE
REVOKE
REVOKE
REVOKE
GRANT
GRANT
GRANT
GRANT
COMMIT
BEGIN
SET
ALTER TABLE
NOTICE:  identifier "ops_registration_enrollments_class_start_source_observation_id_idx" will be truncated to "ops_registration_enrollments_class_start_source_observation_id_"
CREATE INDEX
CREATE FUNCTION
CREATE FUNCTION
CREATE FUNCTION
CREATE FUNCTION
CREATE FUNCTION
DROP TRIGGER
CREATE TRIGGER
CREATE FUNCTION
CREATE FUNCTION
CREATE VIEW
CREATE FUNCTION
ALTER FUNCTION
ALTER FUNCTION
ALTER FUNCTION
ALTER FUNCTION
ALTER FUNCTION
ALTER FUNCTION
ALTER FUNCTION
ALTER FUNCTION
ALTER VIEW
REVOKE
REVOKE
REVOKE
REVOKE
REVOKE
REVOKE
REVOKE
REVOKE
GRANT
REVOKE
GRANT
REVOKE
GRANT
REVOKE
GRANT
COMMIT
BEGIN
CREATE FUNCTION
CREATE FUNCTION
CREATE FUNCTION
CREATE TABLE
CREATE INDEX
CREATE TABLE
CREATE INDEX
CREATE TABLE
CREATE TABLE
CREATE TABLE
CREATE INDEX
CREATE TABLE
CREATE TABLE
CREATE INDEX
CREATE TABLE
ALTER TABLE
ALTER TABLE
ALTER TABLE
ALTER TABLE
ALTER TABLE
ALTER TABLE
ALTER TABLE
ALTER TABLE
CREATE FUNCTION
CREATE TRIGGER
CREATE TRIGGER
CREATE TRIGGER
CREATE TRIGGER
CREATE TRIGGER
CREATE TRIGGER
CREATE FUNCTION
CREATE TRIGGER
CREATE FUNCTION
CREATE TRIGGER
CREATE FUNCTION
CREATE FUNCTION
CREATE FUNCTION
CREATE FUNCTION
CREATE FUNCTION
CREATE FUNCTION
CREATE FUNCTION
CREATE FUNCTION
CREATE FUNCTION
CREATE TRIGGER
CREATE FUNCTION
CREATE TRIGGER
CREATE FUNCTION
CREATE FUNCTION
ALTER TABLE
ALTER TABLE
ALTER TABLE
ALTER TABLE
ALTER TABLE
ALTER TABLE
ALTER TABLE
ALTER TABLE
REVOKE
REVOKE
REVOKE
REVOKE
REVOKE
REVOKE
REVOKE
REVOKE
ALTER FUNCTION
ALTER FUNCTION
ALTER FUNCTION
ALTER FUNCTION
ALTER FUNCTION
ALTER FUNCTION
ALTER FUNCTION
ALTER FUNCTION
ALTER FUNCTION
ALTER FUNCTION
ALTER FUNCTION
ALTER FUNCTION
ALTER FUNCTION
ALTER FUNCTION
ALTER FUNCTION
ALTER FUNCTION
ALTER FUNCTION
ALTER FUNCTION
REVOKE
REVOKE
REVOKE
REVOKE
REVOKE
REVOKE
REVOKE
REVOKE
REVOKE
REVOKE
REVOKE
REVOKE
REVOKE
REVOKE
REVOKE
REVOKE
REVOKE
REVOKE
GRANT
GRANT
GRANT
GRANT
GRANT
GRANT
COMMIT
BEGIN
SET
SET
ALTER TABLE
ALTER TABLE
ALTER TABLE
ALTER TABLE
ALTER TABLE
ALTER TABLE
CREATE FUNCTION
CREATE FUNCTION
CREATE FUNCTION
CREATE FUNCTION
CREATE FUNCTION
CREATE FUNCTION
CREATE FUNCTION
CREATE FUNCTION
CREATE TABLE
CREATE INDEX
CREATE INDEX
CREATE INDEX
CREATE INDEX
CREATE INDEX
CREATE INDEX
ALTER TABLE
REVOKE
CREATE FUNCTION
CREATE FUNCTION
CREATE FUNCTION
CREATE FUNCTION
CREATE FUNCTION
CREATE FUNCTION
CREATE FUNCTION
CREATE FUNCTION
CREATE FUNCTION
CREATE FUNCTION
NOTICE:  identifier "materialize_registration_observation_chat_from_assignment_fact_v1" will be truncated to "materialize_registration_observation_chat_from_assignment_fact_"
CREATE FUNCTION
CREATE TRIGGER
CREATE TRIGGER
NOTICE:  identifier "materialize_registration_observation_chat_from_assignment_fact_v1" will be truncated to "materialize_registration_observation_chat_from_assignment_fact_"
SET CONSTRAINTS
SET CONSTRAINTS
CREATE FUNCTION
CREATE FUNCTION
CREATE FUNCTION
CREATE FUNCTION
NOTICE:  identifier "read_registration_observation_notification_delivery_frozen_state_v1" will be truncated to "read_registration_observation_notification_delivery_frozen_stat"
CREATE FUNCTION
CREATE FUNCTION
CREATE FUNCTION
ALTER TABLE
ALTER TABLE
CREATE FUNCTION
CREATE FUNCTION
ALTER TABLE
ALTER FUNCTION
ALTER FUNCTION
ALTER FUNCTION
ALTER FUNCTION
ALTER FUNCTION
ALTER FUNCTION
ALTER FUNCTION
ALTER FUNCTION
ALTER FUNCTION
ALTER FUNCTION
ALTER FUNCTION
ALTER FUNCTION
ALTER FUNCTION
ALTER FUNCTION
ALTER FUNCTION
ALTER FUNCTION
ALTER FUNCTION
NOTICE:  identifier "materialize_registration_observation_chat_from_assignment_fact_v1" will be truncated to "materialize_registration_observation_chat_from_assignment_fact_"
ALTER FUNCTION
ALTER FUNCTION
ALTER FUNCTION
ALTER FUNCTION
ALTER FUNCTION
ALTER FUNCTION
NOTICE:  identifier "read_registration_observation_notification_delivery_frozen_state_v1" will be truncated to "read_registration_observation_notification_delivery_frozen_stat"
ALTER FUNCTION
ALTER FUNCTION
ALTER FUNCTION
ALTER FUNCTION
ALTER FUNCTION
REVOKE
REVOKE
REVOKE
REVOKE
REVOKE
REVOKE
REVOKE
REVOKE
REVOKE
REVOKE
REVOKE
REVOKE
REVOKE
REVOKE
REVOKE
REVOKE
REVOKE
NOTICE:  identifier "materialize_registration_observation_chat_from_assignment_fact_v1" will be truncated to "materialize_registration_observation_chat_from_assignment_fact_"
REVOKE
REVOKE
REVOKE
REVOKE
REVOKE
REVOKE
REVOKE
NOTICE:  identifier "read_registration_observation_notification_delivery_frozen_state_v1" will be truncated to "read_registration_observation_notification_delivery_frozen_stat"
REVOKE
REVOKE
REVOKE
REVOKE
GRANT
GRANT
GRANT
GRANT
GRANT
NOTICE:  identifier "read_registration_observation_notification_delivery_frozen_state_v1" will be truncated to "read_registration_observation_notification_delivery_frozen_stat"
GRANT
GRANT
GRANT
GRANT
GRANT
REVOKE
REVOKE
GRANT
GRANT
REVOKE
REVOKE
COMMIT
BEGIN
SET
SET
ALTER TABLE
ALTER TABLE
CREATE INDEX
CREATE INDEX
ALTER TABLE
ALTER TABLE
CREATE INDEX
ALTER TABLE
ALTER TABLE
CREATE FUNCTION
ALTER FUNCTION
REVOKE
CREATE TRIGGER
CREATE FUNCTION
ALTER FUNCTION
REVOKE
COMMIT
BEGIN
SET
SET
ALTER TABLE
ALTER TABLE
ALTER TABLE
ALTER TABLE
ALTER TABLE
ALTER TABLE
NOTICE:  identifier "registration_customer_reminder_jobs_appointment_revision_once_idx" will be truncated to "registration_customer_reminder_jobs_appointment_revision_once_i"
CREATE INDEX
NOTICE:  identifier "registration_customer_reminder_jobs_observation_revision_once_idx" will be truncated to "registration_customer_reminder_jobs_observation_revision_once_i"
CREATE INDEX
ALTER TABLE
CREATE TABLE
ALTER TABLE
REVOKE
CREATE FUNCTION
ALTER FUNCTION
REVOKE
CREATE FUNCTION
ALTER FUNCTION
REVOKE
GRANT
CREATE FUNCTION
ALTER FUNCTION
REVOKE
GRANT
CREATE FUNCTION
ALTER FUNCTION
REVOKE
GRANT
CREATE FUNCTION
ALTER FUNCTION
REVOKE
GRANT
CREATE FUNCTION
ALTER FUNCTION
REVOKE
GRANT
CREATE FUNCTION
ALTER FUNCTION
REVOKE
GRANT
COMMIT
BEGIN
SET
SET
CREATE FUNCTION
ALTER FUNCTION
REVOKE
GRANT
ALTER FUNCTION
ALTER FUNCTION
ALTER FUNCTION
ALTER FUNCTION
REVOKE
REVOKE
REVOKE
REVOKE
CREATE FUNCTION
ALTER FUNCTION
REVOKE
CREATE FUNCTION
ALTER FUNCTION
REVOKE
CREATE FUNCTION
ALTER FUNCTION
REVOKE
CREATE FUNCTION
ALTER FUNCTION
REVOKE
CREATE FUNCTION
ALTER FUNCTION
REVOKE
GRANT
CREATE FUNCTION
ALTER FUNCTION
REVOKE
CREATE FUNCTION
ALTER FUNCTION
REVOKE
ALTER FUNCTION
ALTER FUNCTION
ALTER FUNCTION
ALTER FUNCTION
ALTER FUNCTION
ALTER FUNCTION
ALTER FUNCTION
ALTER FUNCTION
ALTER FUNCTION
ALTER FUNCTION
ALTER FUNCTION
ALTER FUNCTION
ALTER FUNCTION
ALTER FUNCTION
ALTER FUNCTION
ALTER FUNCTION
ALTER FUNCTION
ALTER FUNCTION
ALTER FUNCTION
ALTER FUNCTION
REVOKE
REVOKE
REVOKE
REVOKE
REVOKE
REVOKE
REVOKE
REVOKE
REVOKE
REVOKE
CREATE FUNCTION
ALTER FUNCTION
REVOKE
GRANT
CREATE FUNCTION
ALTER FUNCTION
REVOKE
GRANT
CREATE FUNCTION
ALTER FUNCTION
REVOKE
GRANT
CREATE FUNCTION
ALTER FUNCTION
REVOKE
GRANT
CREATE FUNCTION
ALTER FUNCTION
REVOKE
GRANT
CREATE FUNCTION
ALTER FUNCTION
REVOKE
GRANT
CREATE FUNCTION
ALTER FUNCTION
REVOKE
GRANT
CREATE FUNCTION
ALTER FUNCTION
REVOKE
GRANT
CREATE FUNCTION
ALTER FUNCTION
REVOKE
GRANT
CREATE FUNCTION
ALTER FUNCTION
REVOKE
GRANT
CREATE FUNCTION
ALTER FUNCTION
REVOKE
GRANT
CREATE FUNCTION
ALTER FUNCTION
REVOKE
GRANT
CREATE FUNCTION
ALTER FUNCTION
REVOKE
GRANT
ALTER FUNCTION
ALTER FUNCTION
REVOKE
CREATE FUNCTION
ALTER FUNCTION
REVOKE
GRANT
CREATE FUNCTION
ALTER FUNCTION
REVOKE
GRANT
ALTER FUNCTION
ALTER FUNCTION
REVOKE
CREATE FUNCTION
ALTER FUNCTION
REVOKE
GRANT
ALTER FUNCTION
ALTER FUNCTION
REVOKE
CREATE FUNCTION
ALTER FUNCTION
REVOKE
GRANT
ALTER FUNCTION
ALTER FUNCTION
ALTER FUNCTION
ALTER FUNCTION
REVOKE
REVOKE
CREATE FUNCTION
ALTER FUNCTION
REVOKE
GRANT
CREATE FUNCTION
ALTER FUNCTION
REVOKE
GRANT
CREATE FUNCTION
ALTER FUNCTION
REVOKE
GRANT
COMMIT
CREATE TABLE
COMMENT
COMMENT
COMMENT
CREATE INDEX
CREATE INDEX
CREATE INDEX
ALTER TABLE
REVOKE
GRANT
CREATE POLICY
CREATE TABLE
COMMENT
CREATE INDEX
ALTER TABLE
REVOKE
GRANT
CREATE POLICY
BEGIN
CREATE TABLE
ALTER TABLE
ALTER TABLE
REVOKE
CREATE FUNCTION
ALTER FUNCTION
REVOKE
CREATE FUNCTION
ALTER FUNCTION
REVOKE
GRANT
COMMIT
BEGIN
SET
CREATE FUNCTION
ALTER FUNCTION
REVOKE
COMMIT
BEGIN
SET
COMMIT
BEGIN
SET
SET
CREATE TABLE
CREATE TABLE
CREATE INDEX
CREATE TABLE
ALTER TABLE
ALTER TABLE
ALTER TABLE
REVOKE
REVOKE
REVOKE
CREATE FUNCTION
CREATE FUNCTION
CREATE FUNCTION
CREATE FUNCTION
CREATE FUNCTION
CREATE FUNCTION
CREATE FUNCTION
CREATE FUNCTION
ALTER FUNCTION
ALTER FUNCTION
ALTER FUNCTION
ALTER FUNCTION
ALTER FUNCTION
ALTER FUNCTION
ALTER FUNCTION
ALTER FUNCTION
REVOKE
REVOKE
REVOKE
REVOKE
REVOKE
REVOKE
REVOKE
REVOKE
GRANT
GRANT
GRANT
COMMIT
BEGIN
SET
CREATE FUNCTION
ALTER FUNCTION
REVOKE
GRANT
COMMIT
BEGIN
SET
SET
CREATE FUNCTION
ALTER FUNCTION
REVOKE
COMMIT
ALTER TABLE
REVOKE
DROP FUNCTION
REVOKE
DROP FUNCTION
CREATE FUNCTION
REVOKE
CREATE FUNCTION
ALTER FUNCTION
REVOKE
GRANT
SET
WARNING:  SET LOCAL can only be used in transaction blocks
SET
WARNING:  SET LOCAL can only be used in transaction blocks
CREATE FUNCTION
REVOKE
BEGIN
CREATE FUNCTION
ALTER FUNCTION
REVOKE
GRANT
COMMIT
BEGIN
SET
SET
CREATE FUNCTION
ALTER FUNCTION
REVOKE
COMMIT
BEGIN
SET
SET
CREATE FUNCTION
ALTER FUNCTION
REVOKE
COMMIT
BEGIN
CREATE FUNCTION
ALTER FUNCTION
REVOKE
GRANT
COMMENT
COMMIT
BEGIN
NOTICE:  schema "dashboard_private" already exists, skipping
CREATE SCHEMA
NOTICE:  using standard form "ko-u-kn" for ICU locale "ko-u-kn-true"
CREATE COLLATION
CREATE FUNCTION
CREATE FUNCTION
CREATE FUNCTION
CREATE FUNCTION
CREATE FUNCTION
CREATE FUNCTION
CREATE FUNCTION
CREATE FUNCTION
CREATE FUNCTION
CREATE FUNCTION
CREATE FUNCTION
CREATE FUNCTION
CREATE FUNCTION
CREATE FUNCTION
CREATE FUNCTION
CREATE FUNCTION
CREATE FUNCTION
ALTER FUNCTION
ALTER FUNCTION
ALTER FUNCTION
ALTER FUNCTION
REVOKE
REVOKE
REVOKE
REVOKE
GRANT
GRANT
GRANT
GRANT
GRANT
GRANT
GRANT
GRANT
GRANT
GRANT
GRANT
COMMENT
COMMENT
COMMENT
COMMENT
COMMIT
BEGIN
CREATE TABLE
ALTER TABLE
ALTER TABLE
ALTER TABLE
REVOKE
CREATE FUNCTION
CREATE FUNCTION
CREATE FUNCTION
CREATE FUNCTION
ALTER FUNCTION
ALTER FUNCTION
ALTER FUNCTION
ALTER FUNCTION
REVOKE
REVOKE
REVOKE
REVOKE
GRANT
GRANT
GRANT
GRANT
COMMENT
COMMIT
CREATE SCHEMA
NOTICE:  schema "dashboard_private" already exists, skipping
CREATE FUNCTION
CREATE FUNCTION
CREATE FUNCTION
CREATE FUNCTION
CREATE FUNCTION
CREATE FUNCTION
CREATE FUNCTION
REVOKE
REVOKE
GRANT
GRANT
REVOKE
REVOKE
REVOKE
REVOKE
REVOKE
GRANT
GRANT
GRANT
GRANT
GRANT
CREATE INDEX
CREATE INDEX
CREATE INDEX
CREATE FUNCTION
CREATE FUNCTION
CREATE FUNCTION
CREATE FUNCTION
CREATE FUNCTION
CREATE FUNCTION
CREATE FUNCTION
REVOKE
REVOKE
REVOKE
REVOKE
REVOKE
REVOKE
REVOKE
GRANT
GRANT
GRANT
GRANT
GRANT
GRANT
GRANT
CREATE FUNCTION
CREATE FUNCTION
CREATE FUNCTION
CREATE FUNCTION
CREATE FUNCTION
CREATE FUNCTION
CREATE FUNCTION
CREATE FUNCTION
CREATE FUNCTION
REVOKE
REVOKE
REVOKE
REVOKE
REVOKE
REVOKE
REVOKE
REVOKE
REVOKE
GRANT
GRANT
GRANT
GRANT
GRANT
GRANT
GRANT
GRANT
GRANT
BEGIN
SET
SET
CREATE SCHEMA
NOTICE:  schema "dashboard_private" already exists, skipping
CREATE FUNCTION
CREATE FUNCTION
CREATE FUNCTION
CREATE FUNCTION
CREATE FUNCTION
REVOKE
REVOKE
REVOKE
REVOKE
REVOKE
GRANT
GRANT
GRANT
GRANT
GRANT
GRANT
COMMIT
BEGIN
CREATE FUNCTION
ALTER FUNCTION
REVOKE
GRANT
COMMIT
BEGIN
SET
SET
NOTICE:  extension "pg_cron" already exists, skipping
CREATE EXTENSION
CREATE TABLE
CREATE TABLE
CREATE TABLE
CREATE TABLE
CREATE INDEX
CREATE INDEX
ALTER TABLE
ALTER TABLE
ALTER TABLE
ALTER TABLE
REVOKE
REVOKE
REVOKE
REVOKE
CREATE FUNCTION
REVOKE
CREATE FUNCTION
REVOKE
GRANT
CREATE FUNCTION
REVOKE
CREATE TRIGGER
CREATE FUNCTION
REVOKE
CREATE FUNCTION
REVOKE
GRANT
CREATE FUNCTION
REVOKE
GRANT
CREATE FUNCTION
REVOKE
GRANT
ALTER FUNCTION
ALTER FUNCTION
ALTER FUNCTION
ALTER FUNCTION
ALTER FUNCTION
ALTER FUNCTION
COMMIT
BEGIN
SET
SET
ALTER TABLE
CREATE INDEX
CREATE SEQUENCE
REVOKE
DO
GRANT ROLE
GRANT
GRANT
GRANT
GRANT
GRANT
GRANT
GRANT
GRANT
CREATE FUNCTION
CREATE FUNCTION
REVOKE
REVOKE
CREATE FUNCTION
ALTER FUNCTION
ALTER FUNCTION
ALTER FUNCTION
ALTER SEQUENCE
REVOKE
REVOKE
ALTER TABLE
DROP POLICY
NOTICE:  policy "dashboard_audit_logs_authenticated_insert" for relation "public.dashboard_audit_logs" does not exist, skipping
REVOKE
GRANT
NOTICE:  policy "dashboard_audit_logs_writer_insert" for relation "public.dashboard_audit_logs" does not exist, skipping
DROP POLICY
CREATE POLICY
NOTICE:  policy "dashboard_audit_logs_writer_select" for relation "public.dashboard_audit_logs" does not exist, skipping
DROP POLICY
CREATE POLICY
DROP TRIGGER
CREATE TRIGGER
DROP TRIGGER
CREATE TRIGGER
DROP TRIGGER
CREATE TRIGGER
DROP TRIGGER
CREATE TRIGGER
DROP TRIGGER
CREATE TRIGGER
DROP TRIGGER
CREATE TRIGGER
DROP TRIGGER
CREATE TRIGGER
DO
COMMIT
BEGIN
SET
SET
COMMIT
BEGIN
SET
SET
CREATE VIEW
ALTER VIEW
REVOKE
GRANT
COMMIT
BEGIN
SET
SET
CREATE FUNCTION
ALTER FUNCTION
REVOKE
CREATE FUNCTION
ALTER FUNCTION
REVOKE
GRANT
COMMIT
CREATE FUNCTION
CREATE TRIGGER
CREATE FUNCTION
REVOKE
GRANT
NOTICE:  identifier "read_registration_observation_notification_delivery_frozen_state_v1" will be truncated to "read_registration_observation_notification_delivery_frozen_stat"
ALTER FUNCTION
BEGIN
SET
SET
CREATE TABLE
ALTER TABLE
REVOKE
CREATE FUNCTION
CREATE FUNCTION
NOTICE:  trigger "notification_event_fanout_jobs_wakeup_trigger" for relation "dashboard_private.notification_event_fanout_jobs" does not exist, skipping
DROP TRIGGER
CREATE TRIGGER
CREATE FUNCTION
CREATE TABLE
ALTER TABLE
REVOKE
CREATE FUNCTION
CREATE FUNCTION
CREATE FUNCTION
ALTER FUNCTION
ALTER FUNCTION
ALTER FUNCTION
ALTER FUNCTION
ALTER FUNCTION
ALTER FUNCTION
REVOKE
REVOKE
REVOKE
REVOKE
REVOKE
REVOKE
GRANT
GRANT
GRANT
COMMIT
BEGIN
SET
SET
CREATE TABLE
CREATE TABLE
ALTER TABLE
ALTER TABLE
REVOKE
REVOKE
CREATE FUNCTION
CREATE TRIGGER
CREATE FUNCTION
CREATE TRIGGER
CREATE FUNCTION
CREATE TRIGGER
CREATE FUNCTION
CREATE TRIGGER
CREATE FUNCTION
CREATE TRIGGER
ALTER FUNCTION
ALTER FUNCTION
ALTER FUNCTION
ALTER FUNCTION
ALTER FUNCTION
REVOKE
REVOKE
REVOKE
REVOKE
REVOKE
COMMIT
BEGIN
SET
SET
DO
ALTER TABLE
CREATE FUNCTION
ALTER FUNCTION
REVOKE
GRANT
COMMIT
BEGIN
SET
SET
CREATE INDEX
CREATE INDEX
COMMIT
BEGIN
SET
SET
DO
ALTER FUNCTION
REVOKE
GRANT
COMMIT
BEGIN
CREATE TABLE
NOTICE:  identifier "registration_customer_solapi_activation_evidence_kind_verified_idx" will be truncated to "registration_customer_solapi_activation_evidence_kind_verified_"
CREATE INDEX
NOTICE:  identifier "registration_customer_solapi_activation_evidence_provider_message_idx" will be truncated to "registration_customer_solapi_activation_evidence_provider_messa"
CREATE INDEX
CREATE TABLE
NOTICE:  identifier "ops_registration_customer_messages_provider_payload_checksum_check" will be truncated to "ops_registration_customer_messages_provider_payload_checksum_ch"
ALTER TABLE
ALTER TABLE
DO
ALTER TABLE
ALTER TABLE
ALTER TABLE
ALTER TABLE
ALTER TABLE
REVOKE
REVOKE
DROP FUNCTION
CREATE FUNCTION
ALTER FUNCTION
REVOKE
GRANT
CREATE FUNCTION
ALTER FUNCTION
REVOKE
CREATE FUNCTION
ALTER FUNCTION
REVOKE
GRANT
CREATE FUNCTION
ALTER FUNCTION
REVOKE
GRANT
CREATE FUNCTION
ALTER FUNCTION
REVOKE
CREATE FUNCTION
ALTER FUNCTION
REVOKE
COMMIT
BEGIN
SET
SET
CREATE FUNCTION
ALTER FUNCTION
REVOKE
GRANT
REVOKE
COMMIT
NOTICE:  column "academic_year" of relation "academic_curriculum_profiles" already exists, skipping
ALTER TABLE
ALTER TABLE
NOTICE:  column "created_at" of relation "academic_curriculum_profiles" already exists, skipping
ALTER TABLE
ALTER TABLE
NOTICE:  column "grade" of relation "academic_curriculum_profiles" already exists, skipping
ALTER TABLE
ALTER TABLE
NOTICE:  column "id" of relation "academic_curriculum_profiles" already exists, skipping
ALTER TABLE
ALTER TABLE
NOTICE:  column "main_textbook_publisher" of relation "academic_curriculum_profiles" already exists, skipping
ALTER TABLE
ALTER TABLE
NOTICE:  column "main_textbook_title" of relation "academic_curriculum_profiles" already exists, skipping
ALTER TABLE
ALTER TABLE
NOTICE:  column "note" of relation "academic_curriculum_profiles" already exists, skipping
ALTER TABLE
ALTER TABLE
NOTICE:  column "school_id" of relation "academic_curriculum_profiles" already exists, skipping
ALTER TABLE
ALTER TABLE
NOTICE:  column "subject" of relation "academic_curriculum_profiles" already exists, skipping
ALTER TABLE
ALTER TABLE
NOTICE:  column "updated_at" of relation "academic_curriculum_profiles" already exists, skipping
ALTER TABLE
ALTER TABLE
NOTICE:  column "academic_event_id" of relation "academic_event_exam_details" already exists, skipping
ALTER TABLE
ALTER TABLE
NOTICE:  column "academy_curriculum_plan_id" of relation "academic_event_exam_details" already exists, skipping
ALTER TABLE
ALTER TABLE
NOTICE:  column "created_at" of relation "academic_event_exam_details" already exists, skipping
ALTER TABLE
ALTER TABLE
NOTICE:  column "curriculum_profile_id" of relation "academic_event_exam_details" already exists, skipping
ALTER TABLE
ALTER TABLE
NOTICE:  column "exam_date" of relation "academic_event_exam_details" already exists, skipping
ALTER TABLE
ALTER TABLE
NOTICE:  column "exam_date_status" of relation "academic_event_exam_details" already exists, skipping
ALTER TABLE
ALTER TABLE
NOTICE:  column "grade" of relation "academic_event_exam_details" already exists, skipping
ALTER TABLE
ALTER TABLE
NOTICE:  column "id" of relation "academic_event_exam_details" already exists, skipping
ALTER TABLE
ALTER TABLE
NOTICE:  column "note" of relation "academic_event_exam_details" already exists, skipping
ALTER TABLE
ALTER TABLE
NOTICE:  column "other_scope" of relation "academic_event_exam_details" already exists, skipping
ALTER TABLE
ALTER TABLE
NOTICE:  column "school_id" of relation "academic_event_exam_details" already exists, skipping
ALTER TABLE
ALTER TABLE
NOTICE:  column "sort_order" of relation "academic_event_exam_details" already exists, skipping
ALTER TABLE
ALTER TABLE
NOTICE:  column "subject" of relation "academic_event_exam_details" already exists, skipping
ALTER TABLE
ALTER TABLE
NOTICE:  column "supplement_scope" of relation "academic_event_exam_details" already exists, skipping
ALTER TABLE
ALTER TABLE
NOTICE:  column "textbook_scope" of relation "academic_event_exam_details" already exists, skipping
ALTER TABLE
ALTER TABLE
NOTICE:  column "updated_at" of relation "academic_event_exam_details" already exists, skipping
ALTER TABLE
ALTER TABLE
NOTICE:  column "content" of relation "academic_events" already exists, skipping
ALTER TABLE
ALTER TABLE
NOTICE:  column "created_at" of relation "academic_events" already exists, skipping
ALTER TABLE
ALTER TABLE
NOTICE:  column "date" of relation "academic_events" already exists, skipping
ALTER TABLE
ALTER TABLE
NOTICE:  column "grade" of relation "academic_events" already exists, skipping
ALTER TABLE
ALTER TABLE
NOTICE:  column "id" of relation "academic_events" already exists, skipping
ALTER TABLE
ALTER TABLE
NOTICE:  column "note" of relation "academic_events" already exists, skipping
ALTER TABLE
ALTER TABLE
NOTICE:  column "school_id" of relation "academic_events" already exists, skipping
ALTER TABLE
ALTER TABLE
NOTICE:  column "title" of relation "academic_events" already exists, skipping
ALTER TABLE
ALTER TABLE
NOTICE:  column "type" of relation "academic_events" already exists, skipping
ALTER TABLE
ALTER TABLE
NOTICE:  column "created_at" of relation "academic_exam_days" already exists, skipping
ALTER TABLE
ALTER TABLE
NOTICE:  column "exam_date" of relation "academic_exam_days" already exists, skipping
ALTER TABLE
ALTER TABLE
NOTICE:  column "grade" of relation "academic_exam_days" already exists, skipping
ALTER TABLE
ALTER TABLE
NOTICE:  column "id" of relation "academic_exam_days" already exists, skipping
ALTER TABLE
ALTER TABLE
NOTICE:  column "label" of relation "academic_exam_days" already exists, skipping
ALTER TABLE
ALTER TABLE
NOTICE:  column "note" of relation "academic_exam_days" already exists, skipping
ALTER TABLE
ALTER TABLE
NOTICE:  column "school_id" of relation "academic_exam_days" already exists, skipping
ALTER TABLE
ALTER TABLE
NOTICE:  column "sort_order" of relation "academic_exam_days" already exists, skipping
ALTER TABLE
ALTER TABLE
NOTICE:  column "subject" of relation "academic_exam_days" already exists, skipping
ALTER TABLE
ALTER TABLE
NOTICE:  column "updated_at" of relation "academic_exam_days" already exists, skipping
ALTER TABLE
ALTER TABLE
NOTICE:  column "created_at" of relation "academic_exam_material_items" already exists, skipping
ALTER TABLE
ALTER TABLE
NOTICE:  column "id" of relation "academic_exam_material_items" already exists, skipping
ALTER TABLE
ALTER TABLE
NOTICE:  column "material_category" of relation "academic_exam_material_items" already exists, skipping
ALTER TABLE
ALTER TABLE
NOTICE:  column "note" of relation "academic_exam_material_items" already exists, skipping
ALTER TABLE
ALTER TABLE
NOTICE:  column "plan_id" of relation "academic_exam_material_items" already exists, skipping
ALTER TABLE
ALTER TABLE
NOTICE:  column "publisher" of relation "academic_exam_material_items" already exists, skipping
ALTER TABLE
ALTER TABLE
NOTICE:  column "scope_detail" of relation "academic_exam_material_items" already exists, skipping
ALTER TABLE
ALTER TABLE
NOTICE:  column "sort_order" of relation "academic_exam_material_items" already exists, skipping
ALTER TABLE
ALTER TABLE
NOTICE:  column "title" of relation "academic_exam_material_items" already exists, skipping
ALTER TABLE
ALTER TABLE
NOTICE:  column "updated_at" of relation "academic_exam_material_items" already exists, skipping
ALTER TABLE
ALTER TABLE
NOTICE:  column "academic_year" of relation "academic_exam_material_plans" already exists, skipping
ALTER TABLE
ALTER TABLE
NOTICE:  column "created_at" of relation "academic_exam_material_plans" already exists, skipping
ALTER TABLE
ALTER TABLE
NOTICE:  column "exam_period_code" of relation "academic_exam_material_plans" already exists, skipping
ALTER TABLE
ALTER TABLE
NOTICE:  column "grade" of relation "academic_exam_material_plans" already exists, skipping
ALTER TABLE
ALTER TABLE
NOTICE:  column "id" of relation "academic_exam_material_plans" already exists, skipping
ALTER TABLE
ALTER TABLE
NOTICE:  column "note" of relation "academic_exam_material_plans" already exists, skipping
ALTER TABLE
ALTER TABLE
NOTICE:  column "school_id" of relation "academic_exam_material_plans" already exists, skipping
ALTER TABLE
ALTER TABLE
NOTICE:  column "sort_order" of relation "academic_exam_material_plans" already exists, skipping
ALTER TABLE
ALTER TABLE
NOTICE:  column "subject" of relation "academic_exam_material_plans" already exists, skipping
ALTER TABLE
ALTER TABLE
NOTICE:  column "updated_at" of relation "academic_exam_material_plans" already exists, skipping
ALTER TABLE
ALTER TABLE
NOTICE:  column "academic_event_id" of relation "academic_exam_scopes" already exists, skipping
ALTER TABLE
NOTICE:  column "academic_exam_day_id" of relation "academic_exam_scopes" already exists, skipping
ALTER TABLE
ALTER TABLE
ALTER TABLE
NOTICE:  column "created_at" of relation "academic_exam_scopes" already exists, skipping
ALTER TABLE
ALTER TABLE
NOTICE:  column "id" of relation "academic_exam_scopes" already exists, skipping
ALTER TABLE
ALTER TABLE
NOTICE:  column "note" of relation "academic_exam_scopes" already exists, skipping
ALTER TABLE
ALTER TABLE
NOTICE:  column "other_scope" of relation "academic_exam_scopes" already exists, skipping
ALTER TABLE
ALTER TABLE
NOTICE:  column "period_label" of relation "academic_exam_scopes" already exists, skipping
ALTER TABLE
ALTER TABLE
NOTICE:  column "profile_id" of relation "academic_exam_scopes" already exists, skipping
ALTER TABLE
ALTER TABLE
NOTICE:  column "sort_order" of relation "academic_exam_scopes" already exists, skipping
ALTER TABLE
ALTER TABLE
NOTICE:  column "supplement_scope" of relation "academic_exam_scopes" already exists, skipping
ALTER TABLE
ALTER TABLE
NOTICE:  column "textbook_scope" of relation "academic_exam_scopes" already exists, skipping
ALTER TABLE
ALTER TABLE
NOTICE:  column "updated_at" of relation "academic_exam_scopes" already exists, skipping
ALTER TABLE
ALTER TABLE
NOTICE:  column "category" of relation "academic_schools" already exists, skipping
ALTER TABLE
ALTER TABLE
NOTICE:  column "color" of relation "academic_schools" already exists, skipping
ALTER TABLE
ALTER TABLE
NOTICE:  column "created_at" of relation "academic_schools" already exists, skipping
ALTER TABLE
ALTER TABLE
NOTICE:  column "id" of relation "academic_schools" already exists, skipping
ALTER TABLE
ALTER TABLE
NOTICE:  column "name" of relation "academic_schools" already exists, skipping
ALTER TABLE
ALTER TABLE
NOTICE:  column "sort_order" of relation "academic_schools" already exists, skipping
ALTER TABLE
ALTER TABLE
NOTICE:  column "textbooks" of relation "academic_schools" already exists, skipping
ALTER TABLE
ALTER TABLE
NOTICE:  column "updated_at" of relation "academic_schools" already exists, skipping
ALTER TABLE
ALTER TABLE
NOTICE:  column "area_key" of relation "academic_subject_areas" already exists, skipping
ALTER TABLE
ALTER TABLE
NOTICE:  column "created_at" of relation "academic_subject_areas" already exists, skipping
ALTER TABLE
ALTER TABLE
NOTICE:  column "is_active" of relation "academic_subject_areas" already exists, skipping
ALTER TABLE
ALTER TABLE
NOTICE:  column "label" of relation "academic_subject_areas" already exists, skipping
ALTER TABLE
ALTER TABLE
NOTICE:  column "sort_order" of relation "academic_subject_areas" already exists, skipping
ALTER TABLE
ALTER TABLE
NOTICE:  column "subject" of relation "academic_subject_areas" already exists, skipping
ALTER TABLE
ALTER TABLE
NOTICE:  column "updated_at" of relation "academic_subject_areas" already exists, skipping
ALTER TABLE
ALTER TABLE
NOTICE:  column "created_at" of relation "academic_subject_settings" already exists, skipping
ALTER TABLE
ALTER TABLE
NOTICE:  column "default_director_profile_id" of relation "academic_subject_settings" already exists, skipping
ALTER TABLE
ALTER TABLE
NOTICE:  column "grade_levels" of relation "academic_subject_settings" already exists, skipping
ALTER TABLE
ALTER TABLE
NOTICE:  column "is_active" of relation "academic_subject_settings" already exists, skipping
ALTER TABLE
ALTER TABLE
NOTICE:  column "registration_create_enabled" of relation "academic_subject_settings" already exists, skipping
ALTER TABLE
ALTER TABLE
NOTICE:  column "sort_order" of relation "academic_subject_settings" already exists, skipping
ALTER TABLE
ALTER TABLE
NOTICE:  column "subject" of relation "academic_subject_settings" already exists, skipping
ALTER TABLE
ALTER TABLE
NOTICE:  column "updated_at" of relation "academic_subject_settings" already exists, skipping
ALTER TABLE
ALTER TABLE
NOTICE:  column "created_at" of relation "academic_supplement_materials" already exists, skipping
ALTER TABLE
ALTER TABLE
NOTICE:  column "id" of relation "academic_supplement_materials" already exists, skipping
ALTER TABLE
ALTER TABLE
NOTICE:  column "note" of relation "academic_supplement_materials" already exists, skipping
ALTER TABLE
ALTER TABLE
NOTICE:  column "profile_id" of relation "academic_supplement_materials" already exists, skipping
ALTER TABLE
ALTER TABLE
NOTICE:  column "publisher" of relation "academic_supplement_materials" already exists, skipping
ALTER TABLE
ALTER TABLE
NOTICE:  column "sort_order" of relation "academic_supplement_materials" already exists, skipping
ALTER TABLE
ALTER TABLE
NOTICE:  column "title" of relation "academic_supplement_materials" already exists, skipping
ALTER TABLE
ALTER TABLE
NOTICE:  column "updated_at" of relation "academic_supplement_materials" already exists, skipping
ALTER TABLE
ALTER TABLE
NOTICE:  column "created_at" of relation "academy_curriculum_materials" already exists, skipping
ALTER TABLE
ALTER TABLE
NOTICE:  column "id" of relation "academy_curriculum_materials" already exists, skipping
ALTER TABLE
ALTER TABLE
NOTICE:  column "note" of relation "academy_curriculum_materials" already exists, skipping
ALTER TABLE
ALTER TABLE
NOTICE:  column "plan_id" of relation "academy_curriculum_materials" already exists, skipping
ALTER TABLE
ALTER TABLE
NOTICE:  column "publisher" of relation "academy_curriculum_materials" already exists, skipping
ALTER TABLE
ALTER TABLE
NOTICE:  column "sort_order" of relation "academy_curriculum_materials" already exists, skipping
ALTER TABLE
ALTER TABLE
NOTICE:  column "textbook_id" of relation "academy_curriculum_materials" already exists, skipping
ALTER TABLE
ALTER TABLE
NOTICE:  column "title" of relation "academy_curriculum_materials" already exists, skipping
ALTER TABLE
ALTER TABLE
NOTICE:  column "updated_at" of relation "academy_curriculum_materials" already exists, skipping
ALTER TABLE
ALTER TABLE
NOTICE:  column "academic_year" of relation "academy_curriculum_period_catalogs" already exists, skipping
ALTER TABLE
ALTER TABLE
NOTICE:  column "academy_grade" of relation "academy_curriculum_period_catalogs" already exists, skipping
ALTER TABLE
ALTER TABLE
NOTICE:  column "created_at" of relation "academy_curriculum_period_catalogs" already exists, skipping
ALTER TABLE
ALTER TABLE
NOTICE:  column "id" of relation "academy_curriculum_period_catalogs" already exists, skipping
ALTER TABLE
ALTER TABLE
NOTICE:  column "period_code" of relation "academy_curriculum_period_catalogs" already exists, skipping
ALTER TABLE
ALTER TABLE
NOTICE:  column "period_label" of relation "academy_curriculum_period_catalogs" already exists, skipping
ALTER TABLE
ALTER TABLE
NOTICE:  column "sort_order" of relation "academy_curriculum_period_catalogs" already exists, skipping
ALTER TABLE
ALTER TABLE
NOTICE:  column "subject" of relation "academy_curriculum_period_catalogs" already exists, skipping
ALTER TABLE
ALTER TABLE
NOTICE:  column "updated_at" of relation "academy_curriculum_period_catalogs" already exists, skipping
ALTER TABLE
ALTER TABLE
NOTICE:  column "created_at" of relation "academy_curriculum_period_items" already exists, skipping
ALTER TABLE
ALTER TABLE
NOTICE:  column "id" of relation "academy_curriculum_period_items" already exists, skipping
ALTER TABLE
ALTER TABLE
NOTICE:  column "material_category" of relation "academy_curriculum_period_items" already exists, skipping
ALTER TABLE
ALTER TABLE
NOTICE:  column "note" of relation "academy_curriculum_period_items" already exists, skipping
ALTER TABLE
ALTER TABLE
NOTICE:  column "plan_detail" of relation "academy_curriculum_period_items" already exists, skipping
ALTER TABLE
ALTER TABLE
NOTICE:  column "plan_id" of relation "academy_curriculum_period_items" already exists, skipping
ALTER TABLE
ALTER TABLE
NOTICE:  column "publisher" of relation "academy_curriculum_period_items" already exists, skipping
ALTER TABLE
ALTER TABLE
NOTICE:  column "sort_order" of relation "academy_curriculum_period_items" already exists, skipping
ALTER TABLE
ALTER TABLE
NOTICE:  column "textbook_id" of relation "academy_curriculum_period_items" already exists, skipping
ALTER TABLE
ALTER TABLE
NOTICE:  column "title" of relation "academy_curriculum_period_items" already exists, skipping
ALTER TABLE
ALTER TABLE
NOTICE:  column "updated_at" of relation "academy_curriculum_period_items" already exists, skipping
ALTER TABLE
ALTER TABLE
NOTICE:  column "academic_year" of relation "academy_curriculum_period_plans" already exists, skipping
ALTER TABLE
ALTER TABLE
NOTICE:  column "academy_grade" of relation "academy_curriculum_period_plans" already exists, skipping
ALTER TABLE
ALTER TABLE
NOTICE:  column "catalog_id" of relation "academy_curriculum_period_plans" already exists, skipping
ALTER TABLE
ALTER TABLE
NOTICE:  column "class_id" of relation "academy_curriculum_period_plans" already exists, skipping
ALTER TABLE
ALTER TABLE
NOTICE:  column "created_at" of relation "academy_curriculum_period_plans" already exists, skipping
ALTER TABLE
ALTER TABLE
NOTICE:  column "id" of relation "academy_curriculum_period_plans" already exists, skipping
ALTER TABLE
ALTER TABLE
NOTICE:  column "note" of relation "academy_curriculum_period_plans" already exists, skipping
ALTER TABLE
ALTER TABLE
NOTICE:  column "period_code" of relation "academy_curriculum_period_plans" already exists, skipping
ALTER TABLE
ALTER TABLE
NOTICE:  column "period_label" of relation "academy_curriculum_period_plans" already exists, skipping
ALTER TABLE
ALTER TABLE
NOTICE:  column "period_type" of relation "academy_curriculum_period_plans" already exists, skipping
ALTER TABLE
ALTER TABLE
NOTICE:  column "scope_type" of relation "academy_curriculum_period_plans" already exists, skipping
ALTER TABLE
ALTER TABLE
NOTICE:  column "sort_order" of relation "academy_curriculum_period_plans" already exists, skipping
ALTER TABLE
ALTER TABLE
NOTICE:  column "subject" of relation "academy_curriculum_period_plans" already exists, skipping
ALTER TABLE
ALTER TABLE
NOTICE:  column "updated_at" of relation "academy_curriculum_period_plans" already exists, skipping
ALTER TABLE
ALTER TABLE
NOTICE:  column "academic_year" of relation "academy_curriculum_plans" already exists, skipping
ALTER TABLE
ALTER TABLE
NOTICE:  column "academy_grade" of relation "academy_curriculum_plans" already exists, skipping
ALTER TABLE
ALTER TABLE
NOTICE:  column "class_id" of relation "academy_curriculum_plans" already exists, skipping
ALTER TABLE
ALTER TABLE
NOTICE:  column "created_at" of relation "academy_curriculum_plans" already exists, skipping
ALTER TABLE
ALTER TABLE
NOTICE:  column "id" of relation "academy_curriculum_plans" already exists, skipping
ALTER TABLE
ALTER TABLE
NOTICE:  column "main_textbook_id" of relation "academy_curriculum_plans" already exists, skipping
ALTER TABLE
ALTER TABLE
NOTICE:  column "note" of relation "academy_curriculum_plans" already exists, skipping
ALTER TABLE
ALTER TABLE
NOTICE:  column "sort_order" of relation "academy_curriculum_plans" already exists, skipping
ALTER TABLE
ALTER TABLE
NOTICE:  column "subject" of relation "academy_curriculum_plans" already exists, skipping
ALTER TABLE
ALTER TABLE
NOTICE:  column "updated_at" of relation "academy_curriculum_plans" already exists, skipping
ALTER TABLE
ALTER TABLE
NOTICE:  column "created_at" of relation "api_usage_events" already exists, skipping
ALTER TABLE
ALTER TABLE
NOTICE:  column "error_code" of relation "api_usage_events" already exists, skipping
ALTER TABLE
ALTER TABLE
NOTICE:  column "event_type" of relation "api_usage_events" already exists, skipping
ALTER TABLE
ALTER TABLE
NOTICE:  column "gemini_api_key_id" of relation "api_usage_events" already exists, skipping
ALTER TABLE
ALTER TABLE
NOTICE:  column "generation_run_id" of relation "api_usage_events" already exists, skipping
ALTER TABLE
ALTER TABLE
NOTICE:  column "id" of relation "api_usage_events" already exists, skipping
ALTER TABLE
ALTER TABLE
NOTICE:  column "model" of relation "api_usage_events" already exists, skipping
ALTER TABLE
ALTER TABLE
NOTICE:  column "organization_id" of relation "api_usage_events" already exists, skipping
ALTER TABLE
ALTER TABLE
NOTICE:  column "request_count" of relation "api_usage_events" already exists, skipping
ALTER TABLE
ALTER TABLE
NOTICE:  column "total_token_count" of relation "api_usage_events" already exists, skipping
ALTER TABLE
ALTER TABLE
NOTICE:  column "user_id" of relation "api_usage_events" already exists, skipping
ALTER TABLE
ALTER TABLE
NOTICE:  column "created_at" of relation "app_preferences" already exists, skipping
ALTER TABLE
ALTER TABLE
NOTICE:  column "key" of relation "app_preferences" already exists, skipping
ALTER TABLE
ALTER TABLE
NOTICE:  column "updated_at" of relation "app_preferences" already exists, skipping
ALTER TABLE
ALTER TABLE
NOTICE:  column "value" of relation "app_preferences" already exists, skipping
ALTER TABLE
ALTER TABLE
NOTICE:  column "approval_id" of relation "approval_comments" already exists, skipping
ALTER TABLE
ALTER TABLE
NOTICE:  column "author_id" of relation "approval_comments" already exists, skipping
ALTER TABLE
ALTER TABLE
NOTICE:  column "body" of relation "approval_comments" already exists, skipping
ALTER TABLE
ALTER TABLE
NOTICE:  column "created_at" of relation "approval_comments" already exists, skipping
ALTER TABLE
ALTER TABLE
NOTICE:  column "id" of relation "approval_comments" already exists, skipping
ALTER TABLE
ALTER TABLE
NOTICE:  column "payload" of relation "approval_comments" already exists, skipping
ALTER TABLE
NOTICE:  column "request_id" of relation "approval_comments" already exists, skipping
ALTER TABLE
ALTER TABLE
ALTER TABLE
NOTICE:  column "actor_id" of relation "approval_events" already exists, skipping
ALTER TABLE
ALTER TABLE
NOTICE:  column "after_value" of relation "approval_events" already exists, skipping
ALTER TABLE
ALTER TABLE
NOTICE:  column "approval_id" of relation "approval_events" already exists, skipping
ALTER TABLE
ALTER TABLE
NOTICE:  column "before_value" of relation "approval_events" already exists, skipping
ALTER TABLE
ALTER TABLE
NOTICE:  column "created_at" of relation "approval_events" already exists, skipping
ALTER TABLE
ALTER TABLE
NOTICE:  column "event_type" of relation "approval_events" already exists, skipping
ALTER TABLE
ALTER TABLE
NOTICE:  column "field_name" of relation "approval_events" already exists, skipping
ALTER TABLE
ALTER TABLE
NOTICE:  column "id" of relation "approval_events" already exists, skipping
ALTER TABLE
ALTER TABLE
NOTICE:  column "payload" of relation "approval_events" already exists, skipping
ALTER TABLE
ALTER TABLE
NOTICE:  column "request_id" of relation "approval_events" already exists, skipping
ALTER TABLE
ALTER TABLE
NOTICE:  column "approver_id" of relation "approval_requests" already exists, skipping
ALTER TABLE
ALTER TABLE
NOTICE:  column "attachment_links" of relation "approval_requests" already exists, skipping
ALTER TABLE
ALTER TABLE
NOTICE:  column "body" of relation "approval_requests" already exists, skipping
ALTER TABLE
ALTER TABLE
NOTICE:  column "checklist_items" of relation "approval_requests" already exists, skipping
ALTER TABLE
ALTER TABLE
NOTICE:  column "class_summary" of relation "approval_requests" already exists, skipping
ALTER TABLE
ALTER TABLE
NOTICE:  column "created_at" of relation "approval_requests" already exists, skipping
ALTER TABLE
ALTER TABLE
NOTICE:  column "decided_at" of relation "approval_requests" already exists, skipping
ALTER TABLE
ALTER TABLE
NOTICE:  column "id" of relation "approval_requests" already exists, skipping
ALTER TABLE
ALTER TABLE
NOTICE:  column "memo" of relation "approval_requests" already exists, skipping
ALTER TABLE
ALTER TABLE
NOTICE:  column "next_month_plan" of relation "approval_requests" already exists, skipping
ALTER TABLE
ALTER TABLE
NOTICE:  column "report_month" of relation "approval_requests" already exists, skipping
ALTER TABLE
ALTER TABLE
NOTICE:  column "request_type" of relation "approval_requests" already exists, skipping
ALTER TABLE
ALTER TABLE
NOTICE:  column "requester_id" of relation "approval_requests" already exists, skipping
ALTER TABLE
ALTER TABLE
NOTICE:  column "status" of relation "approval_requests" already exists, skipping
ALTER TABLE
ALTER TABLE
NOTICE:  column "student_issues" of relation "approval_requests" already exists, skipping
ALTER TABLE
ALTER TABLE
NOTICE:  column "subject" of relation "approval_requests" already exists, skipping
ALTER TABLE
ALTER TABLE
NOTICE:  column "submitted_at" of relation "approval_requests" already exists, skipping
ALTER TABLE
ALTER TABLE
NOTICE:  column "template_key" of relation "approval_requests" already exists, skipping
ALTER TABLE
ALTER TABLE
NOTICE:  column "title" of relation "approval_requests" already exists, skipping
ALTER TABLE
ALTER TABLE
NOTICE:  column "updated_at" of relation "approval_requests" already exists, skipping
ALTER TABLE
ALTER TABLE
NOTICE:  column "attachment_links" of relation "approval_templates" already exists, skipping
ALTER TABLE
ALTER TABLE
NOTICE:  column "body" of relation "approval_templates" already exists, skipping
ALTER TABLE
ALTER TABLE
NOTICE:  column "checklist_items" of relation "approval_templates" already exists, skipping
ALTER TABLE
ALTER TABLE
NOTICE:  column "created_at" of relation "approval_templates" already exists, skipping
ALTER TABLE
ALTER TABLE
NOTICE:  column "created_by" of relation "approval_templates" already exists, skipping
ALTER TABLE
ALTER TABLE
NOTICE:  column "id" of relation "approval_templates" already exists, skipping
ALTER TABLE
ALTER TABLE
NOTICE:  column "is_shared" of relation "approval_templates" already exists, skipping
ALTER TABLE
ALTER TABLE
NOTICE:  column "name" of relation "approval_templates" already exists, skipping
ALTER TABLE
ALTER TABLE
NOTICE:  column "subject" of relation "approval_templates" already exists, skipping
ALTER TABLE
ALTER TABLE
NOTICE:  column "updated_at" of relation "approval_templates" already exists, skipping
ALTER TABLE
ALTER TABLE
NOTICE:  column "class_id" of relation "class_lesson_sessions" already exists, skipping
ALTER TABLE
ALTER TABLE
NOTICE:  column "classroom_catalog_id" of relation "class_lesson_sessions" already exists, skipping
ALTER TABLE
ALTER TABLE
NOTICE:  column "classroom_name_snapshot" of relation "class_lesson_sessions" already exists, skipping
ALTER TABLE
ALTER TABLE
NOTICE:  column "created_at" of relation "class_lesson_sessions" already exists, skipping
ALTER TABLE
ALTER TABLE
NOTICE:  column "created_by" of relation "class_lesson_sessions" already exists, skipping
ALTER TABLE
ALTER TABLE
NOTICE:  column "end_time" of relation "class_lesson_sessions" already exists, skipping
ALTER TABLE
ALTER TABLE
NOTICE:  column "id" of relation "class_lesson_sessions" already exists, skipping
ALTER TABLE
ALTER TABLE
NOTICE:  column "legacy_billing_color" of relation "class_lesson_sessions" already exists, skipping
ALTER TABLE
ALTER TABLE
NOTICE:  column "legacy_billing_id" of relation "class_lesson_sessions" already exists, skipping
ALTER TABLE
NOTICE:  column "legacy_billing_label" of relation "class_lesson_sessions" already exists, skipping
ALTER TABLE
ALTER TABLE
ALTER TABLE
NOTICE:  column "makeup_of_session_id" of relation "class_lesson_sessions" already exists, skipping
ALTER TABLE
ALTER TABLE
NOTICE:  column "memo" of relation "class_lesson_sessions" already exists, skipping
ALTER TABLE
ALTER TABLE
NOTICE:  column "origin" of relation "class_lesson_sessions" already exists, skipping
ALTER TABLE
ALTER TABLE
NOTICE:  column "public_note" of relation "class_lesson_sessions" already exists, skipping
ALTER TABLE
ALTER TABLE
NOTICE:  column "revision" of relation "class_lesson_sessions" already exists, skipping
ALTER TABLE
ALTER TABLE
NOTICE:  column "schedule_state" of relation "class_lesson_sessions" already exists, skipping
ALTER TABLE
ALTER TABLE
NOTICE:  column "session_date" of relation "class_lesson_sessions" already exists, skipping
ALTER TABLE
ALTER TABLE
NOTICE:  column "session_key" of relation "class_lesson_sessions" already exists, skipping
ALTER TABLE
ALTER TABLE
NOTICE:  column "source_schedule_slot_id" of relation "class_lesson_sessions" already exists, skipping
ALTER TABLE
ALTER TABLE
NOTICE:  column "start_time" of relation "class_lesson_sessions" already exists, skipping
ALTER TABLE
ALTER TABLE
NOTICE:  column "teacher_catalog_id" of relation "class_lesson_sessions" already exists, skipping
ALTER TABLE
ALTER TABLE
NOTICE:  column "teacher_name_snapshot" of relation "class_lesson_sessions" already exists, skipping
ALTER TABLE
ALTER TABLE
NOTICE:  column "teacher_note" of relation "class_lesson_sessions" already exists, skipping
ALTER TABLE
ALTER TABLE
NOTICE:  column "updated_at" of relation "class_lesson_sessions" already exists, skipping
ALTER TABLE
ALTER TABLE
NOTICE:  column "updated_by" of relation "class_lesson_sessions" already exists, skipping
ALTER TABLE
ALTER TABLE
NOTICE:  column "class_id" of relation "class_schedule_slots" already exists, skipping
ALTER TABLE
ALTER TABLE
NOTICE:  column "classroom_catalog_id" of relation "class_schedule_slots" already exists, skipping
ALTER TABLE
ALTER TABLE
NOTICE:  column "classroom_name" of relation "class_schedule_slots" already exists, skipping
ALTER TABLE
ALTER TABLE
NOTICE:  column "created_at" of relation "class_schedule_slots" already exists, skipping
ALTER TABLE
ALTER TABLE
NOTICE:  column "end_time" of relation "class_schedule_slots" already exists, skipping
ALTER TABLE
ALTER TABLE
NOTICE:  column "id" of relation "class_schedule_slots" already exists, skipping
ALTER TABLE
ALTER TABLE
NOTICE:  column "sort_order" of relation "class_schedule_slots" already exists, skipping
ALTER TABLE
ALTER TABLE
NOTICE:  column "start_time" of relation "class_schedule_slots" already exists, skipping
ALTER TABLE
ALTER TABLE
NOTICE:  column "teacher_catalog_id" of relation "class_schedule_slots" already exists, skipping
ALTER TABLE
ALTER TABLE
NOTICE:  column "teacher_name" of relation "class_schedule_slots" already exists, skipping
ALTER TABLE
ALTER TABLE
NOTICE:  column "updated_at" of relation "class_schedule_slots" already exists, skipping
ALTER TABLE
ALTER TABLE
NOTICE:  column "weekday" of relation "class_schedule_slots" already exists, skipping
ALTER TABLE
ALTER TABLE
NOTICE:  column "class_id" of relation "class_schedule_sync_group_members" already exists, skipping
ALTER TABLE
ALTER TABLE
NOTICE:  column "created_at" of relation "class_schedule_sync_group_members" already exists, skipping
ALTER TABLE
ALTER TABLE
NOTICE:  column "group_id" of relation "class_schedule_sync_group_members" already exists, skipping
ALTER TABLE
ALTER TABLE
NOTICE:  column "sort_order" of relation "class_schedule_sync_group_members" already exists, skipping
ALTER TABLE
ALTER TABLE
NOTICE:  column "color" of relation "class_schedule_sync_groups" already exists, skipping
ALTER TABLE
ALTER TABLE
NOTICE:  column "created_at" of relation "class_schedule_sync_groups" already exists, skipping
ALTER TABLE
ALTER TABLE
NOTICE:  column "id" of relation "class_schedule_sync_groups" already exists, skipping
ALTER TABLE
ALTER TABLE
NOTICE:  column "is_default" of relation "class_schedule_sync_groups" already exists, skipping
ALTER TABLE
ALTER TABLE
NOTICE:  column "name" of relation "class_schedule_sync_groups" already exists, skipping
ALTER TABLE
ALTER TABLE
NOTICE:  column "note" of relation "class_schedule_sync_groups" already exists, skipping
ALTER TABLE
ALTER TABLE
NOTICE:  column "sort_order" of relation "class_schedule_sync_groups" already exists, skipping
ALTER TABLE
ALTER TABLE
NOTICE:  column "subject" of relation "class_schedule_sync_groups" already exists, skipping
ALTER TABLE
ALTER TABLE
NOTICE:  column "term_id" of relation "class_schedule_sync_groups" already exists, skipping
ALTER TABLE
ALTER TABLE
NOTICE:  column "updated_at" of relation "class_schedule_sync_groups" already exists, skipping
ALTER TABLE
ALTER TABLE
NOTICE:  column "academic_year" of relation "class_terms" already exists, skipping
ALTER TABLE
ALTER TABLE
NOTICE:  column "created_at" of relation "class_terms" already exists, skipping
ALTER TABLE
ALTER TABLE
NOTICE:  column "end_date" of relation "class_terms" already exists, skipping
ALTER TABLE
ALTER TABLE
NOTICE:  column "id" of relation "class_terms" already exists, skipping
ALTER TABLE
ALTER TABLE
NOTICE:  column "name" of relation "class_terms" already exists, skipping
ALTER TABLE
ALTER TABLE
NOTICE:  column "sort_order" of relation "class_terms" already exists, skipping
ALTER TABLE
ALTER TABLE
NOTICE:  column "start_date" of relation "class_terms" already exists, skipping
ALTER TABLE
ALTER TABLE
NOTICE:  column "status" of relation "class_terms" already exists, skipping
ALTER TABLE
ALTER TABLE
NOTICE:  column "updated_at" of relation "class_terms" already exists, skipping
ALTER TABLE
ALTER TABLE
NOTICE:  column "capacity" of relation "classes" already exists, skipping
ALTER TABLE
ALTER TABLE
NOTICE:  column "class_type" of relation "classes" already exists, skipping
ALTER TABLE
ALTER TABLE
NOTICE:  column "closed_at" of relation "classes" already exists, skipping
ALTER TABLE
ALTER TABLE
NOTICE:  column "closed_by" of relation "classes" already exists, skipping
ALTER TABLE
ALTER TABLE
NOTICE:  column "color" of relation "classes" already exists, skipping
ALTER TABLE
ALTER TABLE
NOTICE:  column "created_at" of relation "classes" already exists, skipping
ALTER TABLE
ALTER TABLE
NOTICE:  column "end_date" of relation "classes" already exists, skipping
ALTER TABLE
ALTER TABLE
NOTICE:  column "fee" of relation "classes" already exists, skipping
ALTER TABLE
ALTER TABLE
NOTICE:  column "grade" of relation "classes" already exists, skipping
ALTER TABLE
ALTER TABLE
NOTICE:  column "id" of relation "classes" already exists, skipping
ALTER TABLE
ALTER TABLE
NOTICE:  column "lessons" of relation "classes" already exists, skipping
ALTER TABLE
ALTER TABLE
NOTICE:  column "name" of relation "classes" already exists, skipping
ALTER TABLE
ALTER TABLE
NOTICE:  column "period" of relation "classes" already exists, skipping
ALTER TABLE
ALTER TABLE
NOTICE:  column "room" of relation "classes" already exists, skipping
ALTER TABLE
ALTER TABLE
NOTICE:  column "schedule" of relation "classes" already exists, skipping
ALTER TABLE
ALTER TABLE
NOTICE:  column "schedule_plan" of relation "classes" already exists, skipping
ALTER TABLE
ALTER TABLE
NOTICE:  column "schedule_revision" of relation "classes" already exists, skipping
ALTER TABLE
ALTER TABLE
NOTICE:  column "schedule_storage_mode" of relation "classes" already exists, skipping
ALTER TABLE
ALTER TABLE
NOTICE:  column "start_date" of relation "classes" already exists, skipping
ALTER TABLE
ALTER TABLE
NOTICE:  column "status" of relation "classes" already exists, skipping
ALTER TABLE
ALTER TABLE
NOTICE:  column "student_ids" of relation "classes" already exists, skipping
ALTER TABLE
ALTER TABLE
NOTICE:  column "subject" of relation "classes" already exists, skipping
ALTER TABLE
ALTER TABLE
NOTICE:  column "subject_area_key" of relation "classes" already exists, skipping
ALTER TABLE
ALTER TABLE
NOTICE:  column "teacher" of relation "classes" already exists, skipping
ALTER TABLE
ALTER TABLE
NOTICE:  column "term_id" of relation "classes" already exists, skipping
ALTER TABLE
ALTER TABLE
NOTICE:  column "textbook_ids" of relation "classes" already exists, skipping
ALTER TABLE
ALTER TABLE
NOTICE:  column "textbook_info" of relation "classes" already exists, skipping
ALTER TABLE
ALTER TABLE
NOTICE:  column "waitlist_ids" of relation "classes" already exists, skipping
ALTER TABLE
ALTER TABLE
NOTICE:  column "campus" of relation "classroom_catalogs" already exists, skipping
ALTER TABLE
ALTER TABLE
NOTICE:  column "created_at" of relation "classroom_catalogs" already exists, skipping
ALTER TABLE
ALTER TABLE
NOTICE:  column "id" of relation "classroom_catalogs" already exists, skipping
ALTER TABLE
ALTER TABLE
NOTICE:  column "is_visible" of relation "classroom_catalogs" already exists, skipping
ALTER TABLE
ALTER TABLE
NOTICE:  column "name" of relation "classroom_catalogs" already exists, skipping
ALTER TABLE
ALTER TABLE
NOTICE:  column "sort_order" of relation "classroom_catalogs" already exists, skipping
ALTER TABLE
ALTER TABLE
NOTICE:  column "subjects" of relation "classroom_catalogs" already exists, skipping
ALTER TABLE
ALTER TABLE
NOTICE:  column "updated_at" of relation "classroom_catalogs" already exists, skipping
ALTER TABLE
ALTER TABLE
NOTICE:  column "action" of relation "dashboard_audit_logs" already exists, skipping
ALTER TABLE
ALTER TABLE
NOTICE:  column "actor_email" of relation "dashboard_audit_logs" already exists, skipping
ALTER TABLE
ALTER TABLE
NOTICE:  column "actor_profile_id" of relation "dashboard_audit_logs" already exists, skipping
ALTER TABLE
ALTER TABLE
NOTICE:  column "actor_role" of relation "dashboard_audit_logs" already exists, skipping
ALTER TABLE
ALTER TABLE
NOTICE:  column "after_hash" of relation "dashboard_audit_logs" already exists, skipping
ALTER TABLE
ALTER TABLE
NOTICE:  column "after_record" of relation "dashboard_audit_logs" already exists, skipping
ALTER TABLE
ALTER TABLE
NOTICE:  column "audit_chain_id" of relation "dashboard_audit_logs" already exists, skipping
ALTER TABLE
ALTER TABLE
NOTICE:  column "before_hash" of relation "dashboard_audit_logs" already exists, skipping
ALTER TABLE
ALTER TABLE
NOTICE:  column "before_record" of relation "dashboard_audit_logs" already exists, skipping
ALTER TABLE
ALTER TABLE
NOTICE:  column "chain_ordinal" of relation "dashboard_audit_logs" already exists, skipping
ALTER TABLE
ALTER TABLE
NOTICE:  column "chain_start_kind" of relation "dashboard_audit_logs" already exists, skipping
ALTER TABLE
ALTER TABLE
NOTICE:  column "change_patch" of relation "dashboard_audit_logs" already exists, skipping
ALTER TABLE
ALTER TABLE
NOTICE:  column "change_reason" of relation "dashboard_audit_logs" already exists, skipping
ALTER TABLE
ALTER TABLE
NOTICE:  column "changed_at" of relation "dashboard_audit_logs" already exists, skipping
ALTER TABLE
ALTER TABLE
NOTICE:  column "class_id" of relation "dashboard_audit_logs" already exists, skipping
ALTER TABLE
ALTER TABLE
NOTICE:  column "entity_id" of relation "dashboard_audit_logs" already exists, skipping
ALTER TABLE
ALTER TABLE
NOTICE:  column "entity_label" of relation "dashboard_audit_logs" already exists, skipping
ALTER TABLE
ALTER TABLE
NOTICE:  column "entity_table" of relation "dashboard_audit_logs" already exists, skipping
ALTER TABLE
ALTER TABLE
NOTICE:  column "event_sequence" of relation "dashboard_audit_logs" already exists, skipping
ALTER TABLE
ALTER TABLE
NOTICE:  column "id" of relation "dashboard_audit_logs" already exists, skipping
ALTER TABLE
ALTER TABLE
NOTICE:  column "predecessor_after_hash" of relation "dashboard_audit_logs" already exists, skipping
ALTER TABLE
ALTER TABLE
NOTICE:  column "predecessor_event_id" of relation "dashboard_audit_logs" already exists, skipping
ALTER TABLE
ALTER TABLE
NOTICE:  column "record_format" of relation "dashboard_audit_logs" already exists, skipping
ALTER TABLE
ALTER TABLE
NOTICE:  column "request_key" of relation "dashboard_audit_logs" already exists, skipping
ALTER TABLE
ALTER TABLE
NOTICE:  column "request_operation" of relation "dashboard_audit_logs" already exists, skipping
ALTER TABLE
ALTER TABLE
NOTICE:  column "notification_id" of relation "dashboard_notification_read_receipts" already exists, skipping
ALTER TABLE
ALTER TABLE
NOTICE:  column "profile_id" of relation "dashboard_notification_read_receipts" already exists, skipping
ALTER TABLE
ALTER TABLE
NOTICE:  column "read_at" of relation "dashboard_notification_read_receipts" already exists, skipping
ALTER TABLE
ALTER TABLE
NOTICE:  column "actor_profile_id" of relation "dashboard_notifications" already exists, skipping
ALTER TABLE
ALTER TABLE
NOTICE:  column "body" of relation "dashboard_notifications" already exists, skipping
ALTER TABLE
ALTER TABLE
NOTICE:  column "created_at" of relation "dashboard_notifications" already exists, skipping
ALTER TABLE
ALTER TABLE
NOTICE:  column "dedupe_key" of relation "dashboard_notifications" already exists, skipping
ALTER TABLE
ALTER TABLE
NOTICE:  column "href" of relation "dashboard_notifications" already exists, skipping
ALTER TABLE
ALTER TABLE
NOTICE:  column "id" of relation "dashboard_notifications" already exists, skipping
ALTER TABLE
ALTER TABLE
NOTICE:  column "metadata" of relation "dashboard_notifications" already exists, skipping
ALTER TABLE
ALTER TABLE
NOTICE:  column "read_at" of relation "dashboard_notifications" already exists, skipping
ALTER TABLE
ALTER TABLE
NOTICE:  column "recipient_profile_id" of relation "dashboard_notifications" already exists, skipping
ALTER TABLE
ALTER TABLE
NOTICE:  column "recipient_team" of relation "dashboard_notifications" already exists, skipping
ALTER TABLE
ALTER TABLE
NOTICE:  column "revoked_at" of relation "dashboard_notifications" already exists, skipping
ALTER TABLE
ALTER TABLE
NOTICE:  column "revoked_reason" of relation "dashboard_notifications" already exists, skipping
ALTER TABLE
ALTER TABLE
NOTICE:  column "source_delivery_id" of relation "dashboard_notifications" already exists, skipping
ALTER TABLE
ALTER TABLE
NOTICE:  column "title" of relation "dashboard_notifications" already exists, skipping
ALTER TABLE
ALTER TABLE
NOTICE:  column "type" of relation "dashboard_notifications" already exists, skipping
ALTER TABLE
ALTER TABLE
NOTICE:  column "auth" of relation "dashboard_push_subscriptions" already exists, skipping
ALTER TABLE
ALTER TABLE
NOTICE:  column "created_at" of relation "dashboard_push_subscriptions" already exists, skipping
ALTER TABLE
ALTER TABLE
NOTICE:  column "endpoint" of relation "dashboard_push_subscriptions" already exists, skipping
ALTER TABLE
ALTER TABLE
NOTICE:  column "id" of relation "dashboard_push_subscriptions" already exists, skipping
ALTER TABLE
ALTER TABLE
NOTICE:  column "last_seen_at" of relation "dashboard_push_subscriptions" already exists, skipping
ALTER TABLE
ALTER TABLE
NOTICE:  column "p256dh" of relation "dashboard_push_subscriptions" already exists, skipping
ALTER TABLE
ALTER TABLE
NOTICE:  column "profile_id" of relation "dashboard_push_subscriptions" already exists, skipping
ALTER TABLE
ALTER TABLE
NOTICE:  column "updated_at" of relation "dashboard_push_subscriptions" already exists, skipping
ALTER TABLE
ALTER TABLE
NOTICE:  column "user_agent" of relation "dashboard_push_subscriptions" already exists, skipping
ALTER TABLE
ALTER TABLE
NOTICE:  column "created_at" of relation "gemini_api_keys" already exists, skipping
ALTER TABLE
ALTER TABLE
NOTICE:  column "created_by" of relation "gemini_api_keys" already exists, skipping
ALTER TABLE
ALTER TABLE
NOTICE:  column "daily_request_limit" of relation "gemini_api_keys" already exists, skipping
ALTER TABLE
ALTER TABLE
NOTICE:  column "encrypted_key" of relation "gemini_api_keys" already exists, skipping
ALTER TABLE
ALTER TABLE
NOTICE:  column "fingerprint" of relation "gemini_api_keys" already exists, skipping
ALTER TABLE
ALTER TABLE
NOTICE:  column "id" of relation "gemini_api_keys" already exists, skipping
ALTER TABLE
ALTER TABLE
NOTICE:  column "is_active" of relation "gemini_api_keys" already exists, skipping
ALTER TABLE
ALTER TABLE
NOTICE:  column "key_ciphertext" of relation "gemini_api_keys" already exists, skipping
ALTER TABLE
ALTER TABLE
NOTICE:  column "key_hash" of relation "gemini_api_keys" already exists, skipping
ALTER TABLE
ALTER TABLE
NOTICE:  column "label" of relation "gemini_api_keys" already exists, skipping
ALTER TABLE
ALTER TABLE
NOTICE:  column "last_error" of relation "gemini_api_keys" already exists, skipping
ALTER TABLE
ALTER TABLE
NOTICE:  column "last_quota_error_at" of relation "gemini_api_keys" already exists, skipping
ALTER TABLE
ALTER TABLE
NOTICE:  column "last_used_at" of relation "gemini_api_keys" already exists, skipping
ALTER TABLE
ALTER TABLE
NOTICE:  column "local_request_count" of relation "gemini_api_keys" already exists, skipping
ALTER TABLE
ALTER TABLE
NOTICE:  column "organization_id" of relation "gemini_api_keys" already exists, skipping
ALTER TABLE
ALTER TABLE
NOTICE:  column "priority" of relation "gemini_api_keys" already exists, skipping
ALTER TABLE
ALTER TABLE
NOTICE:  column "scope" of relation "gemini_api_keys" already exists, skipping
ALTER TABLE
ALTER TABLE
NOTICE:  column "updated_at" of relation "gemini_api_keys" already exists, skipping
ALTER TABLE
ALTER TABLE
NOTICE:  column "user_id" of relation "gemini_api_keys" already exists, skipping
ALTER TABLE
ALTER TABLE
NOTICE:  column "api_key_id" of relation "gemini_api_usage_logs" already exists, skipping
ALTER TABLE
ALTER TABLE
NOTICE:  column "created_at" of relation "gemini_api_usage_logs" already exists, skipping
ALTER TABLE
ALTER TABLE
NOTICE:  column "error_code" of relation "gemini_api_usage_logs" already exists, skipping
ALTER TABLE
ALTER TABLE
NOTICE:  column "error_message" of relation "gemini_api_usage_logs" already exists, skipping
ALTER TABLE
ALTER TABLE
NOTICE:  column "generated_problem_count" of relation "gemini_api_usage_logs" already exists, skipping
ALTER TABLE
ALTER TABLE
NOTICE:  column "id" of relation "gemini_api_usage_logs" already exists, skipping
ALTER TABLE
ALTER TABLE
NOTICE:  column "key_fingerprint" of relation "gemini_api_usage_logs" already exists, skipping
ALTER TABLE
ALTER TABLE
NOTICE:  column "key_source" of relation "gemini_api_usage_logs" already exists, skipping
ALTER TABLE
ALTER TABLE
NOTICE:  column "model" of relation "gemini_api_usage_logs" already exists, skipping
ALTER TABLE
ALTER TABLE
NOTICE:  column "organization_id" of relation "gemini_api_usage_logs" already exists, skipping
ALTER TABLE
ALTER TABLE
NOTICE:  column "output_tokens" of relation "gemini_api_usage_logs" already exists, skipping
ALTER TABLE
ALTER TABLE
NOTICE:  column "prompt_tokens" of relation "gemini_api_usage_logs" already exists, skipping
ALTER TABLE
ALTER TABLE
NOTICE:  column "status" of relation "gemini_api_usage_logs" already exists, skipping
ALTER TABLE
ALTER TABLE
NOTICE:  column "total_tokens" of relation "gemini_api_usage_logs" already exists, skipping
ALTER TABLE
ALTER TABLE
NOTICE:  column "user_id" of relation "gemini_api_usage_logs" already exists, skipping
ALTER TABLE
ALTER TABLE
NOTICE:  column "candidates_token_count" of relation "generation_runs" already exists, skipping
ALTER TABLE
ALTER TABLE
NOTICE:  column "completed_at" of relation "generation_runs" already exists, skipping
ALTER TABLE
ALTER TABLE
NOTICE:  column "created_at" of relation "generation_runs" already exists, skipping
ALTER TABLE
ALTER TABLE
NOTICE:  column "error_code" of relation "generation_runs" already exists, skipping
ALTER TABLE
ALTER TABLE
NOTICE:  column "error_message" of relation "generation_runs" already exists, skipping
ALTER TABLE
ALTER TABLE
NOTICE:  column "gemini_api_key_id" of relation "generation_runs" already exists, skipping
ALTER TABLE
ALTER TABLE
NOTICE:  column "generated_by" of relation "generation_runs" already exists, skipping
ALTER TABLE
ALTER TABLE
NOTICE:  column "id" of relation "generation_runs" already exists, skipping
ALTER TABLE
ALTER TABLE
NOTICE:  column "model" of relation "generation_runs" already exists, skipping
ALTER TABLE
ALTER TABLE
NOTICE:  column "organization_id" of relation "generation_runs" already exists, skipping
ALTER TABLE
ALTER TABLE
NOTICE:  column "passage_id" of relation "generation_runs" already exists, skipping
ALTER TABLE
ALTER TABLE
NOTICE:  column "problem_type_counts" of relation "generation_runs" already exists, skipping
ALTER TABLE
ALTER TABLE
NOTICE:  column "prompt_settings" of relation "generation_runs" already exists, skipping
ALTER TABLE
ALTER TABLE
NOTICE:  column "prompt_token_count" of relation "generation_runs" already exists, skipping
ALTER TABLE
ALTER TABLE
NOTICE:  column "status" of relation "generation_runs" already exists, skipping
ALTER TABLE
ALTER TABLE
NOTICE:  column "subject" of relation "generation_runs" already exists, skipping
ALTER TABLE
ALTER TABLE
NOTICE:  column "total_token_count" of relation "generation_runs" already exists, skipping
ALTER TABLE
ALTER TABLE
NOTICE:  column "worksheet_project_id" of relation "generation_runs" already exists, skipping
ALTER TABLE
ALTER TABLE
NOTICE:  column "channel" of relation "google_chat_webhook_settings" already exists, skipping
ALTER TABLE
ALTER TABLE
NOTICE:  column "connection_state" of relation "google_chat_webhook_settings" already exists, skipping
ALTER TABLE
ALTER TABLE
NOTICE:  column "created_at" of relation "google_chat_webhook_settings" already exists, skipping
ALTER TABLE
ALTER TABLE
NOTICE:  column "last_error_code" of relation "google_chat_webhook_settings" already exists, skipping
ALTER TABLE
ALTER TABLE
NOTICE:  column "last_verified_at" of relation "google_chat_webhook_settings" already exists, skipping
ALTER TABLE
ALTER TABLE
NOTICE:  column "revision" of relation "google_chat_webhook_settings" already exists, skipping
ALTER TABLE
ALTER TABLE
NOTICE:  column "updated_at" of relation "google_chat_webhook_settings" already exists, skipping
ALTER TABLE
ALTER TABLE
NOTICE:  column "updated_by" of relation "google_chat_webhook_settings" already exists, skipping
ALTER TABLE
ALTER TABLE
NOTICE:  column "webhook_url" of relation "google_chat_webhook_settings" already exists, skipping
ALTER TABLE
ALTER TABLE
NOTICE:  column "webhook_url_ciphertext" of relation "google_chat_webhook_settings" already exists, skipping
ALTER TABLE
ALTER TABLE
NOTICE:  column "webhook_url_mask" of relation "google_chat_webhook_settings" already exists, skipping
ALTER TABLE
ALTER TABLE
NOTICE:  column "actor_profile_id" of relation "makeup_notification_deliveries" already exists, skipping
ALTER TABLE
ALTER TABLE
NOTICE:  column "body" of relation "makeup_notification_deliveries" already exists, skipping
ALTER TABLE
ALTER TABLE
NOTICE:  column "channel" of relation "makeup_notification_deliveries" already exists, skipping
ALTER TABLE
ALTER TABLE
NOTICE:  column "created_at" of relation "makeup_notification_deliveries" already exists, skipping
ALTER TABLE
ALTER TABLE
NOTICE:  column "dedupe_key" of relation "makeup_notification_deliveries" already exists, skipping
ALTER TABLE
ALTER TABLE
NOTICE:  column "error" of relation "makeup_notification_deliveries" already exists, skipping
ALTER TABLE
ALTER TABLE
NOTICE:  column "google_chat_channel" of relation "makeup_notification_deliveries" already exists, skipping
ALTER TABLE
ALTER TABLE
NOTICE:  column "id" of relation "makeup_notification_deliveries" already exists, skipping
ALTER TABLE
ALTER TABLE
NOTICE:  column "metadata" of relation "makeup_notification_deliveries" already exists, skipping
ALTER TABLE
ALTER TABLE
NOTICE:  column "recipient_profile_id" of relation "makeup_notification_deliveries" already exists, skipping
ALTER TABLE
ALTER TABLE
NOTICE:  column "recipient_team" of relation "makeup_notification_deliveries" already exists, skipping
ALTER TABLE
ALTER TABLE
NOTICE:  column "request_id" of relation "makeup_notification_deliveries" already exists, skipping
ALTER TABLE
ALTER TABLE
NOTICE:  column "status" of relation "makeup_notification_deliveries" already exists, skipping
ALTER TABLE
ALTER TABLE
NOTICE:  column "target_label" of relation "makeup_notification_deliveries" already exists, skipping
ALTER TABLE
ALTER TABLE
NOTICE:  column "target_type" of relation "makeup_notification_deliveries" already exists, skipping
ALTER TABLE
ALTER TABLE
NOTICE:  column "title" of relation "makeup_notification_deliveries" already exists, skipping
ALTER TABLE
ALTER TABLE
NOTICE:  column "trigger_kind" of relation "makeup_notification_deliveries" already exists, skipping
ALTER TABLE
ALTER TABLE
NOTICE:  column "body_template" of relation "makeup_notification_settings" already exists, skipping
ALTER TABLE
ALTER TABLE
NOTICE:  column "channel" of relation "makeup_notification_settings" already exists, skipping
ALTER TABLE
ALTER TABLE
NOTICE:  column "enabled" of relation "makeup_notification_settings" already exists, skipping
ALTER TABLE
ALTER TABLE
NOTICE:  column "title_template" of relation "makeup_notification_settings" already exists, skipping
ALTER TABLE
ALTER TABLE
NOTICE:  column "trigger_kind" of relation "makeup_notification_settings" already exists, skipping
ALTER TABLE
ALTER TABLE
NOTICE:  column "updated_at" of relation "makeup_notification_settings" already exists, skipping
ALTER TABLE
ALTER TABLE
NOTICE:  column "updated_by" of relation "makeup_notification_settings" already exists, skipping
ALTER TABLE
ALTER TABLE
NOTICE:  column "actor_id" of relation "makeup_request_events" already exists, skipping
ALTER TABLE
ALTER TABLE
NOTICE:  column "after_value" of relation "makeup_request_events" already exists, skipping
ALTER TABLE
ALTER TABLE
NOTICE:  column "before_value" of relation "makeup_request_events" already exists, skipping
ALTER TABLE
ALTER TABLE
NOTICE:  column "created_at" of relation "makeup_request_events" already exists, skipping
ALTER TABLE
ALTER TABLE
NOTICE:  column "event_type" of relation "makeup_request_events" already exists, skipping
ALTER TABLE
ALTER TABLE
NOTICE:  column "field_name" of relation "makeup_request_events" already exists, skipping
ALTER TABLE
ALTER TABLE
NOTICE:  column "id" of relation "makeup_request_events" already exists, skipping
ALTER TABLE
ALTER TABLE
NOTICE:  column "mutation_request_id" of relation "makeup_request_events" already exists, skipping
ALTER TABLE
ALTER TABLE
NOTICE:  column "note" of relation "makeup_request_events" already exists, skipping
ALTER TABLE
ALTER TABLE
NOTICE:  column "payload" of relation "makeup_request_events" already exists, skipping
ALTER TABLE
ALTER TABLE
NOTICE:  column "request_id" of relation "makeup_request_events" already exists, skipping
ALTER TABLE
ALTER TABLE
NOTICE:  column "approval_group" of relation "makeup_requests" already exists, skipping
ALTER TABLE
ALTER TABLE
NOTICE:  column "approved_at" of relation "makeup_requests" already exists, skipping
ALTER TABLE
ALTER TABLE
NOTICE:  column "approved_by" of relation "makeup_requests" already exists, skipping
ALTER TABLE
ALTER TABLE
NOTICE:  column "approver_profile_id" of relation "makeup_requests" already exists, skipping
ALTER TABLE
ALTER TABLE
NOTICE:  column "approver_teacher_catalog_id" of relation "makeup_requests" already exists, skipping
ALTER TABLE
ALTER TABLE
NOTICE:  column "cancel_academic_event_id" of relation "makeup_requests" already exists, skipping
ALTER TABLE
ALTER TABLE
NOTICE:  column "cancel_date" of relation "makeup_requests" already exists, skipping
ALTER TABLE
ALTER TABLE
NOTICE:  column "canceled_at" of relation "makeup_requests" already exists, skipping
ALTER TABLE
ALTER TABLE
NOTICE:  column "canceled_by" of relation "makeup_requests" already exists, skipping
ALTER TABLE
ALTER TABLE
NOTICE:  column "class_id" of relation "makeup_requests" already exists, skipping
ALTER TABLE
ALTER TABLE
NOTICE:  column "class_name" of relation "makeup_requests" already exists, skipping
ALTER TABLE
ALTER TABLE
NOTICE:  column "completed_at" of relation "makeup_requests" already exists, skipping
ALTER TABLE
ALTER TABLE
NOTICE:  column "completed_by" of relation "makeup_requests" already exists, skipping
ALTER TABLE
ALTER TABLE
NOTICE:  column "created_at" of relation "makeup_requests" already exists, skipping
ALTER TABLE
ALTER TABLE
NOTICE:  column "final_note" of relation "makeup_requests" already exists, skipping
ALTER TABLE
ALTER TABLE
NOTICE:  column "id" of relation "makeup_requests" already exists, skipping
ALTER TABLE
ALTER TABLE
NOTICE:  column "makeup_academic_event_id" of relation "makeup_requests" already exists, skipping
ALTER TABLE
ALTER TABLE
NOTICE:  column "makeup_academic_event_ids" of relation "makeup_requests" already exists, skipping
ALTER TABLE
ALTER TABLE
NOTICE:  column "makeup_classroom" of relation "makeup_requests" already exists, skipping
ALTER TABLE
ALTER TABLE
NOTICE:  column "makeup_effect_revision" of relation "makeup_requests" already exists, skipping
ALTER TABLE
ALTER TABLE
NOTICE:  column "makeup_end_at" of relation "makeup_requests" already exists, skipping
ALTER TABLE
ALTER TABLE
NOTICE:  column "makeup_lesson_session_ids" of relation "makeup_requests" already exists, skipping
ALTER TABLE
ALTER TABLE
NOTICE:  column "makeup_slots" of relation "makeup_requests" already exists, skipping
ALTER TABLE
ALTER TABLE
NOTICE:  column "makeup_start_at" of relation "makeup_requests" already exists, skipping
ALTER TABLE
ALTER TABLE
NOTICE:  column "original_lesson_session_id" of relation "makeup_requests" already exists, skipping
ALTER TABLE
ALTER TABLE
NOTICE:  column "original_lesson_session_revision" of relation "makeup_requests" already exists, skipping
ALTER TABLE
ALTER TABLE
NOTICE:  column "reason" of relation "makeup_requests" already exists, skipping
ALTER TABLE
ALTER TABLE
NOTICE:  column "rejected_reason" of relation "makeup_requests" already exists, skipping
ALTER TABLE
ALTER TABLE
NOTICE:  column "request_kind" of relation "makeup_requests" already exists, skipping
ALTER TABLE
ALTER TABLE
NOTICE:  column "requester_id" of relation "makeup_requests" already exists, skipping
ALTER TABLE
ALTER TABLE
NOTICE:  column "returned_reason" of relation "makeup_requests" already exists, skipping
ALTER TABLE
ALTER TABLE
NOTICE:  column "schedule_plan_after" of relation "makeup_requests" already exists, skipping
ALTER TABLE
ALTER TABLE
NOTICE:  column "schedule_plan_before" of relation "makeup_requests" already exists, skipping
ALTER TABLE
ALTER TABLE
NOTICE:  column "status" of relation "makeup_requests" already exists, skipping
ALTER TABLE
ALTER TABLE
NOTICE:  column "subject" of relation "makeup_requests" already exists, skipping
ALTER TABLE
ALTER TABLE
NOTICE:  column "teacher_catalog_id" of relation "makeup_requests" already exists, skipping
ALTER TABLE
ALTER TABLE
NOTICE:  column "teacher_profile_id" of relation "makeup_requests" already exists, skipping
ALTER TABLE
ALTER TABLE
NOTICE:  column "updated_at" of relation "makeup_requests" already exists, skipping
ALTER TABLE
ALTER TABLE
NOTICE:  column "attempt" of relation "math_generation_failures" already exists, skipping
ALTER TABLE
ALTER TABLE
NOTICE:  column "created_at" of relation "math_generation_failures" already exists, skipping
ALTER TABLE
ALTER TABLE
NOTICE:  column "created_by" of relation "math_generation_failures" already exists, skipping
ALTER TABLE
ALTER TABLE
NOTICE:  column "failure_type" of relation "math_generation_failures" already exists, skipping
ALTER TABLE
ALTER TABLE
NOTICE:  column "format" of relation "math_generation_failures" already exists, skipping
ALTER TABLE
ALTER TABLE
NOTICE:  column "generation_options" of relation "math_generation_failures" already exists, skipping
ALTER TABLE
ALTER TABLE
NOTICE:  column "id" of relation "math_generation_failures" already exists, skipping
ALTER TABLE
ALTER TABLE
NOTICE:  column "issue_codes" of relation "math_generation_failures" already exists, skipping
ALTER TABLE
ALTER TABLE
NOTICE:  column "issue_messages" of relation "math_generation_failures" already exists, skipping
ALTER TABLE
ALTER TABLE
NOTICE:  column "issues" of relation "math_generation_failures" already exists, skipping
ALTER TABLE
ALTER TABLE
NOTICE:  column "model" of relation "math_generation_failures" already exists, skipping
ALTER TABLE
ALTER TABLE
NOTICE:  column "organization_id" of relation "math_generation_failures" already exists, skipping
ALTER TABLE
ALTER TABLE
NOTICE:  column "problem_id" of relation "math_generation_failures" already exists, skipping
ALTER TABLE
ALTER TABLE
NOTICE:  column "problem_snapshot" of relation "math_generation_failures" already exists, skipping
ALTER TABLE
ALTER TABLE
NOTICE:  column "question_text" of relation "math_generation_failures" already exists, skipping
ALTER TABLE
ALTER TABLE
NOTICE:  column "created_at" of relation "ops_registration_admission_batches" already exists, skipping
ALTER TABLE
ALTER TABLE
NOTICE:  column "id" of relation "ops_registration_admission_batches" already exists, skipping
ALTER TABLE
ALTER TABLE
NOTICE:  column "invoice_sent_at" of relation "ops_registration_admission_batches" already exists, skipping
ALTER TABLE
ALTER TABLE
NOTICE:  column "payment_confirmed_at" of relation "ops_registration_admission_batches" already exists, skipping
ALTER TABLE
ALTER TABLE
NOTICE:  column "revision_number" of relation "ops_registration_admission_batches" already exists, skipping
ALTER TABLE
ALTER TABLE
NOTICE:  column "status" of relation "ops_registration_admission_batches" already exists, skipping
ALTER TABLE
ALTER TABLE
NOTICE:  column "task_id" of relation "ops_registration_admission_batches" already exists, skipping
ALTER TABLE
ALTER TABLE
NOTICE:  column "updated_at" of relation "ops_registration_admission_batches" already exists, skipping
ALTER TABLE
ALTER TABLE
NOTICE:  column "created_at" of relation "ops_registration_appointments" already exists, skipping
ALTER TABLE
ALTER TABLE
NOTICE:  column "created_by" of relation "ops_registration_appointments" already exists, skipping
ALTER TABLE
ALTER TABLE
NOTICE:  column "id" of relation "ops_registration_appointments" already exists, skipping
ALTER TABLE
ALTER TABLE
NOTICE:  column "kind" of relation "ops_registration_appointments" already exists, skipping
ALTER TABLE
ALTER TABLE
NOTICE:  column "notification_revision" of relation "ops_registration_appointments" already exists, skipping
ALTER TABLE
ALTER TABLE
NOTICE:  column "place" of relation "ops_registration_appointments" already exists, skipping
ALTER TABLE
ALTER TABLE
NOTICE:  column "recipient_revision" of relation "ops_registration_appointments" already exists, skipping
ALTER TABLE
ALTER TABLE
NOTICE:  column "scheduled_at" of relation "ops_registration_appointments" already exists, skipping
ALTER TABLE
ALTER TABLE
NOTICE:  column "status" of relation "ops_registration_appointments" already exists, skipping
ALTER TABLE
ALTER TABLE
NOTICE:  column "task_id" of relation "ops_registration_appointments" already exists, skipping
ALTER TABLE
ALTER TABLE
NOTICE:  column "updated_at" of relation "ops_registration_appointments" already exists, skipping
ALTER TABLE
ALTER TABLE
NOTICE:  column "appointment_id" of relation "ops_registration_consultations" already exists, skipping
ALTER TABLE
ALTER TABLE
NOTICE:  column "completed_at" of relation "ops_registration_consultations" already exists, skipping
ALTER TABLE
ALTER TABLE
NOTICE:  column "created_at" of relation "ops_registration_consultations" already exists, skipping
ALTER TABLE
ALTER TABLE
NOTICE:  column "director_profile_id" of relation "ops_registration_consultations" already exists, skipping
ALTER TABLE
ALTER TABLE
NOTICE:  column "id" of relation "ops_registration_consultations" already exists, skipping
ALTER TABLE
ALTER TABLE
NOTICE:  column "mode" of relation "ops_registration_consultations" already exists, skipping
ALTER TABLE
ALTER TABLE
NOTICE:  column "note" of relation "ops_registration_consultations" already exists, skipping
ALTER TABLE
ALTER TABLE
NOTICE:  column "outcome" of relation "ops_registration_consultations" already exists, skipping
ALTER TABLE
ALTER TABLE
NOTICE:  column "ready_at" of relation "ops_registration_consultations" already exists, skipping
ALTER TABLE
ALTER TABLE
NOTICE:  column "ready_source" of relation "ops_registration_consultations" already exists, skipping
ALTER TABLE
ALTER TABLE
NOTICE:  column "recipient_revision" of relation "ops_registration_consultations" already exists, skipping
ALTER TABLE
ALTER TABLE
NOTICE:  column "status" of relation "ops_registration_consultations" already exists, skipping
ALTER TABLE
ALTER TABLE
NOTICE:  column "track_id" of relation "ops_registration_consultations" already exists, skipping
ALTER TABLE
ALTER TABLE
NOTICE:  column "updated_at" of relation "ops_registration_consultations" already exists, skipping
ALTER TABLE
ALTER TABLE
NOTICE:  column "appointment_id" of relation "ops_registration_customer_message_previews" already exists, skipping
ALTER TABLE
ALTER TABLE
NOTICE:  column "consumed_at" of relation "ops_registration_customer_message_previews" already exists, skipping
ALTER TABLE
ALTER TABLE
NOTICE:  column "created_at" of relation "ops_registration_customer_message_previews" already exists, skipping
ALTER TABLE
ALTER TABLE
NOTICE:  column "created_by" of relation "ops_registration_customer_message_previews" already exists, skipping
ALTER TABLE
ALTER TABLE
NOTICE:  column "expires_at" of relation "ops_registration_customer_message_previews" already exists, skipping
ALTER TABLE
ALTER TABLE
NOTICE:  column "id" of relation "ops_registration_customer_message_previews" already exists, skipping
ALTER TABLE
ALTER TABLE
NOTICE:  column "message_kind" of relation "ops_registration_customer_message_previews" already exists, skipping
ALTER TABLE
ALTER TABLE
NOTICE:  column "observation_id" of relation "ops_registration_customer_message_previews" already exists, skipping
ALTER TABLE
ALTER TABLE
NOTICE:  column "recipient_hash" of relation "ops_registration_customer_message_previews" already exists, skipping
ALTER TABLE
ALTER TABLE
NOTICE:  column "recipient_last4" of relation "ops_registration_customer_message_previews" already exists, skipping
ALTER TABLE
ALTER TABLE
NOTICE:  column "rendered_body_checksum" of relation "ops_registration_customer_message_previews" already exists, skipping
ALTER TABLE
ALTER TABLE
NOTICE:  column "rendered_buttons_checksum" of relation "ops_registration_customer_message_previews" already exists, skipping
ALTER TABLE
ALTER TABLE
NOTICE:  column "rendered_variables_checksum" of relation "ops_registration_customer_message_previews" already exists, skipping
ALTER TABLE
ALTER TABLE
NOTICE:  column "source_facts_checksum" of relation "ops_registration_customer_message_previews" already exists, skipping
ALTER TABLE
ALTER TABLE
NOTICE:  column "source_fingerprint" of relation "ops_registration_customer_message_previews" already exists, skipping
ALTER TABLE
ALTER TABLE
NOTICE:  column "source_revision" of relation "ops_registration_customer_message_previews" already exists, skipping
ALTER TABLE
ALTER TABLE
NOTICE:  column "task_id" of relation "ops_registration_customer_message_previews" already exists, skipping
ALTER TABLE
ALTER TABLE
NOTICE:  column "template_checksum" of relation "ops_registration_customer_message_previews" already exists, skipping
ALTER TABLE
ALTER TABLE
NOTICE:  column "template_key" of relation "ops_registration_customer_message_previews" already exists, skipping
ALTER TABLE
ALTER TABLE
NOTICE:  column "template_revision" of relation "ops_registration_customer_message_previews" already exists, skipping
ALTER TABLE
ALTER TABLE
NOTICE:  column "track_id" of relation "ops_registration_customer_message_previews" already exists, skipping
ALTER TABLE
ALTER TABLE
NOTICE:  column "appointment_id" of relation "ops_registration_customer_messages" already exists, skipping
ALTER TABLE
ALTER TABLE
NOTICE:  column "claim_active" of relation "ops_registration_customer_messages" already exists, skipping
ALTER TABLE
ALTER TABLE
NOTICE:  column "claim_expires_at" of relation "ops_registration_customer_messages" already exists, skipping
ALTER TABLE
ALTER TABLE
NOTICE:  column "claim_owner_id" of relation "ops_registration_customer_messages" already exists, skipping
ALTER TABLE
ALTER TABLE
NOTICE:  column "claim_release_reason" of relation "ops_registration_customer_messages" already exists, skipping
ALTER TABLE
ALTER TABLE
NOTICE:  column "claim_token" of relation "ops_registration_customer_messages" already exists, skipping
ALTER TABLE
ALTER TABLE
NOTICE:  column "confirmed_at" of relation "ops_registration_customer_messages" already exists, skipping
ALTER TABLE
ALTER TABLE
NOTICE:  column "confirmed_by" of relation "ops_registration_customer_messages" already exists, skipping
ALTER TABLE
ALTER TABLE
NOTICE:  column "created_at" of relation "ops_registration_customer_messages" already exists, skipping
ALTER TABLE
ALTER TABLE
NOTICE:  column "dedupe_key" of relation "ops_registration_customer_messages" already exists, skipping
ALTER TABLE
ALTER TABLE
NOTICE:  column "delivery_origin" of relation "ops_registration_customer_messages" already exists, skipping
ALTER TABLE
ALTER TABLE
NOTICE:  column "dispatch_token" of relation "ops_registration_customer_messages" already exists, skipping
ALTER TABLE
ALTER TABLE
NOTICE:  column "error_code" of relation "ops_registration_customer_messages" already exists, skipping
ALTER TABLE
ALTER TABLE
NOTICE:  column "id" of relation "ops_registration_customer_messages" already exists, skipping
ALTER TABLE
ALTER TABLE
NOTICE:  column "message_kind" of relation "ops_registration_customer_messages" already exists, skipping
ALTER TABLE
ALTER TABLE
NOTICE:  column "observation_id" of relation "ops_registration_customer_messages" already exists, skipping
ALTER TABLE
ALTER TABLE
NOTICE:  column "preview_id" of relation "ops_registration_customer_messages" already exists, skipping
ALTER TABLE
ALTER TABLE
NOTICE:  column "provider_attempt_count" of relation "ops_registration_customer_messages" already exists, skipping
ALTER TABLE
ALTER TABLE
NOTICE:  column "provider_attempt_started_at" of relation "ops_registration_customer_messages" already exists, skipping
ALTER TABLE
ALTER TABLE
NOTICE:  column "provider_evidence" of relation "ops_registration_customer_messages" already exists, skipping
ALTER TABLE
ALTER TABLE
NOTICE:  column "provider_group_id" of relation "ops_registration_customer_messages" already exists, skipping
ALTER TABLE
ALTER TABLE
NOTICE:  column "provider_message_id" of relation "ops_registration_customer_messages" already exists, skipping
ALTER TABLE
ALTER TABLE
NOTICE:  column "provider_payload_checksum" of relation "ops_registration_customer_messages" already exists, skipping
ALTER TABLE
ALTER TABLE
NOTICE:  column "provider_status_code" of relation "ops_registration_customer_messages" already exists, skipping
ALTER TABLE
ALTER TABLE
NOTICE:  column "provider_status_message" of relation "ops_registration_customer_messages" already exists, skipping
ALTER TABLE
ALTER TABLE
NOTICE:  column "recipient_hash" of relation "ops_registration_customer_messages" already exists, skipping
ALTER TABLE
ALTER TABLE
NOTICE:  column "recipient_last4" of relation "ops_registration_customer_messages" already exists, skipping
ALTER TABLE
ALTER TABLE
NOTICE:  column "rendered_body_checksum" of relation "ops_registration_customer_messages" already exists, skipping
ALTER TABLE
ALTER TABLE
NOTICE:  column "rendered_buttons_checksum" of relation "ops_registration_customer_messages" already exists, skipping
ALTER TABLE
ALTER TABLE
NOTICE:  column "rendered_variables_checksum" of relation "ops_registration_customer_messages" already exists, skipping
ALTER TABLE
ALTER TABLE
NOTICE:  column "request_key" of relation "ops_registration_customer_messages" already exists, skipping
ALTER TABLE
ALTER TABLE
NOTICE:  column "resolution_source" of relation "ops_registration_customer_messages" already exists, skipping
ALTER TABLE
ALTER TABLE
NOTICE:  column "resolved_at" of relation "ops_registration_customer_messages" already exists, skipping
ALTER TABLE
ALTER TABLE
NOTICE:  column "resolved_by" of relation "ops_registration_customer_messages" already exists, skipping
ALTER TABLE
ALTER TABLE
NOTICE:  column "scheduled_for" of relation "ops_registration_customer_messages" already exists, skipping
ALTER TABLE
ALTER TABLE
NOTICE:  column "scheduled_job_id" of relation "ops_registration_customer_messages" already exists, skipping
ALTER TABLE
ALTER TABLE
NOTICE:  column "scheduled_source_identity" of relation "ops_registration_customer_messages" already exists, skipping
ALTER TABLE
ALTER TABLE
NOTICE:  column "source_facts_checksum" of relation "ops_registration_customer_messages" already exists, skipping
ALTER TABLE
ALTER TABLE
NOTICE:  column "source_fingerprint" of relation "ops_registration_customer_messages" already exists, skipping
ALTER TABLE
ALTER TABLE
NOTICE:  column "source_revision" of relation "ops_registration_customer_messages" already exists, skipping
ALTER TABLE
ALTER TABLE
NOTICE:  column "status" of relation "ops_registration_customer_messages" already exists, skipping
ALTER TABLE
ALTER TABLE
NOTICE:  column "task_id" of relation "ops_registration_customer_messages" already exists, skipping
ALTER TABLE
ALTER TABLE
NOTICE:  column "template_checksum" of relation "ops_registration_customer_messages" already exists, skipping
ALTER TABLE
ALTER TABLE
NOTICE:  column "template_key" of relation "ops_registration_customer_messages" already exists, skipping
ALTER TABLE
ALTER TABLE
NOTICE:  column "template_revision" of relation "ops_registration_customer_messages" already exists, skipping
ALTER TABLE
ALTER TABLE
NOTICE:  column "track_id" of relation "ops_registration_customer_messages" already exists, skipping
ALTER TABLE
ALTER TABLE
NOTICE:  column "updated_at" of relation "ops_registration_customer_messages" already exists, skipping
ALTER TABLE
ALTER TABLE
NOTICE:  column "admission_notice_sent" of relation "ops_registration_details" already exists, skipping
ALTER TABLE
ALTER TABLE
NOTICE:  column "class_start_date" of relation "ops_registration_details" already exists, skipping
ALTER TABLE
ALTER TABLE
NOTICE:  column "class_start_session" of relation "ops_registration_details" already exists, skipping
ALTER TABLE
ALTER TABLE
NOTICE:  column "common_revision" of relation "ops_registration_details" already exists, skipping
ALTER TABLE
ALTER TABLE
NOTICE:  column "consultation_at" of relation "ops_registration_details" already exists, skipping
ALTER TABLE
ALTER TABLE
NOTICE:  column "counselor" of relation "ops_registration_details" already exists, skipping
ALTER TABLE
ALTER TABLE
NOTICE:  column "created_at" of relation "ops_registration_details" already exists, skipping
ALTER TABLE
ALTER TABLE
NOTICE:  column "inquiry_at" of relation "ops_registration_details" already exists, skipping
ALTER TABLE
ALTER TABLE
NOTICE:  column "level_test_at" of relation "ops_registration_details" already exists, skipping
ALTER TABLE
ALTER TABLE
NOTICE:  column "level_test_completed_at" of relation "ops_registration_details" already exists, skipping
ALTER TABLE
ALTER TABLE
NOTICE:  column "level_test_material_link" of relation "ops_registration_details" already exists, skipping
ALTER TABLE
ALTER TABLE
NOTICE:  column "level_test_place" of relation "ops_registration_details" already exists, skipping
ALTER TABLE
ALTER TABLE
NOTICE:  column "level_test_result" of relation "ops_registration_details" already exists, skipping
ALTER TABLE
ALTER TABLE
NOTICE:  column "makeedu_invoice_sent" of relation "ops_registration_details" already exists, skipping
ALTER TABLE
ALTER TABLE
NOTICE:  column "makeedu_registered" of relation "ops_registration_details" already exists, skipping
ALTER TABLE
ALTER TABLE
NOTICE:  column "parent_phone" of relation "ops_registration_details" already exists, skipping
ALTER TABLE
ALTER TABLE
NOTICE:  column "payment_checked" of relation "ops_registration_details" already exists, skipping
ALTER TABLE
ALTER TABLE
NOTICE:  column "phone_consultation_at" of relation "ops_registration_details" already exists, skipping
ALTER TABLE
ALTER TABLE
NOTICE:  column "pipeline_status" of relation "ops_registration_details" already exists, skipping
ALTER TABLE
ALTER TABLE
ALTER TABLE
ALTER TABLE
ALTER TABLE
ALTER TABLE
NOTICE:  column "request_note" of relation "ops_registration_details" already exists, skipping
ALTER TABLE
ALTER TABLE
NOTICE:  column "school_grade" of relation "ops_registration_details" already exists, skipping
ALTER TABLE
ALTER TABLE
NOTICE:  column "school_name" of relation "ops_registration_details" already exists, skipping
ALTER TABLE
ALTER TABLE
NOTICE:  column "student_phone" of relation "ops_registration_details" already exists, skipping
ALTER TABLE
ALTER TABLE
NOTICE:  column "task_id" of relation "ops_registration_details" already exists, skipping
ALTER TABLE
ALTER TABLE
NOTICE:  column "textbook_billing_issued" of relation "ops_registration_details" already exists, skipping
ALTER TABLE
ALTER TABLE
NOTICE:  column "textbook_preparation" of relation "ops_registration_details" already exists, skipping
ALTER TABLE
ALTER TABLE
NOTICE:  column "textbook_ready" of relation "ops_registration_details" already exists, skipping
ALTER TABLE
ALTER TABLE
NOTICE:  column "timetable_roster_updated" of relation "ops_registration_details" already exists, skipping
ALTER TABLE
ALTER TABLE
NOTICE:  column "updated_at" of relation "ops_registration_details" already exists, skipping
ALTER TABLE
ALTER TABLE
NOTICE:  column "visit_consultation_at" of relation "ops_registration_details" already exists, skipping
ALTER TABLE
ALTER TABLE
NOTICE:  column "visit_consultation_place" of relation "ops_registration_details" already exists, skipping
ALTER TABLE
ALTER TABLE
NOTICE:  column "admission_batch_id" of relation "ops_registration_enrollments" already exists, skipping
ALTER TABLE
ALTER TABLE
NOTICE:  column "class_id" of relation "ops_registration_enrollments" already exists, skipping
ALTER TABLE
ALTER TABLE
NOTICE:  column "class_start_date" of relation "ops_registration_enrollments" already exists, skipping
ALTER TABLE
ALTER TABLE
NOTICE:  column "class_start_lesson_session_id" of relation "ops_registration_enrollments" already exists, skipping
ALTER TABLE
ALTER TABLE
NOTICE:  column "class_start_session" of relation "ops_registration_enrollments" already exists, skipping
ALTER TABLE
ALTER TABLE
NOTICE:  column "class_start_session_key" of relation "ops_registration_enrollments" already exists, skipping
ALTER TABLE
ALTER TABLE
NOTICE:  column "class_start_source_observation_id" of relation "ops_registration_enrollments" already exists, skipping
ALTER TABLE
ALTER TABLE
NOTICE:  column "created_at" of relation "ops_registration_enrollments" already exists, skipping
ALTER TABLE
ALTER TABLE
NOTICE:  column "id" of relation "ops_registration_enrollments" already exists, skipping
ALTER TABLE
ALTER TABLE
NOTICE:  column "makeedu_registered" of relation "ops_registration_enrollments" already exists, skipping
ALTER TABLE
ALTER TABLE
NOTICE:  column "roster_active" of relation "ops_registration_enrollments" already exists, skipping
ALTER TABLE
ALTER TABLE
NOTICE:  column "roster_release_kind" of relation "ops_registration_enrollments" already exists, skipping
ALTER TABLE
ALTER TABLE
NOTICE:  column "roster_release_reason" of relation "ops_registration_enrollments" already exists, skipping
ALTER TABLE
ALTER TABLE
NOTICE:  column "roster_release_source_task_id" of relation "ops_registration_enrollments" already exists, skipping
ALTER TABLE
ALTER TABLE
NOTICE:  column "roster_released_at" of relation "ops_registration_enrollments" already exists, skipping
ALTER TABLE
ALTER TABLE
NOTICE:  column "sort_order" of relation "ops_registration_enrollments" already exists, skipping
ALTER TABLE
ALTER TABLE
NOTICE:  column "status" of relation "ops_registration_enrollments" already exists, skipping
ALTER TABLE
ALTER TABLE
NOTICE:  column "student_id" of relation "ops_registration_enrollments" already exists, skipping
ALTER TABLE
ALTER TABLE
NOTICE:  column "textbook_id" of relation "ops_registration_enrollments" already exists, skipping
ALTER TABLE
ALTER TABLE
NOTICE:  column "track_id" of relation "ops_registration_enrollments" already exists, skipping
ALTER TABLE
ALTER TABLE
NOTICE:  column "updated_at" of relation "ops_registration_enrollments" already exists, skipping
ALTER TABLE
ALTER TABLE
NOTICE:  column "appointment_id" of relation "ops_registration_level_tests" already exists, skipping
ALTER TABLE
ALTER TABLE
NOTICE:  column "attempt_number" of relation "ops_registration_level_tests" already exists, skipping
ALTER TABLE
ALTER TABLE
NOTICE:  column "completed_at" of relation "ops_registration_level_tests" already exists, skipping
ALTER TABLE
ALTER TABLE
NOTICE:  column "created_at" of relation "ops_registration_level_tests" already exists, skipping
ALTER TABLE
ALTER TABLE
NOTICE:  column "id" of relation "ops_registration_level_tests" already exists, skipping
ALTER TABLE
ALTER TABLE
NOTICE:  column "material_link" of relation "ops_registration_level_tests" already exists, skipping
ALTER TABLE
ALTER TABLE
NOTICE:  column "started_at" of relation "ops_registration_level_tests" already exists, skipping
ALTER TABLE
ALTER TABLE
NOTICE:  column "status" of relation "ops_registration_level_tests" already exists, skipping
ALTER TABLE
ALTER TABLE
NOTICE:  column "track_id" of relation "ops_registration_level_tests" already exists, skipping
ALTER TABLE
ALTER TABLE
NOTICE:  column "updated_at" of relation "ops_registration_level_tests" already exists, skipping
ALTER TABLE
ALTER TABLE
NOTICE:  column "claim_active" of relation "ops_registration_messages" already exists, skipping
ALTER TABLE
ALTER TABLE
NOTICE:  column "created_at" of relation "ops_registration_messages" already exists, skipping
ALTER TABLE
ALTER TABLE
NOTICE:  column "error_message" of relation "ops_registration_messages" already exists, skipping
ALTER TABLE
ALTER TABLE
NOTICE:  column "id" of relation "ops_registration_messages" already exists, skipping
ALTER TABLE
ALTER TABLE
NOTICE:  column "provider_group_id" of relation "ops_registration_messages" already exists, skipping
ALTER TABLE
ALTER TABLE
NOTICE:  column "provider_message_id" of relation "ops_registration_messages" already exists, skipping
ALTER TABLE
ALTER TABLE
NOTICE:  column "provider_status_code" of relation "ops_registration_messages" already exists, skipping
ALTER TABLE
ALTER TABLE
NOTICE:  column "provider_status_message" of relation "ops_registration_messages" already exists, skipping
ALTER TABLE
ALTER TABLE
NOTICE:  column "recipient_last4" of relation "ops_registration_messages" already exists, skipping
ALTER TABLE
ALTER TABLE
NOTICE:  column "request_key" of relation "ops_registration_messages" already exists, skipping
ALTER TABLE
ALTER TABLE
NOTICE:  column "sent_by" of relation "ops_registration_messages" already exists, skipping
ALTER TABLE
ALTER TABLE
NOTICE:  column "status" of relation "ops_registration_messages" already exists, skipping
ALTER TABLE
ALTER TABLE
NOTICE:  column "task_id" of relation "ops_registration_messages" already exists, skipping
ALTER TABLE
ALTER TABLE
NOTICE:  column "template_key" of relation "ops_registration_messages" already exists, skipping
ALTER TABLE
NOTICE:  column "updated_at" of relation "ops_registration_messages" already exists, skipping
ALTER TABLE
ALTER TABLE
ALTER TABLE
NOTICE:  column "appointment_id" of relation "ops_registration_observations" already exists, skipping
ALTER TABLE
ALTER TABLE
NOTICE:  column "attendance" of relation "ops_registration_observations" already exists, skipping
ALTER TABLE
ALTER TABLE
NOTICE:  column "attendance_recorded_at" of relation "ops_registration_observations" already exists, skipping
ALTER TABLE
ALTER TABLE
NOTICE:  column "attendance_recorded_by" of relation "ops_registration_observations" already exists, skipping
ALTER TABLE
ALTER TABLE
NOTICE:  column "booking_fact_hash" of relation "ops_registration_observations" already exists, skipping
ALTER TABLE
ALTER TABLE
NOTICE:  column "campus" of relation "ops_registration_observations" already exists, skipping
ALTER TABLE
ALTER TABLE
NOTICE:  column "class_id" of relation "ops_registration_observations" already exists, skipping
ALTER TABLE
ALTER TABLE
NOTICE:  column "class_lesson_session_id" of relation "ops_registration_observations" already exists, skipping
ALTER TABLE
ALTER TABLE
NOTICE:  column "class_name_snapshot" of relation "ops_registration_observations" already exists, skipping
ALTER TABLE
ALTER TABLE
NOTICE:  column "classroom_catalog_id" of relation "ops_registration_observations" already exists, skipping
ALTER TABLE
ALTER TABLE
NOTICE:  column "classroom_name_snapshot" of relation "ops_registration_observations" already exists, skipping
ALTER TABLE
ALTER TABLE
NOTICE:  column "created_at" of relation "ops_registration_observations" already exists, skipping
ALTER TABLE
ALTER TABLE
NOTICE:  column "created_by" of relation "ops_registration_observations" already exists, skipping
ALTER TABLE
ALTER TABLE
NOTICE:  column "decided_at" of relation "ops_registration_observations" already exists, skipping
ALTER TABLE
ALTER TABLE
NOTICE:  column "decided_by" of relation "ops_registration_observations" already exists, skipping
ALTER TABLE
ALTER TABLE
NOTICE:  column "decision_kind" of relation "ops_registration_observations" already exists, skipping
ALTER TABLE
ALTER TABLE
NOTICE:  column "ends_at" of relation "ops_registration_observations" already exists, skipping
ALTER TABLE
ALTER TABLE
NOTICE:  column "feedback_reason" of relation "ops_registration_observations" already exists, skipping
ALTER TABLE
ALTER TABLE
NOTICE:  column "feedback_revision" of relation "ops_registration_observations" already exists, skipping
ALTER TABLE
ALTER TABLE
NOTICE:  column "feedback_submitted_at" of relation "ops_registration_observations" already exists, skipping
ALTER TABLE
ALTER TABLE
NOTICE:  column "feedback_submitted_by" of relation "ops_registration_observations" already exists, skipping
ALTER TABLE
ALTER TABLE
NOTICE:  column "id" of relation "ops_registration_observations" already exists, skipping
ALTER TABLE
ALTER TABLE
NOTICE:  column "legacy_session_key" of relation "ops_registration_observations" already exists, skipping
ALTER TABLE
ALTER TABLE
NOTICE:  column "legacy_session_source_hash" of relation "ops_registration_observations" already exists, skipping
ALTER TABLE
ALTER TABLE
NOTICE:  column "progress_snapshot" of relation "ops_registration_observations" already exists, skipping
ALTER TABLE
ALTER TABLE
NOTICE:  column "revision" of relation "ops_registration_observations" already exists, skipping
ALTER TABLE
ALTER TABLE
NOTICE:  column "session_authority" of relation "ops_registration_observations" already exists, skipping
ALTER TABLE
ALTER TABLE
NOTICE:  column "session_date" of relation "ops_registration_observations" already exists, skipping
ALTER TABLE
ALTER TABLE
NOTICE:  column "session_schedule_state" of relation "ops_registration_observations" already exists, skipping
ALTER TABLE
ALTER TABLE
NOTICE:  column "session_source_revision" of relation "ops_registration_observations" already exists, skipping
ALTER TABLE
ALTER TABLE
NOTICE:  column "source_revision" of relation "ops_registration_observations" already exists, skipping
ALTER TABLE
ALTER TABLE
NOTICE:  column "starts_at" of relation "ops_registration_observations" already exists, skipping
ALTER TABLE
ALTER TABLE
NOTICE:  column "status" of relation "ops_registration_observations" already exists, skipping
ALTER TABLE
ALTER TABLE
NOTICE:  column "subject" of relation "ops_registration_observations" already exists, skipping
ALTER TABLE
ALTER TABLE
NOTICE:  column "suitability_result" of relation "ops_registration_observations" already exists, skipping
ALTER TABLE
ALTER TABLE
NOTICE:  column "task_id" of relation "ops_registration_observations" already exists, skipping
ALTER TABLE
ALTER TABLE
NOTICE:  column "teacher_catalog_id" of relation "ops_registration_observations" already exists, skipping
ALTER TABLE
ALTER TABLE
NOTICE:  column "teacher_name_snapshot" of relation "ops_registration_observations" already exists, skipping
ALTER TABLE
ALTER TABLE
NOTICE:  column "teacher_profile_id" of relation "ops_registration_observations" already exists, skipping
ALTER TABLE
ALTER TABLE
NOTICE:  column "textbook_snapshot" of relation "ops_registration_observations" already exists, skipping
ALTER TABLE
ALTER TABLE
NOTICE:  column "track_id" of relation "ops_registration_observations" already exists, skipping
ALTER TABLE
ALTER TABLE
NOTICE:  column "updated_at" of relation "ops_registration_observations" already exists, skipping
ALTER TABLE
ALTER TABLE
NOTICE:  column "updated_by" of relation "ops_registration_observations" already exists, skipping
ALTER TABLE
ALTER TABLE
NOTICE:  column "created_at" of relation "ops_registration_subject_tracks" already exists, skipping
ALTER TABLE
ALTER TABLE
NOTICE:  column "director_assigned_at" of relation "ops_registration_subject_tracks" already exists, skipping
ALTER TABLE
ALTER TABLE
NOTICE:  column "director_assignment_rule_key" of relation "ops_registration_subject_tracks" already exists, skipping
ALTER TABLE
ALTER TABLE
NOTICE:  column "director_assignment_source" of relation "ops_registration_subject_tracks" already exists, skipping
ALTER TABLE
ALTER TABLE
NOTICE:  column "director_profile_id" of relation "ops_registration_subject_tracks" already exists, skipping
ALTER TABLE
ALTER TABLE
NOTICE:  column "enrollment_detail_rows" of relation "ops_registration_subject_tracks" already exists, skipping
ALTER TABLE
ALTER TABLE
NOTICE:  column "id" of relation "ops_registration_subject_tracks" already exists, skipping
ALTER TABLE
ALTER TABLE
NOTICE:  column "level_test_retake_decided_at" of relation "ops_registration_subject_tracks" already exists, skipping
ALTER TABLE
NOTICE:  column "level_test_retake_decision" of relation "ops_registration_subject_tracks" already exists, skipping
ALTER TABLE
ALTER TABLE
ALTER TABLE
NOTICE:  column "migration_review_required" of relation "ops_registration_subject_tracks" already exists, skipping
ALTER TABLE
ALTER TABLE
NOTICE:  column "observation_attempt_count" of relation "ops_registration_subject_tracks" already exists, skipping
ALTER TABLE
ALTER TABLE
NOTICE:  column "observation_return_workflow_status" of relation "ops_registration_subject_tracks" already exists, skipping
ALTER TABLE
ALTER TABLE
NOTICE:  column "pipeline_status" of relation "ops_registration_subject_tracks" already exists, skipping
ALTER TABLE
ALTER TABLE
NOTICE:  column "stage_entered_at" of relation "ops_registration_subject_tracks" already exists, skipping
ALTER TABLE
ALTER TABLE
NOTICE:  column "subject" of relation "ops_registration_subject_tracks" already exists, skipping
ALTER TABLE
ALTER TABLE
NOTICE:  column "task_id" of relation "ops_registration_subject_tracks" already exists, skipping
ALTER TABLE
ALTER TABLE
NOTICE:  column "updated_at" of relation "ops_registration_subject_tracks" already exists, skipping
ALTER TABLE
ALTER TABLE
NOTICE:  column "waiting_detail_class_id" of relation "ops_registration_subject_tracks" already exists, skipping
ALTER TABLE
ALTER TABLE
NOTICE:  column "waiting_detail_kind" of relation "ops_registration_subject_tracks" already exists, skipping
ALTER TABLE
ALTER TABLE
NOTICE:  column "waiting_detail_retake_decision" of relation "ops_registration_subject_tracks" already exists, skipping
ALTER TABLE
ALTER TABLE
NOTICE:  column "waiting_kind" of relation "ops_registration_subject_tracks" already exists, skipping
ALTER TABLE
ALTER TABLE
NOTICE:  column "workflow_revision" of relation "ops_registration_subject_tracks" already exists, skipping
ALTER TABLE
ALTER TABLE
NOTICE:  column "workflow_status" of relation "ops_registration_subject_tracks" already exists, skipping
ALTER TABLE
ALTER TABLE
NOTICE:  column "workflow_status_entered_at" of relation "ops_registration_subject_tracks" already exists, skipping
ALTER TABLE
ALTER TABLE
NOTICE:  column "drive_file_id" of relation "ops_task_attachments" already exists, skipping
ALTER TABLE
ALTER TABLE
NOTICE:  column "drive_link" of relation "ops_task_attachments" already exists, skipping
ALTER TABLE
ALTER TABLE
NOTICE:  column "file_kind" of relation "ops_task_attachments" already exists, skipping
ALTER TABLE
ALTER TABLE
NOTICE:  column "file_name" of relation "ops_task_attachments" already exists, skipping
ALTER TABLE
ALTER TABLE
NOTICE:  column "id" of relation "ops_task_attachments" already exists, skipping
ALTER TABLE
ALTER TABLE
NOTICE:  column "task_id" of relation "ops_task_attachments" already exists, skipping
ALTER TABLE
ALTER TABLE
NOTICE:  column "uploaded_at" of relation "ops_task_attachments" already exists, skipping
ALTER TABLE
ALTER TABLE
NOTICE:  column "uploaded_by" of relation "ops_task_attachments" already exists, skipping
ALTER TABLE
ALTER TABLE
NOTICE:  column "action" of relation "ops_task_automation_rules" already exists, skipping
ALTER TABLE
ALTER TABLE
NOTICE:  column "assignee" of relation "ops_task_automation_rules" already exists, skipping
ALTER TABLE
ALTER TABLE
NOTICE:  column "conditions" of relation "ops_task_automation_rules" already exists, skipping
ALTER TABLE
ALTER TABLE
NOTICE:  column "created_at" of relation "ops_task_automation_rules" already exists, skipping
ALTER TABLE
ALTER TABLE
NOTICE:  column "created_by" of relation "ops_task_automation_rules" already exists, skipping
ALTER TABLE
ALTER TABLE
NOTICE:  column "due" of relation "ops_task_automation_rules" already exists, skipping
ALTER TABLE
ALTER TABLE
NOTICE:  column "enabled" of relation "ops_task_automation_rules" already exists, skipping
ALTER TABLE
ALTER TABLE
NOTICE:  column "id" of relation "ops_task_automation_rules" already exists, skipping
ALTER TABLE
ALTER TABLE
NOTICE:  column "kind" of relation "ops_task_automation_rules" already exists, skipping
ALTER TABLE
ALTER TABLE
NOTICE:  column "name" of relation "ops_task_automation_rules" already exists, skipping
ALTER TABLE
ALTER TABLE
NOTICE:  column "notification" of relation "ops_task_automation_rules" already exists, skipping
ALTER TABLE
ALTER TABLE
NOTICE:  column "notification_channel_id" of relation "ops_task_automation_rules" already exists, skipping
ALTER TABLE
ALTER TABLE
NOTICE:  column "recurrence" of relation "ops_task_automation_rules" already exists, skipping
ALTER TABLE
ALTER TABLE
NOTICE:  column "target" of relation "ops_task_automation_rules" already exists, skipping
ALTER TABLE
ALTER TABLE
NOTICE:  column "trigger_key" of relation "ops_task_automation_rules" already exists, skipping
ALTER TABLE
ALTER TABLE
NOTICE:  column "updated_at" of relation "ops_task_automation_rules" already exists, skipping
ALTER TABLE
ALTER TABLE
NOTICE:  column "updated_by" of relation "ops_task_automation_rules" already exists, skipping
ALTER TABLE
ALTER TABLE
NOTICE:  column "created_at" of relation "ops_task_automation_runs" already exists, skipping
ALTER TABLE
ALTER TABLE
NOTICE:  column "error_message" of relation "ops_task_automation_runs" already exists, skipping
ALTER TABLE
ALTER TABLE
NOTICE:  column "event_key" of relation "ops_task_automation_runs" already exists, skipping
ALTER TABLE
ALTER TABLE
NOTICE:  column "id" of relation "ops_task_automation_runs" already exists, skipping
ALTER TABLE
ALTER TABLE
NOTICE:  column "payload" of relation "ops_task_automation_runs" already exists, skipping
ALTER TABLE
ALTER TABLE
NOTICE:  column "ran_at" of relation "ops_task_automation_runs" already exists, skipping
ALTER TABLE
ALTER TABLE
NOTICE:  column "rule_id" of relation "ops_task_automation_runs" already exists, skipping
ALTER TABLE
ALTER TABLE
NOTICE:  column "scheduled_for" of relation "ops_task_automation_runs" already exists, skipping
ALTER TABLE
ALTER TABLE
NOTICE:  column "source_id" of relation "ops_task_automation_runs" already exists, skipping
ALTER TABLE
ALTER TABLE
NOTICE:  column "source_key" of relation "ops_task_automation_runs" already exists, skipping
ALTER TABLE
ALTER TABLE
NOTICE:  column "source_type" of relation "ops_task_automation_runs" already exists, skipping
ALTER TABLE
ALTER TABLE
NOTICE:  column "status" of relation "ops_task_automation_runs" already exists, skipping
ALTER TABLE
ALTER TABLE
NOTICE:  column "task_id" of relation "ops_task_automation_runs" already exists, skipping
ALTER TABLE
ALTER TABLE
NOTICE:  column "author_id" of relation "ops_task_comments" already exists, skipping
ALTER TABLE
ALTER TABLE
NOTICE:  column "body" of relation "ops_task_comments" already exists, skipping
ALTER TABLE
ALTER TABLE
NOTICE:  column "created_at" of relation "ops_task_comments" already exists, skipping
ALTER TABLE
ALTER TABLE
NOTICE:  column "id" of relation "ops_task_comments" already exists, skipping
ALTER TABLE
ALTER TABLE
NOTICE:  column "task_id" of relation "ops_task_comments" already exists, skipping
ALTER TABLE
ALTER TABLE
NOTICE:  column "actor_id" of relation "ops_task_events" already exists, skipping
ALTER TABLE
ALTER TABLE
NOTICE:  column "after_value" of relation "ops_task_events" already exists, skipping
ALTER TABLE
ALTER TABLE
NOTICE:  column "before_value" of relation "ops_task_events" already exists, skipping
ALTER TABLE
ALTER TABLE
NOTICE:  column "created_at" of relation "ops_task_events" already exists, skipping
ALTER TABLE
ALTER TABLE
NOTICE:  column "event_type" of relation "ops_task_events" already exists, skipping
ALTER TABLE
ALTER TABLE
NOTICE:  column "field_name" of relation "ops_task_events" already exists, skipping
ALTER TABLE
ALTER TABLE
NOTICE:  column "id" of relation "ops_task_events" already exists, skipping
ALTER TABLE
ALTER TABLE
NOTICE:  column "payload" of relation "ops_task_events" already exists, skipping
ALTER TABLE
ALTER TABLE
NOTICE:  column "request_id" of relation "ops_task_events" already exists, skipping
ALTER TABLE
ALTER TABLE
NOTICE:  column "task_id" of relation "ops_task_events" already exists, skipping
ALTER TABLE
ALTER TABLE
NOTICE:  column "created_at" of relation "ops_task_notification_channels" already exists, skipping
ALTER TABLE
ALTER TABLE
NOTICE:  column "created_by" of relation "ops_task_notification_channels" already exists, skipping
ALTER TABLE
ALTER TABLE
NOTICE:  column "description" of relation "ops_task_notification_channels" already exists, skipping
ALTER TABLE
ALTER TABLE
NOTICE:  column "id" of relation "ops_task_notification_channels" already exists, skipping
ALTER TABLE
ALTER TABLE
NOTICE:  column "is_active" of relation "ops_task_notification_channels" already exists, skipping
ALTER TABLE
ALTER TABLE
NOTICE:  column "name" of relation "ops_task_notification_channels" already exists, skipping
ALTER TABLE
ALTER TABLE
NOTICE:  column "team_key" of relation "ops_task_notification_channels" already exists, skipping
ALTER TABLE
ALTER TABLE
NOTICE:  column "updated_at" of relation "ops_task_notification_channels" already exists, skipping
ALTER TABLE
ALTER TABLE
NOTICE:  column "updated_by" of relation "ops_task_notification_channels" already exists, skipping
ALTER TABLE
ALTER TABLE
NOTICE:  column "webhook_secret_ref" of relation "ops_task_notification_channels" already exists, skipping
ALTER TABLE
ALTER TABLE
NOTICE:  column "webhook_url_last4" of relation "ops_task_notification_channels" already exists, skipping
ALTER TABLE
ALTER TABLE
NOTICE:  column "attempt_count" of relation "ops_task_notification_deliveries" already exists, skipping
ALTER TABLE
ALTER TABLE
NOTICE:  column "channel_id" of relation "ops_task_notification_deliveries" already exists, skipping
ALTER TABLE
ALTER TABLE
NOTICE:  column "created_at" of relation "ops_task_notification_deliveries" already exists, skipping
ALTER TABLE
ALTER TABLE
NOTICE:  column "error_message" of relation "ops_task_notification_deliveries" already exists, skipping
ALTER TABLE
ALTER TABLE
NOTICE:  column "id" of relation "ops_task_notification_deliveries" already exists, skipping
ALTER TABLE
ALTER TABLE
NOTICE:  column "last_attempt_at" of relation "ops_task_notification_deliveries" already exists, skipping
ALTER TABLE
ALTER TABLE
NOTICE:  column "next_retry_at" of relation "ops_task_notification_deliveries" already exists, skipping
ALTER TABLE
ALTER TABLE
NOTICE:  column "payload" of relation "ops_task_notification_deliveries" already exists, skipping
ALTER TABLE
ALTER TABLE
NOTICE:  column "response_status" of relation "ops_task_notification_deliveries" already exists, skipping
ALTER TABLE
ALTER TABLE
NOTICE:  column "rule_id" of relation "ops_task_notification_deliveries" already exists, skipping
ALTER TABLE
ALTER TABLE
NOTICE:  column "status" of relation "ops_task_notification_deliveries" already exists, skipping
ALTER TABLE
ALTER TABLE
NOTICE:  column "task_id" of relation "ops_task_notification_deliveries" already exists, skipping
ALTER TABLE
ALTER TABLE
NOTICE:  column "thread_key" of relation "ops_task_notification_deliveries" already exists, skipping
ALTER TABLE
ALTER TABLE
NOTICE:  column "updated_at" of relation "ops_task_notification_deliveries" already exists, skipping
ALTER TABLE
ALTER TABLE
NOTICE:  column "assignee_id" of relation "ops_tasks" already exists, skipping
ALTER TABLE
ALTER TABLE
NOTICE:  column "assignee_team" of relation "ops_tasks" already exists, skipping
ALTER TABLE
ALTER TABLE
ALTER TABLE
ALTER TABLE
ALTER TABLE
ALTER TABLE
ALTER TABLE
ALTER TABLE
ALTER TABLE
ALTER TABLE
ALTER TABLE
ALTER TABLE
NOTICE:  column "campus" of relation "ops_tasks" already exists, skipping
ALTER TABLE
ALTER TABLE
ALTER TABLE
ALTER TABLE
NOTICE:  column "class_id" of relation "ops_tasks" already exists, skipping
ALTER TABLE
ALTER TABLE
NOTICE:  column "class_name" of relation "ops_tasks" already exists, skipping
ALTER TABLE
ALTER TABLE
NOTICE:  column "completed_at" of relation "ops_tasks" already exists, skipping
ALTER TABLE
ALTER TABLE
NOTICE:  column "created_at" of relation "ops_tasks" already exists, skipping
ALTER TABLE
ALTER TABLE
NOTICE:  column "due_at" of relation "ops_tasks" already exists, skipping
ALTER TABLE
ALTER TABLE
NOTICE:  column "id" of relation "ops_tasks" already exists, skipping
ALTER TABLE
ALTER TABLE
NOTICE:  column "memo" of relation "ops_tasks" already exists, skipping
ALTER TABLE
ALTER TABLE
NOTICE:  column "priority" of relation "ops_tasks" already exists, skipping
ALTER TABLE
ALTER TABLE
NOTICE:  column "requested_by" of relation "ops_tasks" already exists, skipping
ALTER TABLE
ALTER TABLE
NOTICE:  column "requested_team" of relation "ops_tasks" already exists, skipping
ALTER TABLE
ALTER TABLE
NOTICE:  column "secondary_assignee_id" of relation "ops_tasks" already exists, skipping
ALTER TABLE
ALTER TABLE
NOTICE:  column "start_at" of relation "ops_tasks" already exists, skipping
ALTER TABLE
ALTER TABLE
NOTICE:  column "status" of relation "ops_tasks" already exists, skipping
ALTER TABLE
ALTER TABLE
NOTICE:  column "student_id" of relation "ops_tasks" already exists, skipping
ALTER TABLE
ALTER TABLE
NOTICE:  column "student_name" of relation "ops_tasks" already exists, skipping
ALTER TABLE
ALTER TABLE
NOTICE:  column "subject" of relation "ops_tasks" already exists, skipping
ALTER TABLE
ALTER TABLE
NOTICE:  column "textbook_id" of relation "ops_tasks" already exists, skipping
ALTER TABLE
ALTER TABLE
NOTICE:  column "textbook_title" of relation "ops_tasks" already exists, skipping
ALTER TABLE
ALTER TABLE
NOTICE:  column "title" of relation "ops_tasks" already exists, skipping
ALTER TABLE
ALTER TABLE
NOTICE:  column "type" of relation "ops_tasks" already exists, skipping
ALTER TABLE
ALTER TABLE
NOTICE:  column "updated_at" of relation "ops_tasks" already exists, skipping
ALTER TABLE
ALTER TABLE
NOTICE:  column "created_at" of relation "ops_transfer_details" already exists, skipping
ALTER TABLE
ALTER TABLE
NOTICE:  column "fee_processed" of relation "ops_transfer_details" already exists, skipping
ALTER TABLE
ALTER TABLE
NOTICE:  column "from_class_end_date" of relation "ops_transfer_details" already exists, skipping
ALTER TABLE
ALTER TABLE
NOTICE:  column "from_class_end_session" of relation "ops_transfer_details" already exists, skipping
ALTER TABLE
ALTER TABLE
NOTICE:  column "from_class_id" of relation "ops_transfer_details" already exists, skipping
ALTER TABLE
ALTER TABLE
NOTICE:  column "from_class_name" of relation "ops_transfer_details" already exists, skipping
ALTER TABLE
ALTER TABLE
NOTICE:  column "from_teacher_name" of relation "ops_transfer_details" already exists, skipping
ALTER TABLE
ALTER TABLE
NOTICE:  column "from_undistributed_textbooks" of relation "ops_transfer_details" already exists, skipping
ALTER TABLE
ALTER TABLE
NOTICE:  column "makeedu_transfer_done" of relation "ops_transfer_details" already exists, skipping
ALTER TABLE
ALTER TABLE
NOTICE:  column "task_id" of relation "ops_transfer_details" already exists, skipping
ALTER TABLE
ALTER TABLE
NOTICE:  column "textbook_fee_processed" of relation "ops_transfer_details" already exists, skipping
ALTER TABLE
ALTER TABLE
NOTICE:  column "timetable_roster_updated" of relation "ops_transfer_details" already exists, skipping
ALTER TABLE
ALTER TABLE
NOTICE:  column "to_class_id" of relation "ops_transfer_details" already exists, skipping
ALTER TABLE
ALTER TABLE
NOTICE:  column "to_class_name" of relation "ops_transfer_details" already exists, skipping
ALTER TABLE
ALTER TABLE
NOTICE:  column "to_class_start_date" of relation "ops_transfer_details" already exists, skipping
ALTER TABLE
ALTER TABLE
NOTICE:  column "to_class_start_session" of relation "ops_transfer_details" already exists, skipping
ALTER TABLE
ALTER TABLE
NOTICE:  column "to_teacher_name" of relation "ops_transfer_details" already exists, skipping
ALTER TABLE
ALTER TABLE
NOTICE:  column "to_undistributed_textbooks" of relation "ops_transfer_details" already exists, skipping
ALTER TABLE
ALTER TABLE
NOTICE:  column "transfer_reason" of relation "ops_transfer_details" already exists, skipping
ALTER TABLE
ALTER TABLE
NOTICE:  column "updated_at" of relation "ops_transfer_details" already exists, skipping
ALTER TABLE
ALTER TABLE
NOTICE:  column "completed_lesson_hours" of relation "ops_withdrawal_details" already exists, skipping
ALTER TABLE
ALTER TABLE
NOTICE:  column "created_at" of relation "ops_withdrawal_details" already exists, skipping
ALTER TABLE
ALTER TABLE
NOTICE:  column "customer_reason" of relation "ops_withdrawal_details" already exists, skipping
ALTER TABLE
ALTER TABLE
NOTICE:  column "fee_processed" of relation "ops_withdrawal_details" already exists, skipping
ALTER TABLE
ALTER TABLE
NOTICE:  column "four_week_lesson_hours" of relation "ops_withdrawal_details" already exists, skipping
ALTER TABLE
ALTER TABLE
NOTICE:  column "makeedu_withdrawal_done" of relation "ops_withdrawal_details" already exists, skipping
ALTER TABLE
ALTER TABLE
NOTICE:  column "school_grade" of relation "ops_withdrawal_details" already exists, skipping
ALTER TABLE
ALTER TABLE
ALTER TABLE
ALTER TABLE
NOTICE:  column "task_id" of relation "ops_withdrawal_details" already exists, skipping
ALTER TABLE
ALTER TABLE
NOTICE:  column "teacher_name" of relation "ops_withdrawal_details" already exists, skipping
ALTER TABLE
ALTER TABLE
NOTICE:  column "teacher_opinion" of relation "ops_withdrawal_details" already exists, skipping
ALTER TABLE
ALTER TABLE
NOTICE:  column "textbook_fee_processed" of relation "ops_withdrawal_details" already exists, skipping
ALTER TABLE
ALTER TABLE
NOTICE:  column "timetable_roster_updated" of relation "ops_withdrawal_details" already exists, skipping
ALTER TABLE
ALTER TABLE
NOTICE:  column "undistributed_textbooks" of relation "ops_withdrawal_details" already exists, skipping
ALTER TABLE
ALTER TABLE
NOTICE:  column "updated_at" of relation "ops_withdrawal_details" already exists, skipping
ALTER TABLE
ALTER TABLE
NOTICE:  column "withdrawal_date" of relation "ops_withdrawal_details" already exists, skipping
ALTER TABLE
ALTER TABLE
NOTICE:  column "withdrawal_session" of relation "ops_withdrawal_details" already exists, skipping
ALTER TABLE
ALTER TABLE
NOTICE:  column "branch" of relation "ops_word_retests" already exists, skipping
ALTER TABLE
ALTER TABLE
NOTICE:  column "class_name" of relation "ops_word_retests" already exists, skipping
ALTER TABLE
ALTER TABLE
NOTICE:  column "created_at" of relation "ops_word_retests" already exists, skipping
ALTER TABLE
ALTER TABLE
NOTICE:  column "cutoff_question_count" of relation "ops_word_retests" already exists, skipping
ALTER TABLE
ALTER TABLE
NOTICE:  column "expected_retest_at" of relation "ops_word_retests" already exists, skipping
ALTER TABLE
ALTER TABLE
NOTICE:  column "first_score" of relation "ops_word_retests" already exists, skipping
ALTER TABLE
ALTER TABLE
NOTICE:  column "request_note" of relation "ops_word_retests" already exists, skipping
ALTER TABLE
ALTER TABLE
NOTICE:  column "retest_status" of relation "ops_word_retests" already exists, skipping
ALTER TABLE
ALTER TABLE
NOTICE:  column "retry_of_task_id" of relation "ops_word_retests" already exists, skipping
ALTER TABLE
ALTER TABLE
NOTICE:  column "retry_task_id" of relation "ops_word_retests" already exists, skipping
ALTER TABLE
ALTER TABLE
NOTICE:  column "score_out_of_100" of relation "ops_word_retests" already exists, skipping
ALTER TABLE
ALTER TABLE
NOTICE:  column "second_score" of relation "ops_word_retests" already exists, skipping
ALTER TABLE
ALTER TABLE
NOTICE:  column "student_name" of relation "ops_word_retests" already exists, skipping
ALTER TABLE
ALTER TABLE
NOTICE:  column "task_id" of relation "ops_word_retests" already exists, skipping
ALTER TABLE
ALTER TABLE
NOTICE:  column "teacher_catalog_id" of relation "ops_word_retests" already exists, skipping
ALTER TABLE
ALTER TABLE
NOTICE:  column "teacher_name" of relation "ops_word_retests" already exists, skipping
ALTER TABLE
ALTER TABLE
NOTICE:  column "test_at" of relation "ops_word_retests" already exists, skipping
ALTER TABLE
ALTER TABLE
NOTICE:  column "textbook_name" of relation "ops_word_retests" already exists, skipping
ALTER TABLE
ALTER TABLE
NOTICE:  column "third_score" of relation "ops_word_retests" already exists, skipping
ALTER TABLE
ALTER TABLE
NOTICE:  column "total_question_count" of relation "ops_word_retests" already exists, skipping
ALTER TABLE
ALTER TABLE
NOTICE:  column "unit" of relation "ops_word_retests" already exists, skipping
ALTER TABLE
ALTER TABLE
NOTICE:  column "updated_at" of relation "ops_word_retests" already exists, skipping
ALTER TABLE
ALTER TABLE
NOTICE:  column "created_at" of relation "organization_members" already exists, skipping
ALTER TABLE
ALTER TABLE
NOTICE:  column "organization_id" of relation "organization_members" already exists, skipping
ALTER TABLE
ALTER TABLE
NOTICE:  column "role" of relation "organization_members" already exists, skipping
ALTER TABLE
ALTER TABLE
NOTICE:  column "user_id" of relation "organization_members" already exists, skipping
ALTER TABLE
ALTER TABLE
NOTICE:  column "created_at" of relation "organizations" already exists, skipping
ALTER TABLE
ALTER TABLE
NOTICE:  column "id" of relation "organizations" already exists, skipping
ALTER TABLE
ALTER TABLE
NOTICE:  column "name" of relation "organizations" already exists, skipping
ALTER TABLE
ALTER TABLE
NOTICE:  column "slug" of relation "organizations" already exists, skipping
ALTER TABLE
ALTER TABLE
NOTICE:  column "updated_at" of relation "organizations" already exists, skipping
ALTER TABLE
ALTER TABLE
NOTICE:  column "created_at" of relation "passages" already exists, skipping
ALTER TABLE
ALTER TABLE
NOTICE:  column "created_by" of relation "passages" already exists, skipping
ALTER TABLE
ALTER TABLE
NOTICE:  column "grade_level" of relation "passages" already exists, skipping
ALTER TABLE
ALTER TABLE
NOTICE:  column "id" of relation "passages" already exists, skipping
ALTER TABLE
ALTER TABLE
NOTICE:  column "lesson_range" of relation "passages" already exists, skipping
ALTER TABLE
ALTER TABLE
NOTICE:  column "metadata" of relation "passages" already exists, skipping
ALTER TABLE
ALTER TABLE
NOTICE:  column "organization_id" of relation "passages" already exists, skipping
ALTER TABLE
ALTER TABLE
NOTICE:  column "original_text" of relation "passages" already exists, skipping
ALTER TABLE
ALTER TABLE
NOTICE:  column "source_mode" of relation "passages" already exists, skipping
ALTER TABLE
ALTER TABLE
NOTICE:  column "subject" of relation "passages" already exists, skipping
ALTER TABLE
ALTER TABLE
NOTICE:  column "tags" of relation "passages" already exists, skipping
ALTER TABLE
ALTER TABLE
NOTICE:  column "title" of relation "passages" already exists, skipping
ALTER TABLE
ALTER TABLE
NOTICE:  column "transform_settings" of relation "passages" already exists, skipping
ALTER TABLE
ALTER TABLE
NOTICE:  column "transformed_text" of relation "passages" already exists, skipping
ALTER TABLE
ALTER TABLE
NOTICE:  column "unit" of relation "passages" already exists, skipping
ALTER TABLE
ALTER TABLE
NOTICE:  column "updated_at" of relation "passages" already exists, skipping
ALTER TABLE
ALTER TABLE
NOTICE:  column "created_at" of relation "profiles" already exists, skipping
ALTER TABLE
ALTER TABLE
ALTER TABLE
ALTER TABLE
NOTICE:  column "email" of relation "profiles" already exists, skipping
ALTER TABLE
ALTER TABLE
NOTICE:  column "id" of relation "profiles" already exists, skipping
ALTER TABLE
ALTER TABLE
NOTICE:  column "login_id" of relation "profiles" already exists, skipping
ALTER TABLE
ALTER TABLE
ALTER TABLE
ALTER TABLE
NOTICE:  column "name" of relation "profiles" already exists, skipping
ALTER TABLE
ALTER TABLE
NOTICE:  column "role" of relation "profiles" already exists, skipping
ALTER TABLE
ALTER TABLE
NOTICE:  column "teacher_catalog_id" of relation "profiles" already exists, skipping
ALTER TABLE
ALTER TABLE
NOTICE:  column "updated_at" of relation "profiles" already exists, skipping
ALTER TABLE
ALTER TABLE
NOTICE:  column "class_id" of relation "progress_logs" already exists, skipping
ALTER TABLE
ALTER TABLE
NOTICE:  column "content" of relation "progress_logs" already exists, skipping
ALTER TABLE
ALTER TABLE
NOTICE:  column "created_at" of relation "progress_logs" already exists, skipping
ALTER TABLE
ALTER TABLE
NOTICE:  column "date" of relation "progress_logs" already exists, skipping
ALTER TABLE
ALTER TABLE
NOTICE:  column "homework" of relation "progress_logs" already exists, skipping
ALTER TABLE
ALTER TABLE
NOTICE:  column "id" of relation "progress_logs" already exists, skipping
ALTER TABLE
ALTER TABLE
NOTICE:  column "progress_key" of relation "progress_logs" already exists, skipping
ALTER TABLE
ALTER TABLE
NOTICE:  column "public_note" of relation "progress_logs" already exists, skipping
ALTER TABLE
ALTER TABLE
NOTICE:  column "range_end" of relation "progress_logs" already exists, skipping
ALTER TABLE
ALTER TABLE
NOTICE:  column "range_label" of relation "progress_logs" already exists, skipping
ALTER TABLE
ALTER TABLE
NOTICE:  column "range_start" of relation "progress_logs" already exists, skipping
ALTER TABLE
ALTER TABLE
NOTICE:  column "session_id" of relation "progress_logs" already exists, skipping
ALTER TABLE
ALTER TABLE
NOTICE:  column "session_order" of relation "progress_logs" already exists, skipping
ALTER TABLE
ALTER TABLE
NOTICE:  column "status" of relation "progress_logs" already exists, skipping
ALTER TABLE
ALTER TABLE
NOTICE:  column "teacher_note" of relation "progress_logs" already exists, skipping
ALTER TABLE
ALTER TABLE
NOTICE:  column "textbook_id" of relation "progress_logs" already exists, skipping
ALTER TABLE
ALTER TABLE
NOTICE:  column "updated_at" of relation "progress_logs" already exists, skipping
ALTER TABLE
ALTER TABLE
NOTICE:  column "after_data" of relation "question_revisions" already exists, skipping
ALTER TABLE
ALTER TABLE
NOTICE:  column "before_data" of relation "question_revisions" already exists, skipping
ALTER TABLE
ALTER TABLE
NOTICE:  column "created_at" of relation "question_revisions" already exists, skipping
ALTER TABLE
ALTER TABLE
NOTICE:  column "edited_by" of relation "question_revisions" already exists, skipping
ALTER TABLE
ALTER TABLE
NOTICE:  column "id" of relation "question_revisions" already exists, skipping
ALTER TABLE
ALTER TABLE
NOTICE:  column "question_id" of relation "question_revisions" already exists, skipping
ALTER TABLE
ALTER TABLE
NOTICE:  column "answer" of relation "questions" already exists, skipping
ALTER TABLE
ALTER TABLE
NOTICE:  column "choices" of relation "questions" already exists, skipping
ALTER TABLE
ALTER TABLE
NOTICE:  column "created_at" of relation "questions" already exists, skipping
ALTER TABLE
ALTER TABLE
NOTICE:  column "created_by" of relation "questions" already exists, skipping
ALTER TABLE
ALTER TABLE
NOTICE:  column "difficulty" of relation "questions" already exists, skipping
ALTER TABLE
ALTER TABLE
NOTICE:  column "explanation" of relation "questions" already exists, skipping
ALTER TABLE
ALTER TABLE
NOTICE:  column "generated_model" of relation "questions" already exists, skipping
ALTER TABLE
ALTER TABLE
NOTICE:  column "generation_run_id" of relation "questions" already exists, skipping
ALTER TABLE
ALTER TABLE
NOTICE:  column "id" of relation "questions" already exists, skipping
ALTER TABLE
ALTER TABLE
NOTICE:  column "intent" of relation "questions" already exists, skipping
ALTER TABLE
ALTER TABLE
NOTICE:  column "is_featured" of relation "questions" already exists, skipping
ALTER TABLE
ALTER TABLE
NOTICE:  column "is_reusable" of relation "questions" already exists, skipping
ALTER TABLE
ALTER TABLE
NOTICE:  column "math_payload" of relation "questions" already exists, skipping
ALTER TABLE
ALTER TABLE
NOTICE:  column "organization_id" of relation "questions" already exists, skipping
ALTER TABLE
ALTER TABLE
NOTICE:  column "passage_id" of relation "questions" already exists, skipping
ALTER TABLE
ALTER TABLE
NOTICE:  column "passage_text_key" of relation "questions" already exists, skipping
ALTER TABLE
ALTER TABLE
NOTICE:  column "passage_text_snapshot" of relation "questions" already exists, skipping
ALTER TABLE
ALTER TABLE
NOTICE:  column "performance_payload" of relation "questions" already exists, skipping
ALTER TABLE
ALTER TABLE
NOTICE:  column "question_text" of relation "questions" already exists, skipping
ALTER TABLE
ALTER TABLE
NOTICE:  column "question_type" of relation "questions" already exists, skipping
ALTER TABLE
ALTER TABLE
NOTICE:  column "reuse_count" of relation "questions" already exists, skipping
ALTER TABLE
ALTER TABLE
NOTICE:  column "review_note" of relation "questions" already exists, skipping
ALTER TABLE
ALTER TABLE
NOTICE:  column "reviewed_at" of relation "questions" already exists, skipping
ALTER TABLE
ALTER TABLE
NOTICE:  column "reviewed_by" of relation "questions" already exists, skipping
ALTER TABLE
ALTER TABLE
NOTICE:  column "source_question_id" of relation "questions" already exists, skipping
ALTER TABLE
ALTER TABLE
NOTICE:  column "status" of relation "questions" already exists, skipping
ALTER TABLE
ALTER TABLE
NOTICE:  column "subject" of relation "questions" already exists, skipping
ALTER TABLE
ALTER TABLE
NOTICE:  column "tags" of relation "questions" already exists, skipping
ALTER TABLE
ALTER TABLE
NOTICE:  column "unit" of relation "questions" already exists, skipping
ALTER TABLE
ALTER TABLE
NOTICE:  column "updated_at" of relation "questions" already exists, skipping
ALTER TABLE
ALTER TABLE
NOTICE:  column "blocked_until" of relation "science_consultation_rate_limits" already exists, skipping
ALTER TABLE
ALTER TABLE
NOTICE:  column "expires_at" of relation "science_consultation_rate_limits" already exists, skipping
ALTER TABLE
ALTER TABLE
NOTICE:  column "fingerprint" of relation "science_consultation_rate_limits" already exists, skipping
ALTER TABLE
ALTER TABLE
NOTICE:  column "last_seen_at" of relation "science_consultation_rate_limits" already exists, skipping
ALTER TABLE
ALTER TABLE
NOTICE:  column "request_count" of relation "science_consultation_rate_limits" already exists, skipping
ALTER TABLE
ALTER TABLE
NOTICE:  column "window_started_at" of relation "science_consultation_rate_limits" already exists, skipping
ALTER TABLE
ALTER TABLE
NOTICE:  column "consent_version" of relation "science_consultation_requests" already exists, skipping
ALTER TABLE
ALTER TABLE
NOTICE:  column "created_at" of relation "science_consultation_requests" already exists, skipping
ALTER TABLE
ALTER TABLE
NOTICE:  column "expires_at" of relation "science_consultation_requests" already exists, skipping
ALTER TABLE
ALTER TABLE
NOTICE:  column "id" of relation "science_consultation_requests" already exists, skipping
ALTER TABLE
ALTER TABLE
NOTICE:  column "interest_area" of relation "science_consultation_requests" already exists, skipping
ALTER TABLE
ALTER TABLE
NOTICE:  column "message" of relation "science_consultation_requests" already exists, skipping
ALTER TABLE
ALTER TABLE
NOTICE:  column "parent_name" of relation "science_consultation_requests" already exists, skipping
ALTER TABLE
ALTER TABLE
NOTICE:  column "phone" of relation "science_consultation_requests" already exists, skipping
ALTER TABLE
ALTER TABLE
NOTICE:  column "preferred_time" of relation "science_consultation_requests" already exists, skipping
ALTER TABLE
ALTER TABLE
NOTICE:  column "privacy_consent" of relation "science_consultation_requests" already exists, skipping
ALTER TABLE
ALTER TABLE
NOTICE:  column "source_domain" of relation "science_consultation_requests" already exists, skipping
ALTER TABLE
ALTER TABLE
NOTICE:  column "status" of relation "science_consultation_requests" already exists, skipping
ALTER TABLE
ALTER TABLE
NOTICE:  column "student_grade" of relation "science_consultation_requests" already exists, skipping
ALTER TABLE
ALTER TABLE
NOTICE:  column "action" of relation "student_class_enrollment_history" already exists, skipping
ALTER TABLE
ALTER TABLE
NOTICE:  column "changed_at" of relation "student_class_enrollment_history" already exists, skipping
ALTER TABLE
ALTER TABLE
NOTICE:  column "changed_by" of relation "student_class_enrollment_history" already exists, skipping
ALTER TABLE
ALTER TABLE
NOTICE:  column "class_id" of relation "student_class_enrollment_history" already exists, skipping
ALTER TABLE
ALTER TABLE
NOTICE:  column "id" of relation "student_class_enrollment_history" already exists, skipping
ALTER TABLE
ALTER TABLE
NOTICE:  column "memo" of relation "student_class_enrollment_history" already exists, skipping
ALTER TABLE
ALTER TABLE
NOTICE:  column "next_mode" of relation "student_class_enrollment_history" already exists, skipping
ALTER TABLE
ALTER TABLE
NOTICE:  column "previous_mode" of relation "student_class_enrollment_history" already exists, skipping
ALTER TABLE
ALTER TABLE
NOTICE:  column "student_id" of relation "student_class_enrollment_history" already exists, skipping
ALTER TABLE
ALTER TABLE
NOTICE:  column "class_ids" of relation "students" already exists, skipping
ALTER TABLE
ALTER TABLE
NOTICE:  column "contact" of relation "students" already exists, skipping
ALTER TABLE
ALTER TABLE
NOTICE:  column "counseling_note" of relation "students" already exists, skipping
ALTER TABLE
ALTER TABLE
NOTICE:  column "created_at" of relation "students" already exists, skipping
ALTER TABLE
ALTER TABLE
NOTICE:  column "enroll_date" of relation "students" already exists, skipping
ALTER TABLE
ALTER TABLE
NOTICE:  column "grade" of relation "students" already exists, skipping
ALTER TABLE
ALTER TABLE
NOTICE:  column "id" of relation "students" already exists, skipping
ALTER TABLE
ALTER TABLE
NOTICE:  column "makeedu_student_no" of relation "students" already exists, skipping
ALTER TABLE
ALTER TABLE
NOTICE:  column "name" of relation "students" already exists, skipping
ALTER TABLE
ALTER TABLE
NOTICE:  column "parent_contact" of relation "students" already exists, skipping
ALTER TABLE
ALTER TABLE
NOTICE:  column "recent_issue" of relation "students" already exists, skipping
ALTER TABLE
ALTER TABLE
NOTICE:  column "school" of relation "students" already exists, skipping
ALTER TABLE
ALTER TABLE
NOTICE:  column "status" of relation "students" already exists, skipping
ALTER TABLE
ALTER TABLE
NOTICE:  column "uid" of relation "students" already exists, skipping
ALTER TABLE
ALTER TABLE
NOTICE:  column "waitlist_class_ids" of relation "students" already exists, skipping
ALTER TABLE
ALTER TABLE
NOTICE:  column "account_email" of relation "teacher_catalogs" already exists, skipping
ALTER TABLE
ALTER TABLE
NOTICE:  column "created_at" of relation "teacher_catalogs" already exists, skipping
ALTER TABLE
ALTER TABLE
NOTICE:  column "dashboard_role" of relation "teacher_catalogs" already exists, skipping
ALTER TABLE
ALTER TABLE
NOTICE:  column "id" of relation "teacher_catalogs" already exists, skipping
ALTER TABLE
ALTER TABLE
NOTICE:  column "is_visible" of relation "teacher_catalogs" already exists, skipping
ALTER TABLE
ALTER TABLE
NOTICE:  column "name" of relation "teacher_catalogs" already exists, skipping
ALTER TABLE
ALTER TABLE
NOTICE:  column "profile_id" of relation "teacher_catalogs" already exists, skipping
ALTER TABLE
ALTER TABLE
NOTICE:  column "sort_order" of relation "teacher_catalogs" already exists, skipping
ALTER TABLE
ALTER TABLE
NOTICE:  column "subjects" of relation "teacher_catalogs" already exists, skipping
ALTER TABLE
ALTER TABLE
NOTICE:  column "updated_at" of relation "teacher_catalogs" already exists, skipping
ALTER TABLE
ALTER TABLE
NOTICE:  column "code" of relation "textbook_inventory_locations" already exists, skipping
ALTER TABLE
ALTER TABLE
NOTICE:  column "created_at" of relation "textbook_inventory_locations" already exists, skipping
ALTER TABLE
ALTER TABLE
NOTICE:  column "id" of relation "textbook_inventory_locations" already exists, skipping
ALTER TABLE
ALTER TABLE
NOTICE:  column "is_active" of relation "textbook_inventory_locations" already exists, skipping
ALTER TABLE
ALTER TABLE
NOTICE:  column "name" of relation "textbook_inventory_locations" already exists, skipping
ALTER TABLE
ALTER TABLE
NOTICE:  column "sort_order" of relation "textbook_inventory_locations" already exists, skipping
ALTER TABLE
ALTER TABLE
NOTICE:  column "updated_at" of relation "textbook_inventory_locations" already exists, skipping
ALTER TABLE
ALTER TABLE
NOTICE:  column "card_company" of relation "textbook_makeedu_payment_imports" already exists, skipping
ALTER TABLE
ALTER TABLE
NOTICE:  column "category" of relation "textbook_makeedu_payment_imports" already exists, skipping
ALTER TABLE
ALTER TABLE
NOTICE:  column "charge_amount" of relation "textbook_makeedu_payment_imports" already exists, skipping
ALTER TABLE
ALTER TABLE
NOTICE:  column "charge_month" of relation "textbook_makeedu_payment_imports" already exists, skipping
ALTER TABLE
ALTER TABLE
NOTICE:  column "discount_amount" of relation "textbook_makeedu_payment_imports" already exists, skipping
ALTER TABLE
ALTER TABLE
NOTICE:  column "id" of relation "textbook_makeedu_payment_imports" already exists, skipping
ALTER TABLE
ALTER TABLE
NOTICE:  column "imported_at" of relation "textbook_makeedu_payment_imports" already exists, skipping
ALTER TABLE
ALTER TABLE
NOTICE:  column "item_name" of relation "textbook_makeedu_payment_imports" already exists, skipping
ALTER TABLE
ALTER TABLE
NOTICE:  column "makeedu_import_key" of relation "textbook_makeedu_payment_imports" already exists, skipping
ALTER TABLE
ALTER TABLE
NOTICE:  column "match_reason" of relation "textbook_makeedu_payment_imports" already exists, skipping
ALTER TABLE
ALTER TABLE
NOTICE:  column "match_status" of relation "textbook_makeedu_payment_imports" already exists, skipping
ALTER TABLE
ALTER TABLE
NOTICE:  column "matched_sale_line_id" of relation "textbook_makeedu_payment_imports" already exists, skipping
ALTER TABLE
ALTER TABLE
NOTICE:  column "memo" of relation "textbook_makeedu_payment_imports" already exists, skipping
ALTER TABLE
ALTER TABLE
NOTICE:  column "paid_amount" of relation "textbook_makeedu_payment_imports" already exists, skipping
ALTER TABLE
ALTER TABLE
NOTICE:  column "paid_at" of relation "textbook_makeedu_payment_imports" already exists, skipping
ALTER TABLE
ALTER TABLE
NOTICE:  column "payment_method" of relation "textbook_makeedu_payment_imports" already exists, skipping
ALTER TABLE
ALTER TABLE
NOTICE:  column "payment_method_detail" of relation "textbook_makeedu_payment_imports" already exists, skipping
ALTER TABLE
ALTER TABLE
NOTICE:  column "payment_status" of relation "textbook_makeedu_payment_imports" already exists, skipping
ALTER TABLE
ALTER TABLE
NOTICE:  column "raw_payload" of relation "textbook_makeedu_payment_imports" already exists, skipping
ALTER TABLE
ALTER TABLE
NOTICE:  column "saved_point_amount" of relation "textbook_makeedu_payment_imports" already exists, skipping
ALTER TABLE
ALTER TABLE
NOTICE:  column "status_text" of relation "textbook_makeedu_payment_imports" already exists, skipping
ALTER TABLE
ALTER TABLE
NOTICE:  column "student_external_id" of relation "textbook_makeedu_payment_imports" already exists, skipping
ALTER TABLE
ALTER TABLE
NOTICE:  column "student_name" of relation "textbook_makeedu_payment_imports" already exists, skipping
ALTER TABLE
ALTER TABLE
NOTICE:  column "unpaid_amount" of relation "textbook_makeedu_payment_imports" already exists, skipping
ALTER TABLE
ALTER TABLE
NOTICE:  column "updated_at" of relation "textbook_makeedu_payment_imports" already exists, skipping
ALTER TABLE
ALTER TABLE
NOTICE:  column "adjustment_amount" of relation "textbook_monthly_closings" already exists, skipping
ALTER TABLE
ALTER TABLE
NOTICE:  column "adjustment_quantity" of relation "textbook_monthly_closings" already exists, skipping
ALTER TABLE
ALTER TABLE
NOTICE:  column "closing_month" of relation "textbook_monthly_closings" already exists, skipping
ALTER TABLE
ALTER TABLE
NOTICE:  column "created_at" of relation "textbook_monthly_closings" already exists, skipping
ALTER TABLE
ALTER TABLE
NOTICE:  column "created_by" of relation "textbook_monthly_closings" already exists, skipping
ALTER TABLE
ALTER TABLE
NOTICE:  column "ending_amount" of relation "textbook_monthly_closings" already exists, skipping
ALTER TABLE
ALTER TABLE
NOTICE:  column "ending_quantity" of relation "textbook_monthly_closings" already exists, skipping
ALTER TABLE
ALTER TABLE
NOTICE:  column "id" of relation "textbook_monthly_closings" already exists, skipping
ALTER TABLE
ALTER TABLE
NOTICE:  column "memo" of relation "textbook_monthly_closings" already exists, skipping
ALTER TABLE
ALTER TABLE
NOTICE:  column "opening_amount" of relation "textbook_monthly_closings" already exists, skipping
ALTER TABLE
ALTER TABLE
NOTICE:  column "opening_quantity" of relation "textbook_monthly_closings" already exists, skipping
ALTER TABLE
ALTER TABLE
NOTICE:  column "purchase_amount" of relation "textbook_monthly_closings" already exists, skipping
ALTER TABLE
ALTER TABLE
NOTICE:  column "purchase_quantity" of relation "textbook_monthly_closings" already exists, skipping
ALTER TABLE
ALTER TABLE
NOTICE:  column "received_amount" of relation "textbook_monthly_closings" already exists, skipping
ALTER TABLE
ALTER TABLE
NOTICE:  column "sale_amount" of relation "textbook_monthly_closings" already exists, skipping
ALTER TABLE
ALTER TABLE
NOTICE:  column "sale_quantity" of relation "textbook_monthly_closings" already exists, skipping
ALTER TABLE
ALTER TABLE
NOTICE:  column "settlement_difference" of relation "textbook_monthly_closings" already exists, skipping
ALTER TABLE
ALTER TABLE
NOTICE:  column "status" of relation "textbook_monthly_closings" already exists, skipping
ALTER TABLE
ALTER TABLE
NOTICE:  column "subject" of relation "textbook_monthly_closings" already exists, skipping
ALTER TABLE
ALTER TABLE
NOTICE:  column "supplier_payment_amount" of relation "textbook_monthly_closings" already exists, skipping
ALTER TABLE
ALTER TABLE
NOTICE:  column "updated_at" of relation "textbook_monthly_closings" already exists, skipping
ALTER TABLE
ALTER TABLE
NOTICE:  column "created_at" of relation "textbook_publisher_supplier_links" already exists, skipping
ALTER TABLE
ALTER TABLE
NOTICE:  column "id" of relation "textbook_publisher_supplier_links" already exists, skipping
ALTER TABLE
ALTER TABLE
NOTICE:  column "is_primary" of relation "textbook_publisher_supplier_links" already exists, skipping
ALTER TABLE
ALTER TABLE
NOTICE:  column "memo" of relation "textbook_publisher_supplier_links" already exists, skipping
ALTER TABLE
ALTER TABLE
NOTICE:  column "priority" of relation "textbook_publisher_supplier_links" already exists, skipping
ALTER TABLE
ALTER TABLE
NOTICE:  column "publisher_id" of relation "textbook_publisher_supplier_links" already exists, skipping
ALTER TABLE
ALTER TABLE
NOTICE:  column "supplier_id" of relation "textbook_publisher_supplier_links" already exists, skipping
ALTER TABLE
ALTER TABLE
NOTICE:  column "updated_at" of relation "textbook_publisher_supplier_links" already exists, skipping
ALTER TABLE
ALTER TABLE
NOTICE:  column "created_at" of relation "textbook_publishers" already exists, skipping
ALTER TABLE
ALTER TABLE
NOTICE:  column "id" of relation "textbook_publishers" already exists, skipping
ALTER TABLE
ALTER TABLE
NOTICE:  column "memo" of relation "textbook_publishers" already exists, skipping
ALTER TABLE
ALTER TABLE
NOTICE:  column "name" of relation "textbook_publishers" already exists, skipping
ALTER TABLE
ALTER TABLE
NOTICE:  column "source_notion_url" of relation "textbook_publishers" already exists, skipping
ALTER TABLE
ALTER TABLE
NOTICE:  column "source_notion_urls" of relation "textbook_publishers" already exists, skipping
ALTER TABLE
ALTER TABLE
NOTICE:  column "subjects" of relation "textbook_publishers" already exists, skipping
ALTER TABLE
ALTER TABLE
NOTICE:  column "updated_at" of relation "textbook_publishers" already exists, skipping
ALTER TABLE
ALTER TABLE
NOTICE:  column "class_id" of relation "textbook_purchase_order_lines" already exists, skipping
ALTER TABLE
ALTER TABLE
NOTICE:  column "copy_scope" of relation "textbook_purchase_order_lines" already exists, skipping
ALTER TABLE
ALTER TABLE
NOTICE:  column "created_at" of relation "textbook_purchase_order_lines" already exists, skipping
ALTER TABLE
ALTER TABLE
NOTICE:  column "id" of relation "textbook_purchase_order_lines" already exists, skipping
ALTER TABLE
ALTER TABLE
NOTICE:  column "location_id" of relation "textbook_purchase_order_lines" already exists, skipping
ALTER TABLE
ALTER TABLE
NOTICE:  column "memo" of relation "textbook_purchase_order_lines" already exists, skipping
ALTER TABLE
ALTER TABLE
NOTICE:  column "ordered_quantity" of relation "textbook_purchase_order_lines" already exists, skipping
ALTER TABLE
ALTER TABLE
NOTICE:  column "purchase_order_id" of relation "textbook_purchase_order_lines" already exists, skipping
ALTER TABLE
ALTER TABLE
NOTICE:  column "received_quantity" of relation "textbook_purchase_order_lines" already exists, skipping
ALTER TABLE
ALTER TABLE
NOTICE:  column "requested_quantity" of relation "textbook_purchase_order_lines" already exists, skipping
ALTER TABLE
ALTER TABLE
NOTICE:  column "requested_textbook_title" of relation "textbook_purchase_order_lines" already exists, skipping
ALTER TABLE
ALTER TABLE
NOTICE:  column "teacher_ordered_quantity" of relation "textbook_purchase_order_lines" already exists, skipping
ALTER TABLE
ALTER TABLE
NOTICE:  column "teacher_received_quantity" of relation "textbook_purchase_order_lines" already exists, skipping
ALTER TABLE
ALTER TABLE
NOTICE:  column "textbook_id" of relation "textbook_purchase_order_lines" already exists, skipping
ALTER TABLE
ALTER TABLE
NOTICE:  column "unit_cost" of relation "textbook_purchase_order_lines" already exists, skipping
ALTER TABLE
ALTER TABLE
NOTICE:  column "updated_at" of relation "textbook_purchase_order_lines" already exists, skipping
ALTER TABLE
ALTER TABLE
NOTICE:  column "created_at" of relation "textbook_purchase_orders" already exists, skipping
ALTER TABLE
ALTER TABLE
NOTICE:  column "created_by" of relation "textbook_purchase_orders" already exists, skipping
ALTER TABLE
ALTER TABLE
NOTICE:  column "expected_date" of relation "textbook_purchase_orders" already exists, skipping
ALTER TABLE
ALTER TABLE
NOTICE:  column "id" of relation "textbook_purchase_orders" already exists, skipping
ALTER TABLE
ALTER TABLE
NOTICE:  column "memo" of relation "textbook_purchase_orders" already exists, skipping
ALTER TABLE
ALTER TABLE
NOTICE:  column "order_date" of relation "textbook_purchase_orders" already exists, skipping
ALTER TABLE
ALTER TABLE
NOTICE:  column "ordered_at" of relation "textbook_purchase_orders" already exists, skipping
ALTER TABLE
ALTER TABLE
NOTICE:  column "received_at" of relation "textbook_purchase_orders" already exists, skipping
ALTER TABLE
ALTER TABLE
NOTICE:  column "requested_by" of relation "textbook_purchase_orders" already exists, skipping
ALTER TABLE
ALTER TABLE
NOTICE:  column "requested_date" of relation "textbook_purchase_orders" already exists, skipping
ALTER TABLE
ALTER TABLE
NOTICE:  column "statement_number" of relation "textbook_purchase_orders" already exists, skipping
ALTER TABLE
ALTER TABLE
NOTICE:  column "status" of relation "textbook_purchase_orders" already exists, skipping
ALTER TABLE
ALTER TABLE
NOTICE:  column "supplier_id" of relation "textbook_purchase_orders" already exists, skipping
ALTER TABLE
ALTER TABLE
NOTICE:  column "updated_at" of relation "textbook_purchase_orders" already exists, skipping
ALTER TABLE
ALTER TABLE
NOTICE:  column "charge_month" of relation "textbook_sale_lines" already exists, skipping
ALTER TABLE
ALTER TABLE
NOTICE:  column "class_id" of relation "textbook_sale_lines" already exists, skipping
ALTER TABLE
ALTER TABLE
NOTICE:  column "copy_scope" of relation "textbook_sale_lines" already exists, skipping
ALTER TABLE
ALTER TABLE
NOTICE:  column "created_at" of relation "textbook_sale_lines" already exists, skipping
ALTER TABLE
ALTER TABLE
NOTICE:  column "exclusion_reason" of relation "textbook_sale_lines" already exists, skipping
ALTER TABLE
ALTER TABLE
NOTICE:  column "id" of relation "textbook_sale_lines" already exists, skipping
ALTER TABLE
ALTER TABLE
NOTICE:  column "location_id" of relation "textbook_sale_lines" already exists, skipping
ALTER TABLE
ALTER TABLE
NOTICE:  column "makeedu_card_company" of relation "textbook_sale_lines" already exists, skipping
ALTER TABLE
ALTER TABLE
NOTICE:  column "makeedu_charge_amount" of relation "textbook_sale_lines" already exists, skipping
ALTER TABLE
ALTER TABLE
NOTICE:  column "makeedu_charge_month" of relation "textbook_sale_lines" already exists, skipping
ALTER TABLE
ALTER TABLE
NOTICE:  column "makeedu_discount_amount" of relation "textbook_sale_lines" already exists, skipping
ALTER TABLE
ALTER TABLE
NOTICE:  column "makeedu_import_key" of relation "textbook_sale_lines" already exists, skipping
ALTER TABLE
ALTER TABLE
NOTICE:  column "makeedu_item_name" of relation "textbook_sale_lines" already exists, skipping
ALTER TABLE
ALTER TABLE
NOTICE:  column "makeedu_memo" of relation "textbook_sale_lines" already exists, skipping
ALTER TABLE
ALTER TABLE
NOTICE:  column "makeedu_paid_amount" of relation "textbook_sale_lines" already exists, skipping
ALTER TABLE
ALTER TABLE
NOTICE:  column "makeedu_paid_at" of relation "textbook_sale_lines" already exists, skipping
ALTER TABLE
ALTER TABLE
NOTICE:  column "makeedu_payment_method" of relation "textbook_sale_lines" already exists, skipping
ALTER TABLE
ALTER TABLE
NOTICE:  column "makeedu_payment_method_detail" of relation "textbook_sale_lines" already exists, skipping
ALTER TABLE
ALTER TABLE
NOTICE:  column "makeedu_payment_status" of relation "textbook_sale_lines" already exists, skipping
ALTER TABLE
ALTER TABLE
NOTICE:  column "makeedu_saved_point_amount" of relation "textbook_sale_lines" already exists, skipping
ALTER TABLE
ALTER TABLE
NOTICE:  column "makeedu_student_no" of relation "textbook_sale_lines" already exists, skipping
ALTER TABLE
ALTER TABLE
NOTICE:  column "makeedu_synced_at" of relation "textbook_sale_lines" already exists, skipping
ALTER TABLE
ALTER TABLE
NOTICE:  column "makeedu_unpaid_amount" of relation "textbook_sale_lines" already exists, skipping
ALTER TABLE
ALTER TABLE
NOTICE:  column "memo" of relation "textbook_sale_lines" already exists, skipping
ALTER TABLE
ALTER TABLE
NOTICE:  column "quantity" of relation "textbook_sale_lines" already exists, skipping
ALTER TABLE
ALTER TABLE
NOTICE:  column "sale_id" of relation "textbook_sale_lines" already exists, skipping
ALTER TABLE
ALTER TABLE
NOTICE:  column "status" of relation "textbook_sale_lines" already exists, skipping
ALTER TABLE
ALTER TABLE
NOTICE:  column "student_id" of relation "textbook_sale_lines" already exists, skipping
ALTER TABLE
ALTER TABLE
NOTICE:  column "teacher_id" of relation "textbook_sale_lines" already exists, skipping
ALTER TABLE
ALTER TABLE
NOTICE:  column "teacher_name" of relation "textbook_sale_lines" already exists, skipping
ALTER TABLE
ALTER TABLE
NOTICE:  column "textbook_id" of relation "textbook_sale_lines" already exists, skipping
ALTER TABLE
ALTER TABLE
NOTICE:  column "unit_price" of relation "textbook_sale_lines" already exists, skipping
ALTER TABLE
ALTER TABLE
NOTICE:  column "updated_at" of relation "textbook_sale_lines" already exists, skipping
ALTER TABLE
ALTER TABLE
NOTICE:  column "charge_month" of relation "textbook_sales" already exists, skipping
ALTER TABLE
ALTER TABLE
NOTICE:  column "class_id" of relation "textbook_sales" already exists, skipping
ALTER TABLE
ALTER TABLE
NOTICE:  column "created_at" of relation "textbook_sales" already exists, skipping
ALTER TABLE
ALTER TABLE
NOTICE:  column "created_by" of relation "textbook_sales" already exists, skipping
ALTER TABLE
ALTER TABLE
NOTICE:  column "id" of relation "textbook_sales" already exists, skipping
ALTER TABLE
ALTER TABLE
NOTICE:  column "memo" of relation "textbook_sales" already exists, skipping
ALTER TABLE
ALTER TABLE
NOTICE:  column "sale_date" of relation "textbook_sales" already exists, skipping
ALTER TABLE
ALTER TABLE
NOTICE:  column "status" of relation "textbook_sales" already exists, skipping
ALTER TABLE
ALTER TABLE
NOTICE:  column "updated_at" of relation "textbook_sales" already exists, skipping
ALTER TABLE
ALTER TABLE
NOTICE:  column "adjustment_move_id" of relation "textbook_stock_counts" already exists, skipping
ALTER TABLE
ALTER TABLE
NOTICE:  column "copy_scope" of relation "textbook_stock_counts" already exists, skipping
ALTER TABLE
ALTER TABLE
NOTICE:  column "counted_at" of relation "textbook_stock_counts" already exists, skipping
ALTER TABLE
ALTER TABLE
NOTICE:  column "counted_quantity" of relation "textbook_stock_counts" already exists, skipping
ALTER TABLE
ALTER TABLE
NOTICE:  column "created_at" of relation "textbook_stock_counts" already exists, skipping
ALTER TABLE
ALTER TABLE
NOTICE:  column "created_by" of relation "textbook_stock_counts" already exists, skipping
ALTER TABLE
ALTER TABLE
NOTICE:  column "expected_quantity" of relation "textbook_stock_counts" already exists, skipping
ALTER TABLE
ALTER TABLE
NOTICE:  column "id" of relation "textbook_stock_counts" already exists, skipping
ALTER TABLE
ALTER TABLE
NOTICE:  column "location_id" of relation "textbook_stock_counts" already exists, skipping
ALTER TABLE
ALTER TABLE
NOTICE:  column "memo" of relation "textbook_stock_counts" already exists, skipping
ALTER TABLE
ALTER TABLE
NOTICE:  column "textbook_id" of relation "textbook_stock_counts" already exists, skipping
ALTER TABLE
ALTER TABLE
NOTICE:  column "updated_at" of relation "textbook_stock_counts" already exists, skipping
ALTER TABLE
ALTER TABLE
NOTICE:  column "amount" of relation "textbook_stock_moves" already exists, skipping
ALTER TABLE
ALTER TABLE
NOTICE:  column "copy_scope" of relation "textbook_stock_moves" already exists, skipping
ALTER TABLE
ALTER TABLE
NOTICE:  column "created_at" of relation "textbook_stock_moves" already exists, skipping
ALTER TABLE
ALTER TABLE
NOTICE:  column "created_by" of relation "textbook_stock_moves" already exists, skipping
ALTER TABLE
ALTER TABLE
NOTICE:  column "id" of relation "textbook_stock_moves" already exists, skipping
ALTER TABLE
ALTER TABLE
NOTICE:  column "location_id" of relation "textbook_stock_moves" already exists, skipping
ALTER TABLE
ALTER TABLE
NOTICE:  column "memo" of relation "textbook_stock_moves" already exists, skipping
ALTER TABLE
ALTER TABLE
NOTICE:  column "move_type" of relation "textbook_stock_moves" already exists, skipping
ALTER TABLE
ALTER TABLE
NOTICE:  column "moved_at" of relation "textbook_stock_moves" already exists, skipping
ALTER TABLE
ALTER TABLE
NOTICE:  column "purchase_order_line_id" of relation "textbook_stock_moves" already exists, skipping
ALTER TABLE
ALTER TABLE
NOTICE:  column "quantity" of relation "textbook_stock_moves" already exists, skipping
ALTER TABLE
ALTER TABLE
NOTICE:  column "sale_line_id" of relation "textbook_stock_moves" already exists, skipping
ALTER TABLE
ALTER TABLE
NOTICE:  column "textbook_id" of relation "textbook_stock_moves" already exists, skipping
ALTER TABLE
ALTER TABLE
NOTICE:  column "unit_amount" of relation "textbook_stock_moves" already exists, skipping
ALTER TABLE
ALTER TABLE
NOTICE:  column "created_at" of relation "textbook_sub_subject_settings" already exists, skipping
ALTER TABLE
ALTER TABLE
NOTICE:  column "id" of relation "textbook_sub_subject_settings" already exists, skipping
ALTER TABLE
ALTER TABLE
NOTICE:  column "is_visible" of relation "textbook_sub_subject_settings" already exists, skipping
ALTER TABLE
ALTER TABLE
NOTICE:  column "name" of relation "textbook_sub_subject_settings" already exists, skipping
ALTER TABLE
ALTER TABLE
NOTICE:  column "sort_order" of relation "textbook_sub_subject_settings" already exists, skipping
ALTER TABLE
ALTER TABLE
NOTICE:  column "subject" of relation "textbook_sub_subject_settings" already exists, skipping
ALTER TABLE
ALTER TABLE
NOTICE:  column "updated_at" of relation "textbook_sub_subject_settings" already exists, skipping
ALTER TABLE
ALTER TABLE
NOTICE:  column "created_at" of relation "textbook_supplier_links" already exists, skipping
ALTER TABLE
ALTER TABLE
NOTICE:  column "id" of relation "textbook_supplier_links" already exists, skipping
ALTER TABLE
ALTER TABLE
NOTICE:  column "priority" of relation "textbook_supplier_links" already exists, skipping
ALTER TABLE
ALTER TABLE
NOTICE:  column "publisher_id" of relation "textbook_supplier_links" already exists, skipping
ALTER TABLE
ALTER TABLE
NOTICE:  column "supplier_id" of relation "textbook_supplier_links" already exists, skipping
ALTER TABLE
ALTER TABLE
NOTICE:  column "textbook_id" of relation "textbook_supplier_links" already exists, skipping
ALTER TABLE
ALTER TABLE
NOTICE:  column "updated_at" of relation "textbook_supplier_links" already exists, skipping
ALTER TABLE
ALTER TABLE
NOTICE:  column "contact" of relation "textbook_suppliers" already exists, skipping
ALTER TABLE
ALTER TABLE
NOTICE:  column "created_at" of relation "textbook_suppliers" already exists, skipping
ALTER TABLE
ALTER TABLE
NOTICE:  column "id" of relation "textbook_suppliers" already exists, skipping
ALTER TABLE
ALTER TABLE
NOTICE:  column "memo" of relation "textbook_suppliers" already exists, skipping
ALTER TABLE
ALTER TABLE
NOTICE:  column "name" of relation "textbook_suppliers" already exists, skipping
ALTER TABLE
ALTER TABLE
NOTICE:  column "updated_at" of relation "textbook_suppliers" already exists, skipping
ALTER TABLE
ALTER TABLE
NOTICE:  column "barcode" of relation "textbooks" already exists, skipping
ALTER TABLE
ALTER TABLE
NOTICE:  column "category" of relation "textbooks" already exists, skipping
ALTER TABLE
ALTER TABLE
NOTICE:  column "created_at" of relation "textbooks" already exists, skipping
ALTER TABLE
ALTER TABLE
NOTICE:  column "default_supplier_id" of relation "textbooks" already exists, skipping
ALTER TABLE
ALTER TABLE
NOTICE:  column "grade_level" of relation "textbooks" already exists, skipping
ALTER TABLE
ALTER TABLE
NOTICE:  column "grade_levels" of relation "textbooks" already exists, skipping
ALTER TABLE
ALTER TABLE
NOTICE:  column "id" of relation "textbooks" already exists, skipping
ALTER TABLE
ALTER TABLE
NOTICE:  column "is_returnable" of relation "textbooks" already exists, skipping
ALTER TABLE
ALTER TABLE
NOTICE:  column "isbn13" of relation "textbooks" already exists, skipping
ALTER TABLE
ALTER TABLE
NOTICE:  column "lessons" of relation "textbooks" already exists, skipping
ALTER TABLE
ALTER TABLE
NOTICE:  column "level" of relation "textbooks" already exists, skipping
ALTER TABLE
ALTER TABLE
NOTICE:  column "list_price" of relation "textbooks" already exists, skipping
ALTER TABLE
ALTER TABLE
NOTICE:  column "name" of relation "textbooks" already exists, skipping
ALTER TABLE
ALTER TABLE
NOTICE:  column "price" of relation "textbooks" already exists, skipping
ALTER TABLE
ALTER TABLE
NOTICE:  column "publisher" of relation "textbooks" already exists, skipping
ALTER TABLE
ALTER TABLE
NOTICE:  column "publisher_id" of relation "textbooks" already exists, skipping
ALTER TABLE
ALTER TABLE
NOTICE:  column "sale_price" of relation "textbooks" already exists, skipping
ALTER TABLE
ALTER TABLE
NOTICE:  column "school_level" of relation "textbooks" already exists, skipping
ALTER TABLE
ALTER TABLE
NOTICE:  column "school_levels" of relation "textbooks" already exists, skipping
ALTER TABLE
ALTER TABLE
NOTICE:  column "source_notion_url" of relation "textbooks" already exists, skipping
ALTER TABLE
ALTER TABLE
NOTICE:  column "status" of relation "textbooks" already exists, skipping
ALTER TABLE
ALTER TABLE
NOTICE:  column "sub_subject" of relation "textbooks" already exists, skipping
ALTER TABLE
ALTER TABLE
NOTICE:  column "subject" of relation "textbooks" already exists, skipping
ALTER TABLE
ALTER TABLE
NOTICE:  column "subject_area_key" of relation "textbooks" already exists, skipping
ALTER TABLE
ALTER TABLE
NOTICE:  column "subject_area_subject" of relation "textbooks" already exists, skipping
ALTER TABLE
ALTER TABLE
NOTICE:  column "tags" of relation "textbooks" already exists, skipping
ALTER TABLE
ALTER TABLE
NOTICE:  column "title" of relation "textbooks" already exists, skipping
ALTER TABLE
ALTER TABLE
NOTICE:  column "updated_at" of relation "textbooks" already exists, skipping
ALTER TABLE
ALTER TABLE
NOTICE:  column "created_at" of relation "worksheet_exports" already exists, skipping
ALTER TABLE
ALTER TABLE
NOTICE:  column "exported_by" of relation "worksheet_exports" already exists, skipping
ALTER TABLE
ALTER TABLE
NOTICE:  column "format" of relation "worksheet_exports" already exists, skipping
ALTER TABLE
ALTER TABLE
NOTICE:  column "id" of relation "worksheet_exports" already exists, skipping
ALTER TABLE
ALTER TABLE
NOTICE:  column "mode" of relation "worksheet_exports" already exists, skipping
ALTER TABLE
ALTER TABLE
NOTICE:  column "problem_count" of relation "worksheet_exports" already exists, skipping
ALTER TABLE
ALTER TABLE
NOTICE:  column "render_settings" of relation "worksheet_exports" already exists, skipping
ALTER TABLE
ALTER TABLE
NOTICE:  column "renderer_version" of relation "worksheet_exports" already exists, skipping
ALTER TABLE
ALTER TABLE
NOTICE:  column "worksheet_project_id" of relation "worksheet_exports" already exists, skipping
ALTER TABLE
ALTER TABLE
NOTICE:  column "created_at" of relation "worksheet_items" already exists, skipping
ALTER TABLE
ALTER TABLE
NOTICE:  column "id" of relation "worksheet_items" already exists, skipping
ALTER TABLE
ALTER TABLE
NOTICE:  column "item_snapshot" of relation "worksheet_items" already exists, skipping
ALTER TABLE
ALTER TABLE
NOTICE:  column "passage_id" of relation "worksheet_items" already exists, skipping
ALTER TABLE
ALTER TABLE
NOTICE:  column "position" of relation "worksheet_items" already exists, skipping
ALTER TABLE
ALTER TABLE
NOTICE:  column "question_id" of relation "worksheet_items" already exists, skipping
ALTER TABLE
ALTER TABLE
NOTICE:  column "updated_at" of relation "worksheet_items" already exists, skipping
ALTER TABLE
ALTER TABLE
NOTICE:  column "worksheet_project_id" of relation "worksheet_items" already exists, skipping
ALTER TABLE
ALTER TABLE
NOTICE:  column "passage_id" of relation "worksheet_project_passages" already exists, skipping
ALTER TABLE
ALTER TABLE
NOTICE:  column "position" of relation "worksheet_project_passages" already exists, skipping
ALTER TABLE
ALTER TABLE
NOTICE:  column "worksheet_project_id" of relation "worksheet_project_passages" already exists, skipping
ALTER TABLE
ALTER TABLE
NOTICE:  column "class_name" of relation "worksheet_projects" already exists, skipping
ALTER TABLE
ALTER TABLE
NOTICE:  column "created_at" of relation "worksheet_projects" already exists, skipping
ALTER TABLE
ALTER TABLE
NOTICE:  column "created_by" of relation "worksheet_projects" already exists, skipping
ALTER TABLE
ALTER TABLE
NOTICE:  column "deleted_at" of relation "worksheet_projects" already exists, skipping
ALTER TABLE
ALTER TABLE
NOTICE:  column "grade" of relation "worksheet_projects" already exists, skipping
ALTER TABLE
ALTER TABLE
NOTICE:  column "id" of relation "worksheet_projects" already exists, skipping
ALTER TABLE
ALTER TABLE
NOTICE:  column "organization_id" of relation "worksheet_projects" already exists, skipping
ALTER TABLE
ALTER TABLE
NOTICE:  column "school" of relation "worksheet_projects" already exists, skipping
ALTER TABLE
ALTER TABLE
NOTICE:  column "settings" of relation "worksheet_projects" already exists, skipping
ALTER TABLE
ALTER TABLE
NOTICE:  column "source_mode" of relation "worksheet_projects" already exists, skipping
ALTER TABLE
ALTER TABLE
NOTICE:  column "subject" of relation "worksheet_projects" already exists, skipping
ALTER TABLE
ALTER TABLE
NOTICE:  column "title" of relation "worksheet_projects" already exists, skipping
ALTER TABLE
ALTER TABLE
NOTICE:  column "updated_at" of relation "worksheet_projects" already exists, skipping
ALTER TABLE
ALTER TABLE
ALTER TABLE
ALTER TABLE
ALTER TABLE
ALTER TABLE
ALTER TABLE
ALTER TABLE
ALTER TABLE
ALTER TABLE
ALTER TABLE
ALTER TABLE
ALTER TABLE
ALTER TABLE
ALTER TABLE
ALTER TABLE
ALTER TABLE
ALTER TABLE
ALTER TABLE
ALTER TABLE
ALTER TABLE
ALTER TABLE
ALTER TABLE
ALTER TABLE
ALTER TABLE
ALTER TABLE
ALTER TABLE
ALTER TABLE
ALTER TABLE
ALTER TABLE
ALTER TABLE
ALTER TABLE
ALTER TABLE
ALTER TABLE
ALTER TABLE
ALTER TABLE
ALTER TABLE
ALTER TABLE
ALTER TABLE
ALTER TABLE
ALTER TABLE
ALTER TABLE
ALTER TABLE
ALTER TABLE
ALTER TABLE
ALTER TABLE
ALTER TABLE
ALTER TABLE
ALTER TABLE
ALTER TABLE
ALTER TABLE
ALTER TABLE
ALTER TABLE
ALTER TABLE
ALTER TABLE
ALTER TABLE
ALTER TABLE
ALTER TABLE
ALTER TABLE
ALTER TABLE
ALTER TABLE
ALTER TABLE
ALTER TABLE
ALTER TABLE
ALTER TABLE
ALTER TABLE
ALTER TABLE
ALTER TABLE
ALTER TABLE
ALTER TABLE
ALTER TABLE
ALTER TABLE
ALTER TABLE
ALTER TABLE
ALTER TABLE
ALTER TABLE
ALTER TABLE
ALTER TABLE
ALTER TABLE
ALTER TABLE
ALTER TABLE
ALTER TABLE
ALTER TABLE
ALTER TABLE
ALTER TABLE
ALTER TABLE
ALTER TABLE
ALTER TABLE
ALTER TABLE
ALTER TABLE
ALTER TABLE
ALTER TABLE
ALTER TABLE
ALTER TABLE
ALTER TABLE
ALTER TABLE
ALTER TABLE
ALTER TABLE
ALTER TABLE
ALTER TABLE
ALTER TABLE
ALTER TABLE
ALTER TABLE
ALTER TABLE
ALTER TABLE
ALTER TABLE
ALTER TABLE
ALTER TABLE
ALTER TABLE
ALTER TABLE
ALTER TABLE
ALTER TABLE
ALTER TABLE
ALTER TABLE
ALTER TABLE
ALTER TABLE
ALTER TABLE
ALTER TABLE
ALTER TABLE
ALTER TABLE
ALTER TABLE
ALTER TABLE
ALTER TABLE
ALTER TABLE
ALTER TABLE
ALTER TABLE
ALTER TABLE
ALTER TABLE
ALTER TABLE
ALTER TABLE
ALTER TABLE
ALTER TABLE
ALTER TABLE
ALTER TABLE
ALTER TABLE
ALTER TABLE
ALTER TABLE
ALTER TABLE
ALTER TABLE
ALTER TABLE
ALTER TABLE
ALTER TABLE
ALTER TABLE
ALTER TABLE
ALTER TABLE
ALTER TABLE
ALTER TABLE
ALTER TABLE
ALTER TABLE
ALTER TABLE
ALTER TABLE
ALTER TABLE
ALTER TABLE
ALTER TABLE
ALTER TABLE
ALTER TABLE
ALTER TABLE
ALTER TABLE
ALTER TABLE
ALTER TABLE
ALTER TABLE
ALTER TABLE
ALTER TABLE
ALTER TABLE
ALTER TABLE
ALTER TABLE
ALTER TABLE
ALTER TABLE
ALTER TABLE
ALTER TABLE
ALTER TABLE
ALTER TABLE
ALTER TABLE
ALTER TABLE
ALTER TABLE
ALTER TABLE
ALTER TABLE
ALTER TABLE
ALTER TABLE
ALTER TABLE
ALTER TABLE
ALTER TABLE
ALTER TABLE
ALTER TABLE
ALTER TABLE
ALTER TABLE
ALTER TABLE
ALTER TABLE
ALTER TABLE
ALTER TABLE
ALTER TABLE
ALTER TABLE
ALTER TABLE
ALTER TABLE
ALTER TABLE
ALTER TABLE
ALTER TABLE
ALTER TABLE
ALTER TABLE
ALTER TABLE
ALTER TABLE
ALTER TABLE
ALTER TABLE
ALTER TABLE
ALTER TABLE
ALTER TABLE
ALTER TABLE
ALTER TABLE
ALTER TABLE
ALTER TABLE
ALTER TABLE
ALTER TABLE
ALTER TABLE
ALTER TABLE
ALTER TABLE
ALTER TABLE
ALTER TABLE
ALTER TABLE
ALTER TABLE
ALTER TABLE
ALTER TABLE
ALTER TABLE
ALTER TABLE
ALTER TABLE
ALTER TABLE
ALTER TABLE
ALTER TABLE
ALTER TABLE
ALTER TABLE
ALTER TABLE
ALTER TABLE
ALTER TABLE
ALTER TABLE
ALTER TABLE
ALTER TABLE
ALTER TABLE
ALTER TABLE
ALTER TABLE
ALTER TABLE
ALTER TABLE
ALTER TABLE
ALTER TABLE
ALTER TABLE
ALTER TABLE
ALTER TABLE
ALTER TABLE
ALTER TABLE
ALTER TABLE
ALTER TABLE
ALTER TABLE
ALTER TABLE
ALTER TABLE
ALTER TABLE
ALTER TABLE
ALTER TABLE
ALTER TABLE
ALTER TABLE
ALTER TABLE
ALTER TABLE
ALTER TABLE
ALTER TABLE
ALTER TABLE
ALTER TABLE
ALTER TABLE
ALTER TABLE
ALTER TABLE
ALTER TABLE
ALTER TABLE
ALTER TABLE
ALTER TABLE
ALTER TABLE
ALTER TABLE
ALTER TABLE
ALTER TABLE
ALTER TABLE
ALTER TABLE
ALTER TABLE
ALTER TABLE
ALTER TABLE
ALTER TABLE
ALTER TABLE
ALTER TABLE
ALTER TABLE
ALTER TABLE
ALTER TABLE
ALTER TABLE
ALTER TABLE
ALTER TABLE
ALTER TABLE
ALTER TABLE
ALTER TABLE
ALTER TABLE
ALTER TABLE
ALTER TABLE
ALTER TABLE
ALTER TABLE
ALTER TABLE
ALTER TABLE
ALTER TABLE
ALTER TABLE
ALTER TABLE
ALTER TABLE
ALTER TABLE
ALTER TABLE
ALTER TABLE
ALTER TABLE
ALTER TABLE
ALTER TABLE
ALTER TABLE
ALTER TABLE
ALTER TABLE
ALTER TABLE
ALTER TABLE
ALTER TABLE
ALTER TABLE
ALTER TABLE
ALTER TABLE
ALTER TABLE
ALTER TABLE
ALTER TABLE
ALTER TABLE
ALTER TABLE
ALTER TABLE
ALTER TABLE
ALTER TABLE
ALTER TABLE
ALTER TABLE
ALTER TABLE
ALTER TABLE
ALTER TABLE
ALTER TABLE
ALTER TABLE
ALTER TABLE
ALTER TABLE
ALTER TABLE
ALTER TABLE
ALTER TABLE
ALTER TABLE
ALTER TABLE
ALTER TABLE
ALTER TABLE
ALTER TABLE
ALTER TABLE
ALTER TABLE
ALTER TABLE
ALTER TABLE
ALTER TABLE
ALTER TABLE
ALTER TABLE
ALTER TABLE
ALTER TABLE
ALTER TABLE
ALTER TABLE
ALTER TABLE
ALTER TABLE
ALTER TABLE
ALTER TABLE
ALTER TABLE
ALTER TABLE
ALTER TABLE
ALTER TABLE
ALTER TABLE
ALTER TABLE
ALTER TABLE
ALTER TABLE
ALTER TABLE
ALTER TABLE
ALTER TABLE
ALTER TABLE
ALTER TABLE
ALTER TABLE
ALTER TABLE
ALTER TABLE
ALTER TABLE
ALTER TABLE
ALTER TABLE
ALTER TABLE
ALTER TABLE
ALTER TABLE
ALTER TABLE
ALTER TABLE
ALTER TABLE
ALTER TABLE
ALTER TABLE
ALTER TABLE
ALTER TABLE
ALTER TABLE
ALTER TABLE
ALTER TABLE
ALTER TABLE
ALTER TABLE
ALTER TABLE
ALTER TABLE
ALTER TABLE
ALTER TABLE
ALTER TABLE
ALTER TABLE
ALTER TABLE
ALTER TABLE
ALTER TABLE
ALTER TABLE
ALTER TABLE
ALTER TABLE
ALTER TABLE
ALTER TABLE
ALTER TABLE
ALTER TABLE
ALTER TABLE
ALTER TABLE
ALTER TABLE
ALTER TABLE
ALTER TABLE
ALTER TABLE
ALTER TABLE
ALTER TABLE
ALTER TABLE
ALTER TABLE
ALTER TABLE
ALTER TABLE
ALTER TABLE
ALTER TABLE
ALTER TABLE
ALTER TABLE
ALTER TABLE
ALTER TABLE
ALTER TABLE
ALTER TABLE
ALTER TABLE
ALTER TABLE
ALTER TABLE
ALTER TABLE
ALTER TABLE
ALTER TABLE
ALTER TABLE
ALTER TABLE
ALTER TABLE
ALTER TABLE
ALTER TABLE
ALTER TABLE
ALTER TABLE
ALTER TABLE
ALTER TABLE
ALTER TABLE
ALTER TABLE
ALTER TABLE
ALTER TABLE
ALTER TABLE
ALTER TABLE
ALTER TABLE
ALTER TABLE
ALTER TABLE
ALTER TABLE
ALTER TABLE
ALTER TABLE
ALTER TABLE
ALTER TABLE
ALTER TABLE
ALTER TABLE
ALTER TABLE
ALTER TABLE
ALTER TABLE
ALTER TABLE
ALTER TABLE
ALTER TABLE
ALTER TABLE
ALTER TABLE
ALTER TABLE
ALTER TABLE
ALTER TABLE
ALTER TABLE
ALTER TABLE
ALTER TABLE
ALTER TABLE
ALTER TABLE
ALTER TABLE
ALTER TABLE
ALTER TABLE
ALTER TABLE
ALTER TABLE
ALTER TABLE
ALTER TABLE
ALTER TABLE
ALTER TABLE
ALTER TABLE
ALTER TABLE
ALTER TABLE
ALTER TABLE
ALTER TABLE
ALTER TABLE
ALTER TABLE
ALTER TABLE
ALTER TABLE
ALTER TABLE
ALTER TABLE
ALTER TABLE
ALTER TABLE
ALTER TABLE
ALTER TABLE
ALTER TABLE
ALTER TABLE
ALTER TABLE
ALTER TABLE
ALTER TABLE
ALTER TABLE
ALTER TABLE
ALTER TABLE
ALTER TABLE
ALTER TABLE
ALTER TABLE
ALTER TABLE
ALTER TABLE
ALTER TABLE
ALTER TABLE
ALTER TABLE
ALTER TABLE
ALTER TABLE
ALTER TABLE
ALTER TABLE
ALTER TABLE
ALTER TABLE
ALTER TABLE
ALTER TABLE
ALTER TABLE
ALTER TABLE
ALTER TABLE
ALTER TABLE
ALTER TABLE
ALTER TABLE
ALTER TABLE
ALTER TABLE
ALTER TABLE
ALTER TABLE
ALTER TABLE
ALTER TABLE
ALTER TABLE
ALTER TABLE
ALTER TABLE
ALTER TABLE
ALTER TABLE
ALTER TABLE
ALTER TABLE
ALTER TABLE
ALTER TABLE
ALTER TABLE
ALTER TABLE
ALTER TABLE
ALTER TABLE
ALTER TABLE
ALTER TABLE
ALTER TABLE
ALTER TABLE
ALTER TABLE
ALTER TABLE
ALTER TABLE
ALTER TABLE
ALTER TABLE
ALTER TABLE
ALTER TABLE
ALTER TABLE
ALTER TABLE
ALTER TABLE
ALTER TABLE
ALTER TABLE
ALTER TABLE
ALTER TABLE
ALTER TABLE
ALTER TABLE
ALTER TABLE
ALTER TABLE
ALTER TABLE
ALTER TABLE
ALTER TABLE
ALTER TABLE
ALTER TABLE
DO
DO
DO
DO
DO
DO
DO
DO
DO
DO
DO
DO
DO
DO
DO
DO
DO
DO
DO
DO
DO
DO
DO
DO
DO
DO
DO
DO
DO
DO
DO
DO
DO
DO
DO
DO
DO
DO
DO
DO
DO
DO
DO
DO
DO
DO
DO
DO
DO
DO
DO
DO
DO
DO
DO
DO
DO
DO
DO
DO
DO
DO
DO
DO
DO
DO
DO
DO
DO
DO
DO
DO
DO
DO
DO
DO
DO
DO
DO
DO
DO
DO
DO
DO
DO
DO
DO
DO
DO
DO
DO
DO
DO
DO
DO
DO
DO
DO
DO
DO
DO
DO
DO
DO
DO
DO
DO
DO
DO
DO
DO
DO
DO
DO
DO
DO
DO
DO
DO
DO
DO
DO
DO
DO
DO
DO
DO
DO
DO
DO
DO
DO
DO
DO
DO
DO
DO
DO
DO
DO
DO
DO
DO
DO
DO
DO
DO
DO
DO
DO
DO
DO
DO
DO
DO
DO
DO
DO
DO
DO
DO
DO
DO
DO
DO
DO
DO
DO
DO
DO
DO
DO
DO
DO
DO
DO
DO
DO
DO
DO
DO
DO
DO
DO
DO
DO
DO
DO
DO
DO
DO
DO
DO
DO
DO
DO
DO
DO
DO
DO
DO
DO
DO
DO
DO
DO
DO
DO
DO
DO
DO
DO
DO
DO
DO
DO
DO
DO
DO
DO
DO
DO
DO
DO
DO
DO
DO
DO
DO
DO
DO
DO
DO
DO
DO
DO
DO
DO
DO
DO
DO
DO
DO
DO
DO
DO
DO
DO
DO
DO
DO
DO
DO
DO
DO
DO
DO
DO
DO
DO
DO
DO
DO
DO
DO
DO
DO
DO
DO
DO
DO
DO
DO
DO
DO
DO
DO
DO
DO
DO
DO
DO
DO
DO
DO
DO
DO
DO
DO
DO
DO
DO
DO
DO
DO
DO
DO
DO
DO
DO
DO
DO
DO
DO
DO
DO
DO
DO
DO
DO
DO
DO
DO
DO
DO
DO
DO
DO
DO
DO
DO
DO
DO
DO
DO
DO
DO
DO
DO
DO
DO
DO
DO
DO
DO
DO
DO
DO
DO
DO
DO
DO
DO
DO
DO
DO
DO
DO
DO
DO
DO
DO
DO
DO
DO
DO
DO
DO
DO
DO
DO
DO
DO
DO
DO
DO
DO
DO
DO
DO
DO
DO
DO
DO
DO
DO
DO
DO
DO
DO
DO
DO
DO
DO
DO
DO
DO
DO
DO
DO
DO
DO
DO
DO
DO
DO
DO
DO
DO
DO
DO
DO
DO
DO
DO
DO
DO
DO
DO
DO
DO
DO
DO
DO
DO
DO
DO
DO
DO
DO
DO
DO
DO
DO
DO
DO
DO
DO
DO
DO
DO
DO
DO
DO
DO
DO
DO
DO
DO
DO
DO
DO
DO
DO
DO
DO
DO
DO
DO
DO
DO
DO
DO
DO
DO
DO
DO
DO
DO
DO
DO
DO
DO
DO
DO
DO
DO
DO
DO
DO
DO
DO
DO
DO
DO
DO
DO
DO
DO
DO
DO
DO
DO
DO
DO
DO
DO
DO
DO
DO
DO
DO
DO
DO
DO
DO
DO
DO
DO
DO
DO
DO
DO
DO
DO
DO
DO
DO
DO
DO
DO
DO
DO
DO
DO
DO
DO
DO
DO
DO
DO
DO
DO
DO
DO
DO
DO
DO
DO
DO
DO
DO
DO
DO
DO
DO
DO
DO
DO
DO
DO
DO
DO
DO
DO
DO
DO
DO
DO
DO
DO
DO
DO
DO
DO
DO
DO
DO
DO
DO
DO
DO
DO
DO
DO
DO
DO
DO
DO
DO
DO
DO
DO
DO
DO
DO
DO
DO
DO
DO
DO
DO
DO
DO
DO
DO
DO
DO
DO
DO
DO
DO
DO
DO
DO
DO
DO
DO
DO
DO
DO
DO
DO
DO
DO
DO
DO
DO
DO
DO
DO
DO
DO
DO
DO
DO
DO
DO
DO
DO
DO
DO
DO
DO
DO
DO
DO
DO
DO
DO
DO
DO
DO
DO
DO
DO
DO
DO
DO
DO
DO
DO
DO
DO
DO
DO
DO
DO
DO
DO
DO
DO
DO
DO
DO
DO
DO
DO
DO
DO
DO
DO
DO
DO
DO
DO
DO
DO
DO
DO
DO
DO
DO
DO
DO
DO
DO
DO
DO
DO
DO
DO
DO
DO
DO
DO
DO
DO
DO
DO
DO
DO
DO
DO
DO
DO
DO
DO
DO
DO
DO
DO
DO
DO
DO
DO
DO
DO
DO
DO
DO
DO
DO
DO
DO
DO
DO
DO
DO
DO
DO
DO
DO
DO
DO
DO
DO
DO
DO
DO
DO
DO
DO
DO
DO
DO
DO
DO
DO
DO
DO
DO
DO
DO
DO
DO
DO
DO
DO
DO
DO
DO
DO
DO
DO
DO
DO
DO
DO
ALTER TABLE
ALTER TABLE
ALTER TABLE
ALTER TABLE
ALTER TABLE
ALTER TABLE
ALTER TABLE
ALTER TABLE
ALTER TABLE
ALTER TABLE
ALTER TABLE
ALTER TABLE
ALTER TABLE
ALTER TABLE
ALTER TABLE
ALTER TABLE
ALTER TABLE
ALTER TABLE
ALTER TABLE
ALTER TABLE
ALTER TABLE
ALTER TABLE
ALTER TABLE
ALTER TABLE
ALTER TABLE
ALTER TABLE
ALTER TABLE
ALTER TABLE
ALTER TABLE
ALTER TABLE
ALTER TABLE
ALTER TABLE
ALTER TABLE
ALTER TABLE
ALTER TABLE
ALTER TABLE
ALTER TABLE
ALTER TABLE
ALTER TABLE
ALTER TABLE
ALTER TABLE
ALTER TABLE
ALTER TABLE
ALTER TABLE
ALTER TABLE
ALTER TABLE
ALTER TABLE
ALTER TABLE
ALTER TABLE
ALTER TABLE
ALTER TABLE
ALTER TABLE
ALTER TABLE
ALTER TABLE
ALTER TABLE
ALTER TABLE
ALTER TABLE
ALTER TABLE
ALTER TABLE
ALTER TABLE
ALTER TABLE
ALTER TABLE
ALTER TABLE
ALTER TABLE
ALTER TABLE
ALTER TABLE
ALTER TABLE
ALTER TABLE
ALTER TABLE
ALTER TABLE
ALTER TABLE
ALTER TABLE
ALTER TABLE
ALTER TABLE
ALTER TABLE
ALTER TABLE
ALTER TABLE
ALTER TABLE
ALTER TABLE
ALTER TABLE
ALTER TABLE
ALTER TABLE
ALTER TABLE
ALTER TABLE
ALTER TABLE
ALTER TABLE
ALTER TABLE
ALTER TABLE
ALTER TABLE
ALTER TABLE
ALTER TABLE
ALTER TABLE
ALTER TABLE
ALTER TABLE
ALTER TABLE
ALTER TABLE
ALTER TABLE
ALTER TABLE
ALTER TABLE
ALTER TABLE
ALTER TABLE
ALTER TABLE
ALTER TABLE
ALTER TABLE
ALTER TABLE
ALTER TABLE
ALTER TABLE
ALTER TABLE
ALTER TABLE
ALTER TABLE
ALTER TABLE
ALTER TABLE
ALTER TABLE
ALTER TABLE
ALTER TABLE
ALTER TABLE
ALTER TABLE
ALTER TABLE
ALTER TABLE
ALTER TABLE
ALTER TABLE
ALTER TABLE
ALTER TABLE
ALTER TABLE
ALTER TABLE
ALTER TABLE
ALTER TABLE
ALTER TABLE
ALTER TABLE
ALTER TABLE
ALTER TABLE
ALTER TABLE
ALTER TABLE
ALTER TABLE
ALTER TABLE
ALTER TABLE
ALTER TABLE
ALTER TABLE
ALTER TABLE
ALTER TABLE
ALTER TABLE
ALTER TABLE
ALTER TABLE
ALTER TABLE
ALTER TABLE
ALTER TABLE
ALTER TABLE
ALTER TABLE
ALTER TABLE
ALTER TABLE
ALTER TABLE
ALTER TABLE
ALTER TABLE
ALTER TABLE
ALTER TABLE
ALTER TABLE
ALTER TABLE
ALTER TABLE
ALTER TABLE
ALTER TABLE
ALTER TABLE
ALTER TABLE
ALTER TABLE
ALTER TABLE
ALTER TABLE
ALTER TABLE
ALTER TABLE
ALTER TABLE
ALTER TABLE
ALTER TABLE
ALTER TABLE
ALTER TABLE
ALTER TABLE
ALTER TABLE
ALTER TABLE
ALTER TABLE
ALTER TABLE
ALTER TABLE
ALTER TABLE
ALTER TABLE
ALTER TABLE
ALTER TABLE
ALTER TABLE
ALTER TABLE
ALTER TABLE
ALTER TABLE
ALTER TABLE
ALTER TABLE
ALTER TABLE
ALTER TABLE
CREATE FUNCTION
DO
DROP POLICY
CREATE POLICY
NOTICE:  policy "academic_curriculum_profiles_authenticated_write" for relation "public.academic_curriculum_profiles" does not exist, skipping
DROP POLICY
CREATE POLICY
DROP POLICY
NOTICE:  policy "academic_curriculum_profiles_staff_write" for relation "public.academic_curriculum_profiles" does not exist, skipping
CREATE POLICY
DROP POLICY
CREATE POLICY
DROP POLICY
CREATE POLICY
NOTICE:  policy "academic_event_exam_details_staff_write" for relation "public.academic_event_exam_details" does not exist, skipping
DROP POLICY
CREATE POLICY
DROP POLICY
CREATE POLICY
NOTICE:  policy "academic_events_authenticated_select" for relation "public.academic_events" does not exist, skipping
DROP POLICY
CREATE POLICY
DROP POLICY
CREATE POLICY
NOTICE:  policy "academic_exam_days_authenticated_select" for relation "public.academic_exam_days" does not exist, skipping
DROP POLICY
CREATE POLICY
NOTICE:  policy "academic_exam_days_authenticated_write" for relation "public.academic_exam_days" does not exist, skipping
DROP POLICY
CREATE POLICY
DROP POLICY
CREATE POLICY
DROP POLICY
CREATE POLICY
DROP POLICY
CREATE POLICY
DROP POLICY
CREATE POLICY
NOTICE:  policy "academic_exam_scopes_authenticated_select" for relation "public.academic_exam_scopes" does not exist, skipping
DROP POLICY
CREATE POLICY
NOTICE:  policy "academic_exam_scopes_authenticated_write" for relation "public.academic_exam_scopes" does not exist, skipping
DROP POLICY
CREATE POLICY
NOTICE:  policy "academic_schools_authenticated_select" for relation "public.academic_schools" does not exist, skipping
DROP POLICY
CREATE POLICY
NOTICE:  policy "academic_schools_authenticated_write" for relation "public.academic_schools" does not exist, skipping
DROP POLICY
CREATE POLICY
NOTICE:  policy "academic_schools_staff_write" for relation "public.academic_schools" does not exist, skipping
DROP POLICY
CREATE POLICY
DROP POLICY
CREATE POLICY
NOTICE:  policy "academic_supplement_materials_authenticated_write" for relation "public.academic_supplement_materials" does not exist, skipping
DROP POLICY
CREATE POLICY
NOTICE:  policy "academic_supplement_materials_staff_write" for relation "public.academic_supplement_materials" does not exist, skipping
DROP POLICY
CREATE POLICY
DROP POLICY
CREATE POLICY
DROP POLICY
CREATE POLICY
NOTICE:  policy "academy_curriculum_materials_staff_write" for relation "public.academy_curriculum_materials" does not exist, skipping
DROP POLICY
CREATE POLICY
DROP POLICY
CREATE POLICY
DROP POLICY
CREATE POLICY
DROP POLICY
CREATE POLICY
DROP POLICY
CREATE POLICY
DROP POLICY
CREATE POLICY
DROP POLICY
CREATE POLICY
DROP POLICY
CREATE POLICY
DROP POLICY
CREATE POLICY
NOTICE:  policy "academy_curriculum_plans_staff_write" for relation "public.academy_curriculum_plans" does not exist, skipping
DROP POLICY
CREATE POLICY
DROP POLICY
CREATE POLICY
NOTICE:  policy "members can manage usage events" for relation "public.api_usage_events" does not exist, skipping
DROP POLICY
CREATE POLICY
NOTICE:  policy "app_preferences_authenticated_select" for relation "public.app_preferences" does not exist, skipping
DROP POLICY
CREATE POLICY
NOTICE:  policy "app_preferences_authenticated_write" for relation "public.app_preferences" does not exist, skipping
DROP POLICY
CREATE POLICY
NOTICE:  policy "app_preferences_staff_write" for relation "public.app_preferences" does not exist, skipping
DROP POLICY
CREATE POLICY
DROP POLICY
CREATE POLICY
DROP POLICY
CREATE POLICY
DROP POLICY
CREATE POLICY
DROP POLICY
CREATE POLICY
DROP POLICY
CREATE POLICY
DROP POLICY
CREATE POLICY
DROP POLICY
CREATE POLICY
DROP POLICY
CREATE POLICY
DROP POLICY
CREATE POLICY
DROP POLICY
CREATE POLICY
DROP POLICY
CREATE POLICY
DROP POLICY
CREATE POLICY
DROP POLICY
CREATE POLICY
DROP POLICY
CREATE POLICY
DROP POLICY
CREATE POLICY
DROP POLICY
CREATE POLICY
DROP POLICY
CREATE POLICY
DROP POLICY
CREATE POLICY
DROP POLICY
CREATE POLICY
DROP POLICY
CREATE POLICY
DROP POLICY
CREATE POLICY
DROP POLICY
CREATE POLICY
DROP POLICY
CREATE POLICY
DROP POLICY
CREATE POLICY
DROP POLICY
CREATE POLICY
DROP POLICY
CREATE POLICY
DROP POLICY
CREATE POLICY
DROP POLICY
CREATE POLICY
DROP POLICY
CREATE POLICY
DROP POLICY
CREATE POLICY
DROP POLICY
CREATE POLICY
DROP POLICY
CREATE POLICY
DROP POLICY
CREATE POLICY
DROP POLICY
CREATE POLICY
DROP POLICY
CREATE POLICY
DROP POLICY
CREATE POLICY
DROP POLICY
CREATE POLICY
DROP POLICY
CREATE POLICY
DROP POLICY
CREATE POLICY
NOTICE:  policy "academy gemini keys are admin only" for relation "public.gemini_api_keys" does not exist, skipping
DROP POLICY
CREATE POLICY
NOTICE:  policy "teacher gemini keys are private" for relation "public.gemini_api_keys" does not exist, skipping
DROP POLICY
CREATE POLICY
NOTICE:  policy "teachers can delete own gemini keys" for relation "public.gemini_api_keys" does not exist, skipping
DROP POLICY
CREATE POLICY
NOTICE:  policy "teachers can insert own gemini keys" for relation "public.gemini_api_keys" does not exist, skipping
DROP POLICY
CREATE POLICY
DROP POLICY
NOTICE:  policy "teachers can update own gemini keys" for relation "public.gemini_api_keys" does not exist, skipping
CREATE POLICY
NOTICE:  policy "admins can read organization gemini usage logs" for relation "public.gemini_api_usage_logs" does not exist, skipping
DROP POLICY
CREATE POLICY
NOTICE:  policy "teachers can insert own gemini usage logs" for relation "public.gemini_api_usage_logs" does not exist, skipping
DROP POLICY
CREATE POLICY
NOTICE:  policy "teachers can read own gemini usage logs" for relation "public.gemini_api_usage_logs" does not exist, skipping
DROP POLICY
CREATE POLICY
NOTICE:  policy "members can manage generation runs" for relation "public.generation_runs" does not exist, skipping
DROP POLICY
CREATE POLICY
DROP POLICY
CREATE POLICY
DROP POLICY
CREATE POLICY
DROP POLICY
CREATE POLICY
DROP POLICY
CREATE POLICY
DROP POLICY
CREATE POLICY
DROP POLICY
CREATE POLICY
DROP POLICY
CREATE POLICY
DROP POLICY
CREATE POLICY
DROP POLICY
CREATE POLICY
DROP POLICY
CREATE POLICY
DROP POLICY
CREATE POLICY
DROP POLICY
CREATE POLICY
DROP POLICY
CREATE POLICY
DROP POLICY
NOTICE:  policy "members can manage math generation failures" for relation "public.math_generation_failures" does not exist, skipping
CREATE POLICY
DROP POLICY
CREATE POLICY
DROP POLICY
CREATE POLICY
DROP POLICY
CREATE POLICY
DROP POLICY
CREATE POLICY
DROP POLICY
CREATE POLICY
DROP POLICY
CREATE POLICY
DROP POLICY
CREATE POLICY
DROP POLICY
CREATE POLICY
DROP POLICY
CREATE POLICY
DROP POLICY
CREATE POLICY
DROP POLICY
CREATE POLICY
DROP POLICY
CREATE POLICY
DROP POLICY
CREATE POLICY
NOTICE:  policy "ops_task_automation_rules_select" for relation "public.ops_task_automation_rules" does not exist, skipping
DROP POLICY
CREATE POLICY
NOTICE:  policy "ops_task_automation_rules_write" for relation "public.ops_task_automation_rules" does not exist, skipping
DROP POLICY
CREATE POLICY
NOTICE:  policy "ops_task_automation_runs_select" for relation "public.ops_task_automation_runs" does not exist, skipping
DROP POLICY
CREATE POLICY
NOTICE:  policy "ops_task_automation_runs_write" for relation "public.ops_task_automation_runs" does not exist, skipping
DROP POLICY
CREATE POLICY
DROP POLICY
CREATE POLICY
DROP POLICY
CREATE POLICY
DROP POLICY
CREATE POLICY
DROP POLICY
CREATE POLICY
NOTICE:  policy "ops_task_notification_channels_select" for relation "public.ops_task_notification_channels" does not exist, skipping
DROP POLICY
CREATE POLICY
NOTICE:  policy "ops_task_notification_channels_write" for relation "public.ops_task_notification_channels" does not exist, skipping
DROP POLICY
CREATE POLICY
NOTICE:  policy "ops_task_notification_deliveries_select" for relation "public.ops_task_notification_deliveries" does not exist, skipping
DROP POLICY
CREATE POLICY
NOTICE:  policy "ops_task_notification_deliveries_write" for relation "public.ops_task_notification_deliveries" does not exist, skipping
DROP POLICY
CREATE POLICY
DROP POLICY
CREATE POLICY
DROP POLICY
CREATE POLICY
DROP POLICY
CREATE POLICY
DROP POLICY
CREATE POLICY
DROP POLICY
CREATE POLICY
DROP POLICY
CREATE POLICY
DROP POLICY
CREATE POLICY
DROP POLICY
CREATE POLICY
DROP POLICY
CREATE POLICY
DROP POLICY
CREATE POLICY
DROP POLICY
CREATE POLICY
DROP POLICY
CREATE POLICY
DROP POLICY
CREATE POLICY
DROP POLICY
CREATE POLICY
DROP POLICY
CREATE POLICY
DROP POLICY
CREATE POLICY
NOTICE:  policy "members can read organization memberships" for relation "public.organization_members" does not exist, skipping
DROP POLICY
CREATE POLICY
DROP POLICY
NOTICE:  policy "members can read their organizations" for relation "public.organizations" does not exist, skipping
CREATE POLICY
NOTICE:  policy "members can manage passages" for relation "public.passages" does not exist, skipping
DROP POLICY
CREATE POLICY
DROP POLICY
CREATE POLICY
DROP POLICY
CREATE POLICY
DROP POLICY
CREATE POLICY
DROP POLICY
CREATE POLICY
DROP POLICY
CREATE POLICY
NOTICE:  policy "progress_logs_staff_write" for relation "public.progress_logs" does not exist, skipping
DROP POLICY
CREATE POLICY
DROP POLICY
CREATE POLICY
DROP POLICY
NOTICE:  policy "members can manage question revisions" for relation "public.question_revisions" does not exist, skipping
CREATE POLICY
NOTICE:  policy "members can manage question bank" for relation "public.questions" does not exist, skipping
DROP POLICY
CREATE POLICY
DROP POLICY
CREATE POLICY
DROP POLICY
CREATE POLICY
DROP POLICY
CREATE POLICY
DROP POLICY
CREATE POLICY
NOTICE:  policy "students_dashboard_select" for relation "public.students" does not exist, skipping
DROP POLICY
CREATE POLICY
NOTICE:  policy "students_dashboard_write" for relation "public.students" does not exist, skipping
DROP POLICY
CREATE POLICY
DROP POLICY
CREATE POLICY
DROP POLICY
CREATE POLICY
DROP POLICY
CREATE POLICY
DROP POLICY
CREATE POLICY
DROP POLICY
CREATE POLICY
DROP POLICY
CREATE POLICY
DROP POLICY
CREATE POLICY
DROP POLICY
CREATE POLICY
DROP POLICY
CREATE POLICY
DROP POLICY
CREATE POLICY
DROP POLICY
CREATE POLICY
DROP POLICY
CREATE POLICY
DROP POLICY
CREATE POLICY
DROP POLICY
CREATE POLICY
DROP POLICY
CREATE POLICY
DROP POLICY
CREATE POLICY
DROP POLICY
CREATE POLICY
DROP POLICY
CREATE POLICY
DROP POLICY
CREATE POLICY
DROP POLICY
CREATE POLICY
DROP POLICY
CREATE POLICY
DROP POLICY
CREATE POLICY
DROP POLICY
CREATE POLICY
DROP POLICY
CREATE POLICY
DROP POLICY
CREATE POLICY
DROP POLICY
CREATE POLICY
DROP POLICY
CREATE POLICY
DROP POLICY
CREATE POLICY
DROP POLICY
CREATE POLICY
DROP POLICY
CREATE POLICY
DROP POLICY
CREATE POLICY
DROP POLICY
CREATE POLICY
DROP POLICY
CREATE POLICY
DROP POLICY
CREATE POLICY
DROP POLICY
CREATE POLICY
DROP POLICY
NOTICE:  policy "members can insert worksheet exports" for relation "public.worksheet_exports" does not exist, skipping
CREATE POLICY
NOTICE:  policy "members can read worksheet exports" for relation "public.worksheet_exports" does not exist, skipping
DROP POLICY
CREATE POLICY
NOTICE:  policy "members can manage worksheet items" for relation "public.worksheet_items" does not exist, skipping
DROP POLICY
CREATE POLICY
NOTICE:  policy "members can manage project passages" for relation "public.worksheet_project_passages" does not exist, skipping
DROP POLICY
CREATE POLICY
NOTICE:  policy "members can manage worksheet projects" for relation "public.worksheet_projects" does not exist, skipping
DROP POLICY
CREATE POLICY
DROP TRIGGER
CREATE TRIGGER
DROP TRIGGER
CREATE TRIGGER
NOTICE:  trigger "set_updated_at_academic_exam_days" for relation "public.academic_exam_days" does not exist, skipping
DROP TRIGGER
CREATE TRIGGER
DROP TRIGGER
CREATE TRIGGER
DROP TRIGGER
CREATE TRIGGER
NOTICE:  trigger "set_updated_at_academic_exam_scopes" for relation "public.academic_exam_scopes" does not exist, skipping
DROP TRIGGER
CREATE TRIGGER
NOTICE:  trigger "set_updated_at_academic_schools" for relation "public.academic_schools" does not exist, skipping
DROP TRIGGER
CREATE TRIGGER
DROP TRIGGER
CREATE TRIGGER
DROP TRIGGER
CREATE TRIGGER
DROP TRIGGER
CREATE TRIGGER
DROP TRIGGER
CREATE TRIGGER
DROP TRIGGER
CREATE TRIGGER
DROP TRIGGER
CREATE TRIGGER
DROP TRIGGER
CREATE TRIGGER
DROP TRIGGER
CREATE TRIGGER
NOTICE:  trigger "set_updated_at_app_preferences" for relation "public.app_preferences" does not exist, skipping
DROP TRIGGER
CREATE TRIGGER
DROP TRIGGER
CREATE TRIGGER
DROP TRIGGER
CREATE TRIGGER
DROP TRIGGER
CREATE TRIGGER
DROP TRIGGER
CREATE TRIGGER
DROP TRIGGER
CREATE TRIGGER
DROP TRIGGER
CREATE TRIGGER
DROP TRIGGER
CREATE TRIGGER
DROP TRIGGER
CREATE TRIGGER
DROP TRIGGER
CREATE TRIGGER
DROP TRIGGER
CREATE TRIGGER
DROP TRIGGER
CREATE TRIGGER
DROP TRIGGER
CREATE TRIGGER
DROP TRIGGER
CREATE TRIGGER
DROP TRIGGER
CREATE TRIGGER
DROP TRIGGER
CREATE TRIGGER
DROP TRIGGER
CREATE TRIGGER
DROP TRIGGER
CREATE TRIGGER
DROP TRIGGER
CREATE TRIGGER
DROP TRIGGER
CREATE TRIGGER
DROP TRIGGER
CREATE TRIGGER
DROP TRIGGER
CREATE TRIGGER
DROP TRIGGER
CREATE TRIGGER
DROP TRIGGER
CREATE TRIGGER
DROP TRIGGER
CREATE TRIGGER
DROP TRIGGER
CREATE TRIGGER
DROP TRIGGER
CREATE TRIGGER
DROP TRIGGER
CREATE TRIGGER
DROP TRIGGER
CREATE TRIGGER
DROP TRIGGER
CREATE TRIGGER
DROP TRIGGER
CREATE TRIGGER
DROP TRIGGER
CREATE TRIGGER
DROP TRIGGER
CREATE TRIGGER
DROP TRIGGER
CREATE TRIGGER
DROP TRIGGER
CREATE TRIGGER
DROP TRIGGER
CREATE TRIGGER
DROP TRIGGER
CREATE TRIGGER
DROP TRIGGER
CREATE TRIGGER
DROP TRIGGER
CREATE TRIGGER
DROP TRIGGER
NOTICE:  trigger "gemini_api_keys_set_updated_at" for relation "public.gemini_api_keys" does not exist, skipping
CREATE TRIGGER
DROP TRIGGER
CREATE TRIGGER
DROP TRIGGER
CREATE TRIGGER
DROP TRIGGER
CREATE TRIGGER
DROP TRIGGER
CREATE TRIGGER
DROP TRIGGER
CREATE TRIGGER
DROP TRIGGER
CREATE TRIGGER
DROP TRIGGER
CREATE TRIGGER
DROP TRIGGER
CREATE TRIGGER
DROP TRIGGER
CREATE TRIGGER
DROP TRIGGER
CREATE TRIGGER
DROP TRIGGER
CREATE TRIGGER
DROP TRIGGER
CREATE TRIGGER
DROP TRIGGER
CREATE TRIGGER
DROP TRIGGER
CREATE TRIGGER
DROP TRIGGER
CREATE TRIGGER
DROP TRIGGER
CREATE TRIGGER
DROP TRIGGER
CREATE TRIGGER
DROP TRIGGER
CREATE TRIGGER
DROP TRIGGER
CREATE TRIGGER
DROP TRIGGER
CREATE TRIGGER
DROP TRIGGER
CREATE TRIGGER
DROP TRIGGER
CREATE TRIGGER
DROP TRIGGER
CREATE TRIGGER
DROP TRIGGER
CREATE TRIGGER
DROP TRIGGER
CREATE TRIGGER
DROP TRIGGER
CREATE TRIGGER
DROP TRIGGER
CREATE TRIGGER
DROP TRIGGER
CREATE TRIGGER
DROP TRIGGER
CREATE TRIGGER
NOTICE:  trigger "set_updated_at_ops_task_automation_rules" for relation "public.ops_task_automation_rules" does not exist, skipping
DROP TRIGGER
CREATE TRIGGER
DROP TRIGGER
CREATE TRIGGER
NOTICE:  trigger "set_updated_at_ops_task_notification_channels" for relation "public.ops_task_notification_channels" does not exist, skipping
DROP TRIGGER
CREATE TRIGGER
NOTICE:  trigger "set_updated_at_ops_task_notification_deliveries" for relation "public.ops_task_notification_deliveries" does not exist, skipping
DROP TRIGGER
CREATE TRIGGER
DROP TRIGGER
CREATE TRIGGER
DROP TRIGGER
CREATE TRIGGER
DROP TRIGGER
CREATE TRIGGER
DROP TRIGGER
CREATE TRIGGER
DROP TRIGGER
CREATE TRIGGER
DROP TRIGGER
CREATE TRIGGER
DROP TRIGGER
CREATE TRIGGER
DROP TRIGGER
CREATE TRIGGER
DROP TRIGGER
CREATE TRIGGER
DROP TRIGGER
CREATE TRIGGER
DROP TRIGGER
CREATE TRIGGER
DROP TRIGGER
CREATE TRIGGER
DROP TRIGGER
CREATE TRIGGER
DROP TRIGGER
CREATE TRIGGER
DROP TRIGGER
CREATE TRIGGER
DROP TRIGGER
CREATE TRIGGER
DROP TRIGGER
CREATE TRIGGER
DROP TRIGGER
CREATE TRIGGER
DROP TRIGGER
CREATE TRIGGER
DROP TRIGGER
CREATE TRIGGER
DROP TRIGGER
CREATE TRIGGER
DROP TRIGGER
CREATE TRIGGER
DROP TRIGGER
CREATE TRIGGER
DROP TRIGGER
CREATE TRIGGER
DROP TRIGGER
CREATE TRIGGER
NOTICE:  trigger "organizations_set_updated_at" for relation "public.organizations" does not exist, skipping
DROP TRIGGER
CREATE TRIGGER
DROP TRIGGER
NOTICE:  trigger "passages_set_updated_at" for relation "public.passages" does not exist, skipping
CREATE TRIGGER
DROP TRIGGER
CREATE TRIGGER
DROP TRIGGER
CREATE TRIGGER
DROP TRIGGER
CREATE TRIGGER
DROP TRIGGER
CREATE TRIGGER
DROP TRIGGER
CREATE TRIGGER
DROP TRIGGER
NOTICE:  trigger "questions_set_updated_at" for relation "public.questions" does not exist, skipping
CREATE TRIGGER
DROP TRIGGER
CREATE TRIGGER
DROP TRIGGER
CREATE TRIGGER
DROP TRIGGER
CREATE TRIGGER
DROP TRIGGER
CREATE TRIGGER
DROP TRIGGER
CREATE TRIGGER
DROP TRIGGER
CREATE TRIGGER
DROP TRIGGER
CREATE TRIGGER
DROP TRIGGER
CREATE TRIGGER
DROP TRIGGER
CREATE TRIGGER
DROP TRIGGER
CREATE TRIGGER
DROP TRIGGER
CREATE TRIGGER
DROP TRIGGER
CREATE TRIGGER
DROP TRIGGER
CREATE TRIGGER
DROP TRIGGER
CREATE TRIGGER
DROP TRIGGER
CREATE TRIGGER
DROP TRIGGER
CREATE TRIGGER
DROP TRIGGER
CREATE TRIGGER
DROP TRIGGER
CREATE TRIGGER
DROP TRIGGER
CREATE TRIGGER
DROP TRIGGER
CREATE TRIGGER
DROP TRIGGER
CREATE TRIGGER
DROP TRIGGER
CREATE TRIGGER
DROP TRIGGER
CREATE TRIGGER
DROP TRIGGER
CREATE TRIGGER
DROP TRIGGER
CREATE TRIGGER
DROP TRIGGER
CREATE TRIGGER
DROP TRIGGER
CREATE TRIGGER
DROP TRIGGER
CREATE TRIGGER
DROP TRIGGER
CREATE TRIGGER
DROP TRIGGER
CREATE TRIGGER
NOTICE:  trigger "worksheet_items_set_updated_at" for relation "public.worksheet_items" does not exist, skipping
DROP TRIGGER
CREATE TRIGGER
NOTICE:  trigger "worksheet_projects_set_updated_at" for relation "public.worksheet_projects" does not exist, skipping
DROP TRIGGER
CREATE TRIGGER
REVOKE
GRANT
GRANT
GRANT
GRANT
REVOKE
GRANT
GRANT
GRANT
GRANT
REVOKE
GRANT
GRANT
GRANT
GRANT
REVOKE
GRANT
GRANT
GRANT
GRANT
REVOKE
GRANT
GRANT
GRANT
GRANT
REVOKE
GRANT
GRANT
GRANT
GRANT
REVOKE
GRANT
GRANT
GRANT
GRANT
REVOKE
GRANT
GRANT
GRANT
GRANT
REVOKE
GRANT
REVOKE
GRANT
REVOKE
GRANT
GRANT
GRANT
GRANT
REVOKE
GRANT
GRANT
GRANT
GRANT
REVOKE
GRANT
GRANT
GRANT
GRANT
REVOKE
GRANT
GRANT
GRANT
GRANT
REVOKE
GRANT
GRANT
GRANT
GRANT
REVOKE
GRANT
GRANT
GRANT
GRANT
REVOKE
GRANT
GRANT
GRANT
GRANT
REVOKE
GRANT
GRANT
GRANT
GRANT
REVOKE
GRANT
GRANT
GRANT
REVOKE
GRANT
GRANT
GRANT
REVOKE
GRANT
GRANT
GRANT
REVOKE
GRANT
GRANT
GRANT
REVOKE
GRANT
GRANT
GRANT
REVOKE
GRANT
GRANT
GRANT
REVOKE
GRANT
GRANT
GRANT
GRANT
REVOKE
GRANT
GRANT
GRANT
GRANT
REVOKE
GRANT
GRANT
GRANT
GRANT
REVOKE
GRANT
GRANT
GRANT
REVOKE
GRANT
GRANT
GRANT
GRANT
REVOKE
GRANT
GRANT
GRANT
GRANT
GRANT
REVOKE
GRANT
GRANT
GRANT
REVOKE
GRANT
GRANT
GRANT
REVOKE
GRANT
GRANT
GRANT
REVOKE
GRANT
GRANT
GRANT
GRANT
REVOKE
GRANT
GRANT
GRANT
GRANT
REVOKE
GRANT
GRANT
GRANT
GRANT
REVOKE
GRANT
GRANT
GRANT
GRANT
REVOKE
GRANT
GRANT
GRANT
REVOKE
GRANT
GRANT
GRANT
REVOKE
GRANT
GRANT
GRANT
REVOKE
GRANT
GRANT
GRANT
REVOKE
GRANT
GRANT
GRANT
GRANT
REVOKE
GRANT
GRANT
GRANT
REVOKE
GRANT
GRANT
GRANT
REVOKE
GRANT
GRANT
GRANT
REVOKE
GRANT
REVOKE
GRANT
REVOKE
GRANT
GRANT
GRANT
GRANT
REVOKE
GRANT
GRANT
GRANT
REVOKE
GRANT
GRANT
GRANT
REVOKE
GRANT
GRANT
GRANT
REVOKE
GRANT
GRANT
REVOKE
GRANT
GRANT
GRANT
REVOKE
GRANT
GRANT
GRANT
GRANT
REVOKE
GRANT
GRANT
GRANT
GRANT
REVOKE
GRANT
GRANT
GRANT
GRANT
REVOKE
GRANT
GRANT
GRANT
GRANT
REVOKE
GRANT
GRANT
GRANT
GRANT
REVOKE
GRANT
GRANT
GRANT
GRANT
REVOKE
GRANT
GRANT
GRANT
GRANT
REVOKE
GRANT
GRANT
GRANT
GRANT
REVOKE
GRANT
GRANT
GRANT
GRANT
REVOKE
GRANT
GRANT
GRANT
GRANT
REVOKE
GRANT
GRANT
GRANT
GRANT
REVOKE
GRANT
GRANT
GRANT
GRANT
REVOKE
GRANT
GRANT
GRANT
GRANT
REVOKE
GRANT
GRANT
GRANT
GRANT
REVOKE
GRANT
GRANT
GRANT
GRANT
REVOKE
GRANT
GRANT
GRANT
GRANT
REVOKE
GRANT
GRANT
GRANT
GRANT
REVOKE
GRANT
GRANT
GRANT
GRANT
REVOKE
GRANT
GRANT
REVOKE
GRANT
GRANT
REVOKE
GRANT
GRANT
GRANT
REVOKE
GRANT
GRANT
GRANT
REVOKE
GRANT
GRANT
GRANT
GRANT
REVOKE
GRANT
GRANT
GRANT
GRANT
REVOKE
GRANT
GRANT
GRANT
GRANT
REVOKE
GRANT
GRANT
GRANT
GRANT
REVOKE
GRANT
GRANT
GRANT
GRANT
REVOKE
GRANT
GRANT
GRANT
GRANT
REVOKE
GRANT
GRANT
GRANT
GRANT
REVOKE
GRANT
GRANT
GRANT
GRANT
REVOKE
GRANT
GRANT
GRANT
GRANT
REVOKE
GRANT
GRANT
GRANT
GRANT
REVOKE
GRANT
GRANT
GRANT
GRANT
REVOKE
GRANT
GRANT
GRANT
GRANT
REVOKE
GRANT
GRANT
GRANT
GRANT
REVOKE
GRANT
GRANT
GRANT
GRANT
REVOKE
GRANT
GRANT
GRANT
GRANT
REVOKE
GRANT
GRANT
GRANT
GRANT
REVOKE
GRANT
GRANT
GRANT
GRANT
REVOKE
GRANT
GRANT
GRANT
GRANT
REVOKE
GRANT
GRANT
GRANT
GRANT
REVOKE
GRANT
GRANT
GRANT
GRANT
REVOKE
GRANT
GRANT
GRANT
REVOKE
GRANT
GRANT
GRANT
REVOKE
GRANT
GRANT
GRANT
DROP POLICY
CREATE POLICY
DROP POLICY
CREATE POLICY
DROP POLICY
CREATE POLICY
DROP POLICY
CREATE POLICY
DROP POLICY
CREATE POLICY
DROP POLICY
CREATE POLICY
DROP POLICY
CREATE POLICY

APPLY scripts/fixtures/dashboard-free-tier-isolated-schema-repair.sql
BEGIN
CREATE TABLE
CREATE TABLE
ALTER TABLE
ALTER TABLE
ALTER TABLE
ALTER TABLE
REVOKE
REVOKE
CREATE FUNCTION
REVOKE
ALTER FUNCTION
DO
DO
DO
DO
DO
COMMIT

APPLY scripts/fixtures/dashboard-free-tier-migration-prerequisites.sql
DO

APPLY scripts/fixtures/dashboard-free-tier-notification-settings-prerequisites.sql
BEGIN
DO
ALTER TABLE
ALTER TABLE
ALTER TABLE
ALTER TABLE
CREATE FUNCTION
CREATE FUNCTION
CREATE FUNCTION
CREATE FUNCTION
CREATE FUNCTION
CREATE FUNCTION
CREATE FUNCTION
DO
REVOKE
CREATE FUNCTION
CREATE FUNCTION
CREATE FUNCTION
INSERT 0 0
ALTER FUNCTION
REVOKE
ALTER FUNCTION
REVOKE
ALTER FUNCTION
REVOKE
ALTER FUNCTION
REVOKE
ALTER FUNCTION
REVOKE
ALTER FUNCTION
REVOKE
ALTER FUNCTION
REVOKE
ALTER FUNCTION
REVOKE
ALTER FUNCTION
REVOKE
GRANT
GRANT
 notification_template_compliance_v1
-------------------------------------
(0 rows)

ALTER FUNCTION
REVOKE
CREATE FUNCTION
DO
CREATE FUNCTION
ALTER FUNCTION
ALTER FUNCTION
REVOKE
REVOKE
COMMIT

APPLY supabase/migrations/20260803142000_notification_word_retest_content_payload.sql
BEGIN
SET
DO
CREATE FUNCTION
CREATE FUNCTION
CREATE FUNCTION
ALTER FUNCTION
ALTER FUNCTION
ALTER FUNCTION
REVOKE
REVOKE
REVOKE
COMMIT

APPLY supabase/migrations/20260803144000_notification_transfer_content_payload.sql
BEGIN
SET
DO
CREATE FUNCTION
REVOKE
ALTER FUNCTION
COMMIT

APPLY supabase/migrations/20260803145000_notification_withdrawal_content_payload.sql
BEGIN
SET
DO
CREATE FUNCTION
REVOKE
ALTER FUNCTION
COMMIT

APPLY supabase/migrations/20260816003407_registration_same_day_customer_reminders.sql
BEGIN
SET
SET
ALTER TABLE
UPDATE 0
ALTER TABLE
CREATE FUNCTION
ALTER FUNCTION
REVOKE
CREATE FUNCTION
ALTER FUNCTION
REVOKE
NOTICE:  trigger "set_registration_appointment_schedule_confirmed_at" for relation "public.ops_registration_appointments" does not exist, skipping
DROP TRIGGER
CREATE TRIGGER
CREATE FUNCTION
ALTER FUNCTION
REVOKE
CREATE FUNCTION
ALTER FUNCTION
REVOKE
GRANT
CREATE FUNCTION
ALTER FUNCTION
REVOKE
GRANT
CREATE FUNCTION
ALTER FUNCTION
REVOKE
GRANT
CREATE TABLE
ALTER TABLE
REVOKE
CREATE FUNCTION
ALTER FUNCTION
REVOKE
GRANT
CREATE FUNCTION
ALTER FUNCTION
REVOKE
GRANT
COMMIT

APPLY supabase/migrations/20260816133708_normalize_class_dates.sql
CREATE FUNCTION
ALTER FUNCTION
REVOKE
GRANT
DO
WARNING:  SET CONSTRAINTS can only be used in transaction blocks
SET CONSTRAINTS
ALTER TABLE
ALTER TABLE

APPLY supabase/migrations/20260817111315_registration_customer_booking_source_eligibility.sql
BEGIN
SET
SET
NOTICE:  identifier "resolve_registration_customer_message_source_pre_booking_eligibility_v1" will be truncated to "resolve_registration_customer_message_source_pre_booking_eligib"
ALTER FUNCTION
NOTICE:  identifier "resolve_registration_customer_message_source_pre_booking_eligibility_v1" will be truncated to "resolve_registration_customer_message_source_pre_booking_eligib"
REVOKE
NOTICE:  identifier "resolve_registration_customer_message_source_pre_booking_eligibility_v1" will be truncated to "resolve_registration_customer_message_source_pre_booking_eligib"
NOTICE:  identifier "resolve_registration_customer_message_source_pre_booking_eligibility_v1" will be truncated to "resolve_registration_customer_message_source_pre_booking_eligib"
LINE 31:     return dashboard_private.resolve_registration_customer_m...
                    ^
CREATE FUNCTION
ALTER FUNCTION
REVOKE
COMMIT

APPLY supabase/migrations/20260817111325_registration_observation_booking_followup_tasks.sql
BEGIN
SET
SET
CREATE FUNCTION
DROP TRIGGER
CREATE TRIGGER
UPDATE 0
ALTER FUNCTION
REVOKE
COMMIT

APPLY supabase/migrations/20260818083818_optimize_registration_task_stats.sql
ALTER FUNCTION
ALTER FUNCTION
CREATE FUNCTION
CREATE FUNCTION
REVOKE
REVOKE
REVOKE
GRANT
GRANT
GRANT
COMMENT

APPLY supabase/migrations/20260818202752_decouple_registration_phone_save_from_retired_in_app.sql
BEGIN
SET
CREATE FUNCTION
ALTER FUNCTION
REVOKE
COMMIT

APPLY supabase/migrations/20260819012301_registration_customer_message_bundles.sql
BEGIN
SET
SET
ALTER TABLE
NOTICE:  identifier "ops_registration_details_customer_message_recipient_revision_check" will be truncated to "ops_registration_details_customer_message_recipient_revision_ch"
NOTICE:  constraint "ops_registration_details_customer_message_recipient_revision_ch" of relation "ops_registration_details" does not exist, skipping
ALTER TABLE
NOTICE:  identifier "ops_registration_details_customer_message_recipient_revision_check" will be truncated to "ops_registration_details_customer_message_recipient_revision_ch"
ALTER TABLE
CREATE FUNCTION
ALTER FUNCTION
REVOKE
NOTICE:  trigger "bump_registration_customer_message_recipient_revision" for relation "public.ops_registration_details" does not exist, skipping
DROP TRIGGER
CREATE TRIGGER
CREATE TABLE
INSERT 0 1
CREATE TABLE
CREATE TABLE
CREATE TABLE
CREATE INDEX
CREATE INDEX
CREATE FUNCTION
CREATE TRIGGER
CREATE FUNCTION
CREATE TRIGGER
ALTER FUNCTION
ALTER FUNCTION
REVOKE
REVOKE
CREATE FUNCTION
ALTER FUNCTION
REVOKE
CREATE FUNCTION
REVOKE
CREATE FUNCTION
ALTER FUNCTION
REVOKE
GRANT
CREATE FUNCTION
ALTER FUNCTION
REVOKE
GRANT
ALTER TABLE
ALTER TABLE
ALTER TABLE
ALTER TABLE
REVOKE
REVOKE
REVOKE
REVOKE
ALTER TABLE
INSERT 0 6
ALTER TABLE
CREATE FUNCTION
ALTER FUNCTION
REVOKE
ALTER TABLE
ALTER TABLE
ALTER TABLE
ALTER TABLE
CREATE INDEX
COMMIT

APPLY supabase/migrations/20260819012401_fix_registration_customer_message_bundle_coalesce.sql
BEGIN
DO
NOTIFY
COMMIT

APPLY supabase/migrations/20260819101957_backfill_legacy_active_class_periods.sql
BEGIN
SET
SET
DO
SET CONSTRAINTS
SET CONSTRAINTS
COMMIT

APPLY supabase/migrations/20260819103434_registration_appointment_integrity_guard.sql
BEGIN
SET
SET
CREATE FUNCTION
CREATE FUNCTION
CREATE FUNCTION
CREATE FUNCTION
CREATE FUNCTION
CREATE FUNCTION
ALTER FUNCTION
REVOKE
CREATE FUNCTION
DO
NOTICE:  trigger "registration_appointment_integrity_on_appointment" for relation "public.ops_registration_appointments" does not exist, skipping
DROP TRIGGER
CREATE TRIGGER
NOTICE:  trigger "registration_appointment_integrity_on_level_test" for relation "public.ops_registration_level_tests" does not exist, skipping
DROP TRIGGER
CREATE TRIGGER
NOTICE:  trigger "registration_appointment_integrity_on_consultation" for relation "public.ops_registration_consultations" does not exist, skipping
DROP TRIGGER
CREATE TRIGGER
NOTICE:  trigger "registration_appointment_integrity_on_track" for relation "public.ops_registration_subject_tracks" does not exist, skipping
DROP TRIGGER
CREATE TRIGGER
DO
ALTER FUNCTION
ALTER FUNCTION
ALTER FUNCTION
ALTER FUNCTION
ALTER FUNCTION
ALTER FUNCTION
ALTER FUNCTION
ALTER FUNCTION
REVOKE
REVOKE
REVOKE
REVOKE
REVOKE
REVOKE
REVOKE
GRANT
COMMIT

APPLY supabase/migrations/20260819122006_registration_notion_style_editing.sql
BEGIN
SET
LOCK TABLE
LOCK TABLE
CREATE FUNCTION
CREATE FUNCTION
REVOKE
GRANT
COMMIT

APPLY supabase/migrations/20260819122911_registration_enrollment_external_correction.sql
BEGIN
ALTER FUNCTION
CREATE FUNCTION
ALTER FUNCTION
REVOKE
GRANT
COMMIT

APPLY supabase/migrations/20260819151002_registration_admission_preview_status_compatibility.sql
BEGIN
DO
COMMIT

APPLY supabase/migrations/20260819152417_registration_admission_preview_active_resolver_status_compatibility.sql
BEGIN
DO
COMMIT

APPLY supabase/migrations/20260820054534_registration_appointment_workflow_independence.sql
BEGIN
SET
SET
CREATE FUNCTION
ALTER FUNCTION
REVOKE
COMMIT

APPLY supabase/migrations/20260820055224_notification_source_registry_prerequisite.sql
BEGIN
SET
SET
NOTICE:  schema "dashboard_private" already exists, skipping
CREATE SCHEMA
CREATE TABLE
INSERT 0 12
ALTER TABLE
ALTER TABLE
REVOKE
GRANT
COMMIT

APPLY supabase/migrations/20260820150057_ops_task_completion_actor.sql
BEGIN
ALTER TABLE
CREATE INDEX
COMMENT
COMMENT
 set_config
------------
 true
(1 row)

UPDATE 0
 set_config
------------

(1 row)

 set_config
------------

(1 row)

CREATE FUNCTION
ALTER FUNCTION
REVOKE
DROP TRIGGER
NOTICE:  trigger "v_normalize_ops_task_completion_actor_input" for relation "public.ops_tasks" does not exist, skipping
CREATE TRIGGER
CREATE FUNCTION
ALTER FUNCTION
REVOKE
DROP TRIGGER
NOTICE:  trigger "zz_set_ops_task_completion_actor" for relation "public.ops_tasks" does not exist, skipping
CREATE TRIGGER
CREATE FUNCTION
REVOKE
GRANT
COMMIT

APPLY supabase/migrations/20260820152710_registration_level_test_result_integrity_repair.sql
BEGIN
SET
SET
CREATE FUNCTION
ALTER FUNCTION
REVOKE
CREATE FUNCTION
ALTER FUNCTION
REVOKE
GRANT
CREATE FUNCTION
ALTER FUNCTION
REVOKE
COMMIT

APPLY supabase/migrations/20260823074406_registration_workflow_stale_revision_nonretryable.sql
BEGIN
SET
SET
CREATE FUNCTION
ALTER FUNCTION
REVOKE
GRANT
COMMENT
COMMIT

APPLY supabase/migrations/20260823212430_fix_notification_contract_drain_evidence.sql
BEGIN
SET
SET
CREATE FUNCTION
ALTER FUNCTION
REVOKE
GRANT
DROP FUNCTION
COMMIT

APPLY supabase/migrations/20260824080823_notification_legacy_retry_storm.sql
BEGIN
SET
SET
CREATE FUNCTION
CREATE FUNCTION
ALTER FUNCTION
ALTER FUNCTION
REVOKE
REVOKE
GRANT
GRANT
COMMIT

APPLY supabase/migrations/20260824182043_registration_admission_order_independence.sql
BEGIN
SET
SET
DO
COMMIT

APPLY supabase/migrations/20260824182143_class_close_atomic_roster_transition.sql
BEGIN
SET
SET
DO
ALTER TABLE
ALTER TABLE
CREATE FUNCTION
NOTICE:  trigger "class_close_requires_atomic_rpc" for relation "public.classes" does not exist, skipping
DROP TRIGGER
CREATE TRIGGER
CREATE FUNCTION
ALTER FUNCTION
ALTER FUNCTION
REVOKE
REVOKE
GRANT
NOTIFY
COMMIT

APPLY supabase/migrations/20260824182243_class_close_enrollment_constraints_validate.sql
BEGIN
SET
SET
ALTER TABLE
ALTER TABLE
COMMIT

APPLY supabase/migrations/20260825090000_registration_customer_reminder_claim_final_gate.sql
BEGIN
SET
SET
CREATE FUNCTION
ALTER FUNCTION
REVOKE
GRANT
CREATE FUNCTION
ALTER FUNCTION
REVOKE
GRANT
DO
COMMIT

APPLY supabase/migrations/20260825152044_registration_admission_checklist_roster_consistency.sql
BEGIN
SET
SET
ALTER TABLE
ALTER TABLE
DROP TRIGGER
CREATE TRIGGER
CREATE FUNCTION
ALTER FUNCTION
REVOKE
GRANT
CREATE FUNCTION
ALTER FUNCTION
REVOKE
GRANT
COMMENT
DO
DO
ALTER TABLE
CREATE FUNCTION
ALTER FUNCTION
REVOKE
CREATE FUNCTION
ALTER FUNCTION
REVOKE
GRANT
COMMENT
DO
NOTICE:  registration_workflow_registered_backfill_complete finalized=0 skipped=0
DO
COMMIT

APPLY supabase/migrations/20260825170546_registration_admission_checklist_constraints_validate.sql
BEGIN
SET
SET
ALTER TABLE
ALTER TABLE
ALTER TABLE
COMMIT

APPLY supabase/migrations/20260826101200_registration_legacy_first_consultation.sql
BEGIN
SET
SET
DO
ALTER TABLE
COMMENT
CREATE FUNCTION
ALTER FUNCTION
REVOKE
COMMIT

APPLY supabase/migrations/20260831013310_management_numbered_pages.sql
CREATE FUNCTION
REVOKE
GRANT

APPLY supabase/migrations/20260831031913_ops_task_numbered_pages.sql
CREATE FUNCTION
CREATE FUNCTION
CREATE FUNCTION
CREATE FUNCTION
CREATE FUNCTION
CREATE FUNCTION
REVOKE
GRANT
REVOKE
GRANT
REVOKE
GRANT
REVOKE
GRANT
REVOKE
GRANT
REVOKE
GRANT

APPLY supabase/migrations/20260831052546_academic_operations_numbered_pages.sql
BEGIN
SET
SET
CREATE FUNCTION
CREATE FUNCTION
REVOKE
REVOKE
GRANT
GRANT
NOTIFY
COMMIT

APPLY supabase/migrations/20260831061736_approval_numbered_pages.sql
CREATE FUNCTION
REVOKE
GRANT
CREATE FUNCTION
REVOKE
GRANT

APPLY supabase/migrations/20260831063537_approval_detail_trim_parity.sql
CREATE FUNCTION

APPLY supabase/migrations/20260831065351_makeup_numbered_pages.sql
BEGIN
SET
NOTICE:  using standard form "ko-u-kn" for ICU locale "ko-u-kn-true"
CREATE COLLATION
CREATE FUNCTION
CREATE FUNCTION
CREATE FUNCTION
CREATE FUNCTION
CREATE FUNCTION
CREATE FUNCTION
CREATE FUNCTION
CREATE FUNCTION
CREATE FUNCTION
CREATE FUNCTION
REVOKE
REVOKE
GRANT
GRANT
COMMIT

APPLY supabase/migrations/20260831101449_makeup_system_note_whitespace_parity.sql
BEGIN
SET
CREATE FUNCTION
COMMIT

APPLY supabase/migrations/20260831103631_makeup_source_precision_parity.sql
BEGIN
SET
CREATE FUNCTION
REVOKE
GRANT
CREATE FUNCTION
CREATE FUNCTION
CREATE FUNCTION
COMMIT

APPLY supabase/migrations/20260831123610_textbook_inventory_numbered_reads.sql
CREATE COLLATION
CREATE FUNCTION
CREATE FUNCTION
CREATE FUNCTION
CREATE FUNCTION
CREATE FUNCTION
CREATE FUNCTION
CREATE FUNCTION
CREATE FUNCTION
CREATE FUNCTION
CREATE FUNCTION
CREATE FUNCTION
CREATE FUNCTION
CREATE FUNCTION
CREATE FUNCTION
CREATE FUNCTION
CREATE FUNCTION
CREATE FUNCTION
CREATE FUNCTION
CREATE FUNCTION
CREATE FUNCTION
CREATE FUNCTION
CREATE FUNCTION
CREATE FUNCTION
DO
NOTIFY

APPLY supabase/migrations/20260831152429_textbook_workflow_numbered_reads.sql
CREATE FUNCTION
CREATE FUNCTION
CREATE FUNCTION
CREATE FUNCTION
CREATE FUNCTION
CREATE FUNCTION
CREATE FUNCTION
CREATE FUNCTION
CREATE FUNCTION
CREATE FUNCTION
CREATE FUNCTION
CREATE FUNCTION
CREATE FUNCTION
CREATE FUNCTION
CREATE FUNCTION
CREATE FUNCTION
CREATE FUNCTION
CREATE FUNCTION
CREATE FUNCTION
CREATE FUNCTION
CREATE FUNCTION
CREATE FUNCTION
CREATE FUNCTION
CREATE FUNCTION
CREATE FUNCTION
CREATE FUNCTION
CREATE FUNCTION
CREATE FUNCTION
CREATE FUNCTION
DO
NOTIFY

APPLY supabase/migrations/20260831164103_textbook_workflow_purchase_cost_whitespace.sql
CREATE FUNCTION
REVOKE
GRANT
CREATE FUNCTION

APPLY supabase/migrations/20260831170552_textbook_closing_work_context_reads.sql
CREATE FUNCTION
CREATE FUNCTION
CREATE FUNCTION
CREATE FUNCTION
CREATE FUNCTION
CREATE FUNCTION
CREATE FUNCTION
CREATE FUNCTION
CREATE FUNCTION
CREATE FUNCTION
CREATE FUNCTION
CREATE FUNCTION
CREATE FUNCTION
CREATE FUNCTION
CREATE FUNCTION
CREATE FUNCTION
CREATE FUNCTION
CREATE FUNCTION
CREATE FUNCTION
DO

APPLY supabase/migrations/20260831184952_textbook_reference_numbered_reads.sql
NOTICE:  using standard form "ko-u-kn" for ICU locale "ko-u-kn-true"
CREATE COLLATION
CREATE COLLATION
CREATE FUNCTION
CREATE FUNCTION
CREATE FUNCTION
CREATE FUNCTION
CREATE FUNCTION
CREATE FUNCTION
CREATE FUNCTION
CREATE FUNCTION
CREATE FUNCTION
CREATE FUNCTION
CREATE FUNCTION
CREATE FUNCTION
CREATE FUNCTION
CREATE FUNCTION
CREATE FUNCTION
CREATE FUNCTION
CREATE FUNCTION
CREATE FUNCTION
CREATE FUNCTION
CREATE FUNCTION
DO

APPLY supabase/migrations/20260831234634_textbook_class_sale_roster_school.sql
CREATE FUNCTION
REVOKE
GRANT

APPLY supabase/migrations/20260901045629_textbook_supplier_numbered_reads.sql
CREATE SCHEMA
REVOKE
GRANT
CREATE TABLE
ALTER TABLE
ALTER TABLE
NOTICE:  policy "owner_draft_receipts_select_self" for relation "textbook_settings_private.owner_draft_receipts" does not exist, skipping
DROP POLICY
NOTICE:  policy "owner_draft_receipts_insert_self" for relation "textbook_settings_private.owner_draft_receipts" does not exist, skipping
DROP POLICY
CREATE POLICY
CREATE POLICY
REVOKE
GRANT
CREATE FUNCTION
CREATE FUNCTION
CREATE FUNCTION
CREATE FUNCTION
CREATE FUNCTION
CREATE FUNCTION
CREATE FUNCTION
CREATE FUNCTION
CREATE FUNCTION
CREATE FUNCTION
CREATE FUNCTION
CREATE FUNCTION
CREATE FUNCTION
CREATE FUNCTION
CREATE FUNCTION
CREATE FUNCTION
CREATE FUNCTION
CREATE FUNCTION
CREATE FUNCTION
CREATE FUNCTION
CREATE FUNCTION
REVOKE
GRANT
REVOKE
GRANT

APPLY supabase/migrations/20260901065056_textbook_owner_settings_contract_fix.sql
CREATE FUNCTION
CREATE FUNCTION
CREATE FUNCTION
REVOKE
GRANT
REVOKE
GRANT

APPLY supabase/migrations/20260901072345_textbook_taxonomy_numbered_drafts.sql
CREATE FUNCTION
CREATE FUNCTION
CREATE FUNCTION
CREATE FUNCTION
CREATE FUNCTION
CREATE FUNCTION
CREATE FUNCTION
CREATE FUNCTION
CREATE FUNCTION
REVOKE
GRANT
REVOKE
GRANT
NOTIFY

APPLY supabase/migrations/20260901110000_registration_observation_stale_revision_nonretryable.sql
BEGIN
SET
SET
CREATE FUNCTION
CREATE FUNCTION
ALTER FUNCTION
ALTER FUNCTION
REVOKE
GRANT
REVOKE
GRANT
COMMIT

APPLY supabase/migrations/20260901110100_registration_teacher_feedback_request_retirement.sql
BEGIN
SET
SET
DROP TRIGGER
DROP TRIGGER
CREATE FUNCTION
CREATE FUNCTION
INSERT 0 0
UPDATE 0
ALTER FUNCTION
ALTER FUNCTION
REVOKE
REVOKE
CREATE FUNCTION
CREATE FUNCTION
ALTER FUNCTION
ALTER FUNCTION
REVOKE
REVOKE
REVOKE
REVOKE
CREATE FUNCTION
ALTER FUNCTION
REVOKE
UPDATE 0
UPDATE 0
UPDATE 0
UPDATE 0
CREATE FUNCTION
CREATE FUNCTION
ALTER FUNCTION
ALTER FUNCTION
REVOKE
REVOKE
REVOKE
REVOKE
GRANT
GRANT
GRANT
GRANT
CREATE FUNCTION
ALTER FUNCTION
REVOKE
COMMIT

APPLY supabase/migrations/20260901110200_registration_status_property_decoupling.sql
BEGIN
SET
SET
CREATE FUNCTION
ALTER FUNCTION
REVOKE
CREATE FUNCTION
ALTER FUNCTION
REVOKE
CREATE FUNCTION
ALTER FUNCTION
REVOKE
GRANT
DROP POLICY
CREATE POLICY
DROP POLICY
CREATE POLICY
DROP POLICY
CREATE POLICY
DROP POLICY
CREATE POLICY
CREATE FUNCTION
ALTER FUNCTION
REVOKE
GRANT
COMMENT
DO
COMMIT

APPLY supabase/migrations/20260901110300_registration_observation_status_independence.sql
BEGIN
SET
SET
CREATE FUNCTION
CREATE FUNCTION
CREATE FUNCTION
CREATE FUNCTION
CREATE FUNCTION
CREATE FUNCTION
CREATE FUNCTION
ALTER FUNCTION
ALTER FUNCTION
ALTER FUNCTION
ALTER FUNCTION
ALTER FUNCTION
ALTER FUNCTION
ALTER FUNCTION
REVOKE
REVOKE
REVOKE
REVOKE
GRANT
GRANT
GRANT
REVOKE
REVOKE
REVOKE
REVOKE
GRANT
GRANT
GRANT
COMMIT

APPLY supabase/migrations/20260901110400_registration_notification_readiness_decoupling.sql
BEGIN
SET
SET
CREATE FUNCTION
ALTER FUNCTION
REVOKE
GRANT
CREATE FUNCTION
ALTER FUNCTION
REVOKE
NOTIFY
COMMIT

APPLY supabase/migrations/20260901110500_registration_flat_common_input_decoupling.sql
BEGIN
SET
SET
CREATE FUNCTION
CREATE FUNCTION
CREATE FUNCTION
ALTER FUNCTION
ALTER FUNCTION
ALTER FUNCTION
REVOKE
REVOKE
GRANT
REVOKE
GRANT
COMMENT
COMMENT
COMMENT
COMMIT

APPLY supabase/migrations/20260901110600_registration_subject_soft_archive.sql
BEGIN
SET
SET
ALTER TABLE
ALTER TABLE
DROP POLICY
NOTICE:  policy "ops_registration_subject_tracks_authenticated_select" for relation "public.ops_registration_subject_tracks" does not exist, skipping
DROP POLICY
CREATE POLICY
CREATE FUNCTION
CREATE FUNCTION
CREATE FUNCTION
ALTER FUNCTION
ALTER FUNCTION
ALTER FUNCTION
REVOKE
REVOKE
REVOKE
GRANT
CREATE FUNCTION
ALTER FUNCTION
REVOKE
CREATE FUNCTION
ALTER FUNCTION
REVOKE
DROP TRIGGER
CREATE TRIGGER
CREATE FUNCTION
ALTER FUNCTION
REVOKE
GRANT
CREATE FUNCTION
ALTER FUNCTION
REVOKE
GRANT
COMMENT
COMMENT
CREATE VIEW
ALTER VIEW
REVOKE
GRANT
DO
CREATE FUNCTION
ALTER FUNCTION
REVOKE
CREATE FUNCTION
ALTER FUNCTION
REVOKE
GRANT
DO
NOTIFY
COMMIT

APPLY supabase/migrations/20260901110650_registration_subject_soft_archive_validate.sql
BEGIN
SET
SET
ALTER TABLE
ALTER TABLE
COMMIT

APPLY supabase/migrations/20260901110700_registration_flat_case_creation.sql
BEGIN
SET
SET
CREATE FUNCTION
CREATE FUNCTION
CREATE FUNCTION
ALTER FUNCTION
ALTER FUNCTION
ALTER FUNCTION
REVOKE
GRANT
REVOKE
GRANT
REVOKE
GRANT
REVOKE
REVOKE
COMMENT
COMMENT
COMMIT

APPLY supabase/migrations/20260901110800_registration_collaboration_write_role.sql
BEGIN
SET
SET
CREATE FUNCTION
ALTER FUNCTION
REVOKE
NOTICE:  trigger "enforce_registration_collaboration_write_role_v1" for relation "public.ops_task_comments" does not exist, skipping
DROP TRIGGER
CREATE TRIGGER
NOTICE:  trigger "enforce_registration_collaboration_write_role_v1" for relation "public.ops_task_attachments" does not exist, skipping
DROP TRIGGER
CREATE TRIGGER
NOTICE:  trigger "enforce_registration_collaboration_write_role_v1" for relation "public.ops_task_events" does not exist, skipping
DROP TRIGGER
CREATE TRIGGER
DROP POLICY
CREATE POLICY
DROP POLICY
CREATE POLICY
DROP POLICY
CREATE POLICY
COMMENT
COMMIT

APPLY supabase/migrations/20260901110900_registration_archived_subject_delivery_fence.sql
BEGIN
SET
SET
DO
CREATE FUNCTION
ALTER FUNCTION
REVOKE
NOTICE:  identifier "resolve_registration_customer_message_source_pre_booking_eligibility_v1" will be truncated to "resolve_registration_customer_message_source_pre_booking_eligib"
NOTICE:  identifier "resolve_registration_customer_message_source_pre_booking_eligibility_v1" will be truncated to "resolve_registration_customer_message_source_pre_booking_eligib"
LINE 21:     return dashboard_private.resolve_registration_customer_m...
                    ^
QUERY:
declare
  v_task_id uuid;
  v_task public.ops_tasks%rowtype;
  v_detail public.ops_registration_details%rowtype;
  v_phone_digits text;
  v_appointment public.ops_registration_appointments%rowtype;
  v_subjects jsonb;
  v_participants jsonb;
begin
  if coalesce((select auth.jwt() ->> 'role'), '') <> 'service_role' then
    raise exception 'registration_customer_message_access_denied'
      using errcode = '42501';
  end if;

  if p_message_kind not in (
    'level_test_booking',
    'visit_consultation_booking',
    'appointment_reminder'
  ) then
    return dashboard_private.resolve_registration_customer_message_source_pre_booking_eligibility_v1(
      p_message_kind,
      p_source_id
    );
  end if;

  v_task_id := dashboard_private.registration_customer_message_source_task_pre_observation_v1(
    p_message_kind,
    p_source_id
  );

  select task.*
  into v_task
  from public.ops_tasks task
  where task.id = v_task_id
    and task.type = 'registration'
    and nullif(pg_catalog.btrim(task.student_name), '') is not null
  for share;
  if not found then
    raise exception 'registration_customer_message_source_invalid'
      using errcode = '22023';
  end if;

  select detail.*
  into v_detail
  from public.ops_registration_details detail
  where detail.task_id = v_task_id
  for share;
  if not found then
    raise exception 'registration_customer_message_source_invalid'
      using errcode = '22023';
  end if;

  v_phone_digits := pg_catalog.regexp_replace(
    coalesce(v_detail.parent_phone, ''),
    '[^0-9]',
    '',
    'g'
  );
  if v_phone_digits !~ '^01(0|1|[6-9])[0-9]{7,8}$' then
    raise exception 'registration_customer_message_source_invalid'
      using errcode = '22023';
  end if;

  select appointment.*
  into v_appointment
  from public.ops_registration_appointments appointment
  where appointment.id = p_source_id
    and appointment.task_id = v_task_id
    and appointment.status = 'scheduled'
    and appointment.scheduled_at > pg_catalog.clock_timestamp()
  for share;

  if not found
    or (p_message_kind = 'level_test_booking' and v_appointment.kind <> 'level_test')
    or (
      p_message_kind = 'visit_consultation_booking'
      and v_appointment.kind <> 'visit_consultation'
    )
  then
    raise exception 'registration_customer_message_source_invalid'
      using errcode = '22023';
  end if;

  if v_appointment.kind = 'level_test' then
    perform 1
    from public.ops_registration_level_tests level_test
    join public.ops_registration_subject_tracks track
      on track.id = level_test.track_id
     and track.archived_at is null
    where level_test.appointment_id = v_appointment.id
    order by level_test.id, track.id
    for share of level_test, track;

    select
      pg_catalog.jsonb_agg(
        pg_catalog.jsonb_build_object(
          'trackId', participant.track_id,
          'subject', participant.subject,
          'workflowStatus', participant.workflow_status,
          'workflowRevision', participant.workflow_revision,
          'activityId', participant.activity_id,
          'activityStatus', participant.activity_status
        ) order by participant.subject_order, participant.track_id, participant.activity_id
      ),
      pg_catalog.jsonb_agg(
        participant.subject
        order by participant.subject_order, participant.track_id
      )
    into v_participants, v_subjects
    from (
      select
        track.id as track_id,
        track.subject,
        track.workflow_status,
        track.workflow_revision,
        level_test.id as activity_id,
        level_test.status as activity_status,
        case track.subject when '영어' then 1 when '수학' then 2 when '과학' then 3 else 99 end
          as subject_order
      from public.ops_registration_level_tests level_test
      join public.ops_registration_subject_tracks track
        on track.id = level_test.track_id
     and track.archived_at is null
      where level_test.appointment_id = v_appointment.id
        and level_test.status in ('scheduled', 'in_progress')
        and track.task_id = v_task_id
    ) participant;
  else
    perform 1
    from public.ops_registration_consultations consultation
    join public.ops_registration_subject_tracks track
      on track.id = consultation.track_id
     and track.archived_at is null
    where consultation.appointment_id = v_appointment.id
    order by consultation.id, track.id
    for share of consultation, track;

    select
      pg_catalog.jsonb_agg(
        pg_catalog.jsonb_build_object(
          'trackId', participant.track_id,
          'subject', participant.subject,
          'workflowStatus', participant.workflow_status,
          'workflowRevision', participant.workflow_revision,
          'activityId', participant.activity_id,
          'activityStatus', participant.activity_status
        ) order by participant.subject_order, participant.track_id, participant.activity_id
      ),
      pg_catalog.jsonb_agg(
        participant.subject
        order by participant.subject_order, participant.track_id
      )
    into v_participants, v_subjects
    from (
      select
        track.id as track_id,
        track.subject,
        track.workflow_status,
        track.workflow_revision,
        consultation.id as activity_id,
        consultation.status as activity_status,
        case track.subject when '영어' then 1 when '수학' then 2 when '과학' then 3 else 99 end
          as subject_order
      from public.ops_registration_consultations consultation
      join public.ops_registration_subject_tracks track
        on track.id = consultation.track_id
     and track.archived_at is null
      where consultation.appointment_id = v_appointment.id
        and consultation.mode = 'visit'
        and consultation.status = 'scheduled'
        and track.task_id = v_task_id
    ) participant;
  end if;

  if v_participants is null
    or pg_catalog.jsonb_array_length(v_participants) = 0
  then
    raise exception 'registration_customer_message_source_ineligible'
      using errcode = '22023';
  end if;

  return pg_catalog.jsonb_build_object(
    'messageKind', p_message_kind,
    'sourceId', p_source_id,
    'taskId', v_task_id,
    'trackId', null,
    'appointmentId', v_appointment.id,
    'sourceRevision', v_appointment.notification_revision,
    'studentName', pg_catalog.btrim(v_task.student_name),
    'parentPhoneDigits', v_phone_digits,
    'subjects', v_subjects,
    'appointmentKind', v_appointment.kind,
    'scheduledAt', v_appointment.scheduled_at,
    'place', pg_catalog.btrim(v_appointment.place),
    'participants', v_participants
  );
end;

DO
DO
NOTICE:  trigger "cancel_registration_archived_subject_delivery" for relation "public.ops_registration_subject_tracks" does not exist, skipping
DROP TRIGGER
DROP FUNCTION
NOTICE:  function dashboard_private.cancel_registration_archived_subject_delivery_v1() does not exist, skipping
NOTIFY
COMMIT

APPLY supabase/migrations/20260901111000_registration_manager_write_and_integrity_fence.sql
BEGIN
SET
SET
CREATE FUNCTION
CREATE FUNCTION
CREATE FUNCTION
CREATE FUNCTION
ALTER FUNCTION
ALTER FUNCTION
ALTER FUNCTION
ALTER FUNCTION
REVOKE
REVOKE
REVOKE
REVOKE
NOTICE:  trigger "enforce_registration_manager_write_fence_v1" for relation "public.ops_registration_admission_batches" does not exist, skipping
NOTICE:  trigger "enforce_registration_manager_write_fence_v1" for relation "public.ops_registration_appointments" does not exist, skipping
NOTICE:  trigger "enforce_registration_manager_write_fence_v1" for relation "public.ops_registration_consultations" does not exist, skipping
NOTICE:  trigger "enforce_registration_manager_write_fence_v1" for relation "public.ops_registration_customer_message_previews" does not exist, skipping
NOTICE:  trigger "enforce_registration_manager_write_fence_v1" for relation "public.ops_registration_customer_messages" does not exist, skipping
NOTICE:  trigger "enforce_registration_manager_write_fence_v1" for relation "public.ops_registration_details" does not exist, skipping
NOTICE:  trigger "enforce_registration_manager_write_fence_v1" for relation "public.ops_registration_enrollments" does not exist, skipping
NOTICE:  trigger "enforce_registration_manager_write_fence_v1" for relation "public.ops_registration_level_tests" does not exist, skipping
NOTICE:  trigger "enforce_registration_manager_write_fence_v1" for relation "public.ops_registration_messages" does not exist, skipping
NOTICE:  trigger "enforce_registration_manager_write_fence_v1" for relation "public.ops_registration_observations" does not exist, skipping
NOTICE:  trigger "enforce_registration_manager_write_fence_v1" for relation "public.ops_registration_subject_tracks" does not exist, skipping
NOTICE:  trigger "enforce_registration_manager_write_fence_v1" for relation "public.ops_tasks" does not exist, skipping
DO
CREATE FUNCTION
CREATE FUNCTION
ALTER FUNCTION
REVOKE
CREATE FUNCTION
CREATE FUNCTION
CREATE FUNCTION
CREATE FUNCTION
CREATE FUNCTION
CREATE FUNCTION
CREATE FUNCTION
ALTER FUNCTION
ALTER FUNCTION
ALTER FUNCTION
ALTER FUNCTION
ALTER FUNCTION
ALTER FUNCTION
ALTER FUNCTION
ALTER FUNCTION
ALTER FUNCTION
ALTER FUNCTION
REVOKE
GRANT
REVOKE
GRANT
REVOKE
GRANT
REVOKE
GRANT
REVOKE
GRANT
REVOKE
GRANT
REVOKE
GRANT
REVOKE
REVOKE
COMMENT
COMMENT
NOTIFY
COMMIT

APPLY supabase/migrations/20260901111100_registration_management_notification_explicit_v2.sql
BEGIN
SET
SET
DO
CREATE FUNCTION
ALTER FUNCTION
REVOKE
CREATE FUNCTION
ALTER FUNCTION
REVOKE
CREATE FUNCTION
ALTER FUNCTION
REVOKE
CREATE FUNCTION
ALTER FUNCTION
REVOKE
CREATE FUNCTION
ALTER FUNCTION
REVOKE
CREATE FUNCTION
ALTER FUNCTION
REVOKE
CREATE FUNCTION
ALTER FUNCTION
REVOKE
GRANT
CREATE FUNCTION
ALTER FUNCTION
REVOKE
GRANT
DO
DO
DO
NOTIFY
COMMIT

APPLY supabase/migrations/20260901111150_registration_track_event_payload_sqlstate_compatibility.sql
BEGIN
SET
SET
DO
COMMIT

APPLY supabase/migrations/20260901111200_registration_flat_fact_runtime_finalization.sql
BEGIN
SET
SET
DROP TRIGGER
DROP TRIGGER
DROP TRIGGER
DROP TRIGGER
DROP TRIGGER
DROP TRIGGER
ALTER TABLE
CREATE FUNCTION
CREATE FUNCTION
CREATE FUNCTION
CREATE FUNCTION
CREATE FUNCTION
CREATE FUNCTION
CREATE FUNCTION
CREATE FUNCTION
CREATE FUNCTION
CREATE FUNCTION
DO
DO
CREATE FUNCTION
CREATE FUNCTION
CREATE FUNCTION
CREATE FUNCTION
DO
ALTER FUNCTION
CREATE FUNCTION
CREATE FUNCTION
CREATE FUNCTION
CREATE FUNCTION
ALTER FUNCTION
REVOKE
CREATE FUNCTION
DROP TRIGGER
DO
CREATE FUNCTION
CREATE FUNCTION
CREATE FUNCTION
CREATE FUNCTION
CREATE FUNCTION
CREATE FUNCTION
CREATE FUNCTION
CREATE FUNCTION
CREATE FUNCTION
DO
CREATE FUNCTION
CREATE FUNCTION
CREATE FUNCTION
CREATE FUNCTION
CREATE FUNCTION
CREATE FUNCTION
INSERT 0 1
UPDATE 0
UPDATE 0
INSERT 0 1
UPDATE 0
UPDATE 0
UPDATE 0
UPDATE 0
ALTER FUNCTION
ALTER FUNCTION
ALTER FUNCTION
ALTER FUNCTION
ALTER FUNCTION
ALTER FUNCTION
ALTER FUNCTION
ALTER FUNCTION
ALTER FUNCTION
ALTER FUNCTION
ALTER FUNCTION
ALTER FUNCTION
ALTER FUNCTION
ALTER FUNCTION
ALTER FUNCTION
ALTER FUNCTION
ALTER FUNCTION
ALTER FUNCTION
ALTER FUNCTION
ALTER FUNCTION
ALTER FUNCTION
ALTER FUNCTION
ALTER FUNCTION
ALTER FUNCTION
ALTER FUNCTION
ALTER FUNCTION
ALTER FUNCTION
ALTER FUNCTION
ALTER FUNCTION
ALTER FUNCTION
ALTER FUNCTION
ALTER FUNCTION
ALTER FUNCTION
ALTER FUNCTION
ALTER FUNCTION
ALTER FUNCTION
ALTER FUNCTION
ALTER FUNCTION
REVOKE
REVOKE
GRANT
REVOKE
REVOKE
GRANT
REVOKE
GRANT
REVOKE
GRANT
REVOKE
GRANT
REVOKE
GRANT
REVOKE
REVOKE
GRANT
REVOKE
REVOKE
REVOKE
GRANT
REVOKE
REVOKE
REVOKE
GRANT
REVOKE
REVOKE
REVOKE
REVOKE
REVOKE
GRANT
REVOKE
REVOKE
GRANT
REVOKE
REVOKE
REVOKE
GRANT
REVOKE
GRANT
REVOKE
REVOKE
REVOKE
GRANT
REVOKE
GRANT
REVOKE
GRANT
REVOKE
REVOKE
GRANT
REVOKE
GRANT
REVOKE
GRANT
REVOKE
GRANT
REVOKE
GRANT
COMMIT

APPLY supabase/migrations/20260905064919_ops_task_parameter_sensitive_plans.sql
DO

APPLY supabase/migrations/20260905123149_dashboard_statistics_conflict_identity.sql
BEGIN
SET
SET
CREATE FUNCTION
COMMIT

APPLY supabase/migrations/20260905123831_dashboard_conflict_visibility_boolean.sql
BEGIN
SET
SET
CREATE FUNCTION
COMMIT

APPLY supabase/migrations/20260905143000_dashboard_conflict_business_sqlstate.sql
BEGIN
SET
SET
CREATE FUNCTION
COMMIT

APPLY supabase/migrations/20260907092019_registration_subject_snapshot_guard.sql
BEGIN
SET
SET
CREATE FUNCTION
ALTER FUNCTION
REVOKE
GRANT
CREATE FUNCTION
ALTER FUNCTION
REVOKE
GRANT
COMMIT

APPLY supabase/migrations/20260907101952_retire_word_retest_google_chat.sql
BEGIN
SET
SET
UPDATE 0
ALTER TABLE
UPDATE 0
DO
COMMIT

APPLY supabase/migrations/20260907103333_validate_word_retest_google_chat_retirement.sql
BEGIN
SET
SET
ALTER TABLE
COMMIT

APPLY supabase/migrations/20260907112516_registration_customer_delivery_lookup.sql
BEGIN
SET
SET
CREATE FUNCTION
ALTER FUNCTION
REVOKE
GRANT
COMMIT

APPLY supabase/migrations/20260908042503_notification_settings_atomic_registration_policy.sql
BEGIN
SET
SET
CREATE FUNCTION
CREATE FUNCTION
CREATE FUNCTION
CREATE FUNCTION
CREATE FUNCTION
CREATE FUNCTION
CREATE FUNCTION
CREATE FUNCTION
ALTER FUNCTION
ALTER FUNCTION
ALTER FUNCTION
REVOKE
REVOKE
REVOKE
GRANT
NOTIFY
COMMIT

APPLY supabase/migrations/20260908042546_registration_visit_cancellation_explicit.sql
BEGIN
SET
SET
CREATE FUNCTION
CREATE FUNCTION
CREATE FUNCTION
CREATE FUNCTION
CREATE FUNCTION
DO
ALTER FUNCTION
ALTER FUNCTION
ALTER FUNCTION
ALTER FUNCTION
ALTER FUNCTION
REVOKE
REVOKE
REVOKE
REVOKE
REVOKE
GRANT
GRANT
GRANT
NOTIFY
COMMIT

APPLY supabase/migrations/20260908042842_registration_case_customer_message_history.sql
BEGIN
SET
SET
CREATE FUNCTION
ALTER FUNCTION
REVOKE
GRANT
COMMENT
CREATE FUNCTION
ALTER FUNCTION
REVOKE
GRANT
COMMIT

APPLY supabase/migrations/20260908044018_registration_observation_explicit_chat.sql
BEGIN
SET
SET
CREATE TABLE
CREATE INDEX
ALTER TABLE
ALTER TABLE
REVOKE
CREATE FUNCTION
CREATE FUNCTION
CREATE FUNCTION
CREATE FUNCTION
CREATE FUNCTION
CREATE FUNCTION
ALTER FUNCTION
ALTER FUNCTION
ALTER FUNCTION
ALTER FUNCTION
ALTER FUNCTION
ALTER FUNCTION
REVOKE
REVOKE
REVOKE
REVOKE
REVOKE
REVOKE
GRANT
GRANT
GRANT
GRANT
NOTIFY
COMMIT

APPLY supabase/migrations/20260908044502_registration_management_notification_preview.sql
BEGIN
SET
SET
CREATE TABLE
ALTER TABLE
REVOKE
CREATE FUNCTION
CREATE FUNCTION
CREATE FUNCTION
ALTER FUNCTION
CREATE FUNCTION
CREATE FUNCTION
DO
REVOKE
REVOKE
REVOKE
REVOKE
REVOKE
REVOKE
GRANT
GRANT
GRANT
GRANT
INSERT 0 0
NOTIFY
COMMIT

APPLY supabase/migrations/20260908062222_registration_management_notification_source_recovery.sql
BEGIN
SET
SET
CREATE TABLE
CREATE INDEX
CREATE TABLE
ALTER TABLE
ALTER TABLE
REVOKE
ALTER FUNCTION
CREATE FUNCTION
CREATE FUNCTION
CREATE FUNCTION
CREATE FUNCTION
ALTER FUNCTION
CREATE FUNCTION
DO
CREATE FUNCTION
CREATE FUNCTION
CREATE TRIGGER
CREATE TRIGGER
CREATE FUNCTION
CREATE TRIGGER
CREATE TRIGGER
CREATE FUNCTION
DO
ALTER FUNCTION
REVOKE
ALTER FUNCTION
REVOKE
ALTER FUNCTION
REVOKE
ALTER FUNCTION
REVOKE
ALTER FUNCTION
REVOKE
ALTER FUNCTION
REVOKE
ALTER FUNCTION
REVOKE
ALTER FUNCTION
REVOKE
ALTER FUNCTION
REVOKE
ALTER FUNCTION
REVOKE
ALTER FUNCTION
REVOKE
GRANT
GRANT
NOTIFY
COMMIT

APPLY supabase/migrations/20260908090400_registration_management_dispatch_owner.sql
BEGIN
SET
SET
CREATE FUNCTION
ALTER FUNCTION
REVOKE
ALTER FUNCTION
CREATE FUNCTION
ALTER FUNCTION
REVOKE
DO
NOTIFY
COMMIT

APPLY supabase/migrations/20260908105302_textbook_sale_transition_atomic.sql
SET
SET
CREATE INDEX
CREATE FUNCTION
REVOKE
GRANT
NOTIFY

APPLY supabase/migrations/20260908112155_textbook_stock_count_atomic.sql
BEGIN
SET
SET
CREATE TABLE
CREATE INDEX
ALTER TABLE
REVOKE
GRANT
CREATE POLICY
CREATE POLICY
CREATE FUNCTION
CREATE FUNCTION
REVOKE
REVOKE
GRANT
GRANT
COMMIT

APPLY supabase/migrations/20260909045433_dashboard_conflict_monitoring_only.sql
BEGIN
SET
SET
CREATE FUNCTION
CREATE FUNCTION
REVOKE
REVOKE
REVOKE
COMMIT

APPLY supabase/migrations/20260909045454_registration_admission_preview_saved_facts.sql
BEGIN
SET
SET
DO
ALTER FUNCTION
REVOKE
ALTER FUNCTION
REVOKE
COMMIT

APPLY supabase/migrations/20260909050634_registration_followup_task_retirement.sql
BEGIN
SET
SET
DROP TRIGGER
DROP TRIGGER
DROP TRIGGER
CREATE FUNCTION
CREATE FUNCTION
CREATE FUNCTION
ALTER FUNCTION
ALTER FUNCTION
ALTER FUNCTION
REVOKE
REVOKE
REVOKE
UPDATE 0
ALTER TABLE
CREATE FUNCTION
ALTER FUNCTION
REVOKE
 retire_registration_followup_tasks_v1
---------------------------------------
                                     0
(1 row)

COMMIT

APPLY supabase/migrations/20260909050822_registration_followup_task_retirement_validate.sql
BEGIN
SET
SET
ALTER TABLE
COMMIT

APPLY supabase/migrations/20260909050943_operations_subject_completion_chat.sql
BEGIN
SET
SET
ALTER TABLE
ALTER TABLE
ALTER TABLE
ALTER TABLE
DO
CREATE FUNCTION
CREATE FUNCTION
DO
CREATE FUNCTION
CREATE FUNCTION
CREATE FUNCTION
CREATE FUNCTION
ALTER FUNCTION
CREATE FUNCTION
DO
DO
DO
ALTER FUNCTION
ALTER FUNCTION
ALTER FUNCTION
ALTER FUNCTION
ALTER FUNCTION
ALTER FUNCTION
ALTER FUNCTION
REVOKE
REVOKE
GRANT
NOTIFY
COMMIT

APPLY supabase/migrations/20260909063900_operations_subject_completion_constraints_validate.sql
BEGIN
SET
SET
ALTER TABLE
ALTER TABLE
COMMIT

APPLY supabase/migrations/20260909084130_retire_tasks_and_word_retest_notifications.sql
BEGIN
SET
SET
UPDATE 1
ALTER TABLE
UPDATE 0
DO
COMMIT

APPLY supabase/migrations/20260909084131_validate_unused_notification_retirement.sql
BEGIN
SET
SET
ALTER TABLE
COMMIT

APPLY supabase/migrations/20260909152352_allow_classes_without_period_memberships.sql
BEGIN
SET
SET
CREATE FUNCTION
CREATE FUNCTION
DROP TRIGGER
DROP TRIGGER
ALTER FUNCTION
ALTER FUNCTION
REVOKE
REVOKE
GRANT
GRANT
NOTIFY
COMMIT

APPLY supabase/migrations/20260909153611_remove_academic_curriculum_default_period_scope.sql
BEGIN
SET
SET
CREATE FUNCTION
CREATE FUNCTION
REVOKE
REVOKE
GRANT
GRANT
NOTIFY
COMMIT

APPLY supabase/migrations/20260911102816_recruiting_applications_private_intake.sql
BEGIN
SET
SET
DO
CREATE TABLE
CREATE INDEX
CREATE INDEX
CREATE TABLE
CREATE INDEX
CREATE TABLE
CREATE INDEX
CREATE TABLE
ALTER TABLE
ALTER TABLE
ALTER TABLE
ALTER TABLE
REVOKE
GRANT
GRANT
GRANT
CREATE POLICY
CREATE POLICY
CREATE POLICY
CREATE FUNCTION
REVOKE
GRANT
CREATE FUNCTION
REVOKE
GRANT
COMMIT

APPLY supabase/migrations/20260912074228_public_site_content_management.sql
BEGIN
SET
SET
CREATE FUNCTION
REVOKE
CREATE TABLE
CREATE INDEX
CREATE INDEX
CREATE INDEX
ALTER TABLE
REVOKE
GRANT
GRANT
CREATE POLICY
CREATE POLICY
CREATE TABLE
ALTER TABLE
REVOKE
CREATE FUNCTION
ALTER FUNCTION
REVOKE
GRANT
INSERT 0 1
CREATE POLICY
COMMIT

APPLY supabase/migrations/20260921114313_textbook_lifecycle_atomic.sql
SET
SET
CREATE INDEX
CREATE FUNCTION
CREATE FUNCTION
CREATE FUNCTION
CREATE FUNCTION
REVOKE
REVOKE
REVOKE
REVOKE
GRANT
GRANT
GRANT
GRANT
NOTIFY

APPLY supabase/migrations/20260921114314_signup_identity_isolation.sql
SET
SET
CREATE FUNCTION

APPLY supabase/migrations/20260921132000_purchase_group_return_state.sql
SET
SET
CREATE FUNCTION
CREATE FUNCTION
NOTIFY

APPLY supabase/migrations/20260921132001_signup_teacher_ownership.sql
SET
SET
CREATE FUNCTION

APPLY supabase/migrations/20260921133800_purchase_return_read_consistency.sql
SET
SET
CREATE FUNCTION
CREATE FUNCTION
NOTIFY

APPLY supabase/migrations/20260921141000_signup_confirmation_link.sql
SET
SET
CREATE FUNCTION
CREATE TRIGGER

APPLY supabase/migrations/20260921144020_student_enrollment_status.sql
SET
SET
CREATE FUNCTION
CREATE FUNCTION
REVOKE
REVOKE
GRANT
GRANT
DO

APPLY supabase/migrations/20260922012306_dashboard_workload_reads.sql
BEGIN
SET
SET
CREATE FUNCTION
CREATE FUNCTION
CREATE FUNCTION
REVOKE
REVOKE
REVOKE
GRANT
GRANT
GRANT
COMMIT

APPLY supabase/migrations/20260922021144_retire_standalone_approvals.sql
BEGIN
SET
SET
 pg_advisory_xact_lock
-----------------------

(1 row)

UPDATE 0
ALTER TABLE
UPDATE 0
ALTER TABLE
UPDATE 0
DO
DO
NOTICE:  trigger "write_approval_status_event" for relation "public.approval_requests" does not exist, skipping
DROP TRIGGER
DROP TRIGGER
DROP TRIGGER
DROP TRIGGER
DROP TRIGGER
DROP FUNCTION
DROP FUNCTION
DROP FUNCTION
DROP FUNCTION
DROP FUNCTION
DROP FUNCTION
DROP FUNCTION
DROP FUNCTION
DROP FUNCTION
DROP FUNCTION
DROP FUNCTION
DROP FUNCTION
DROP FUNCTION
DROP FUNCTION
DROP FUNCTION
DROP FUNCTION
DROP FUNCTION
DROP FUNCTION
DROP FUNCTION
DROP FUNCTION
DROP FUNCTION
DROP FUNCTION
DROP FUNCTION
NOTICE:  function dashboard_private.approval_attachment_snapshot_v1(text) does not exist, skipping
NOTICE:  function dashboard_private.approval_profile_display_name_v1(uuid) does not exist, skipping
DROP FUNCTION
DROP FUNCTION
NOTICE:  function dashboard_private.approval_target_period_v1(text) does not exist, skipping
DROP FUNCTION
COMMIT

APPLY supabase/migrations/20260922021343_validate_standalone_approvals_retirement.sql
BEGIN
SET
SET
ALTER TABLE
ALTER TABLE
COMMIT

APPLY supabase/migrations/20260922023940_timetable_continuous_class_scope.sql
BEGIN
SET
SET
CREATE FUNCTION
REVOKE
GRANT
COMMIT

APPLY supabase/migrations/20260922054047_curriculum_schedule_and_class_textbooks.sql
BEGIN
SET
SET
ALTER TABLE
CREATE FUNCTION
CREATE FUNCTION
CREATE FUNCTION
REVOKE
DO
CREATE FUNCTION
REVOKE
GRANT
UPDATE 0
CREATE FUNCTION
REVOKE
CREATE TRIGGER
ALTER TABLE
DO
CREATE FUNCTION
REVOKE
REVOKE
GRANT
GRANT
NOTIFY
DO
DO
COMMIT

APPLY supabase/migrations/20260922064700_validate_class_textbook_usage.sql
BEGIN
SET
SET
ALTER TABLE
COMMIT

APPLY supabase/migrations/20260922095634_exclude_closed_observation_classes.sql
BEGIN
SET
SET
DO
COMMIT

APPLY supabase/migrations/20260922105632_registration_multiple_textbooks.sql
BEGIN
SET
SET
ALTER TABLE
CREATE FUNCTION
REVOKE
CREATE FUNCTION
REVOKE
CREATE TRIGGER
CREATE FUNCTION
REVOKE
CREATE TRIGGER
DO
COMMIT

APPLY supabase/migrations/20260922140000_class_detail_roster_counts.sql
DO

APPLY supabase/migrations/20260923063151_timetable_schedule_mutation_safety.sql
BEGIN
SET
SET
CREATE FUNCTION
REVOKE
DO
ALTER TABLE
ALTER TABLE
CREATE FUNCTION
CREATE FUNCTION
COMMIT

APPLY supabase/migrations/20260923065331_timetable_schedule_partial_resources.sql
BEGIN
SET
SET
DO
DO
COMMIT

APPLY supabase/migrations/20260923070639_timetable_schedule_literal_resources.sql
BEGIN
SET
SET
DO
DO
COMMIT

APPLY supabase/migrations/20260923073614_timetable_normalized_slot_resources.sql
BEGIN
SET
SET
DO
COMMIT

APPLY supabase/migrations/20260923074255_timetable_legacy_ambiguous_room_parser.sql
BEGIN
SET
SET
DO
COMMIT

APPLY supabase/migrations/20260923075249_timetable_normalized_slot_time_matching.sql
BEGIN
SET
SET
DO
COMMIT

APPLY supabase/migrations/20260923081138_timetable_plan_storage.sql
BEGIN
SET
SET
CREATE TABLE
CREATE TABLE
CREATE INDEX
CREATE TABLE
CREATE TABLE
CREATE INDEX
CREATE INDEX
CREATE INDEX
CREATE TABLE
CREATE TABLE
ALTER TABLE
CREATE TABLE
INSERT 0 1
CREATE FUNCTION
CREATE FUNCTION
CREATE FUNCTION
CREATE FUNCTION
CREATE FUNCTION
CREATE FUNCTION
CREATE TRIGGER
CREATE FUNCTION
CREATE FUNCTION
CREATE FUNCTION
CREATE FUNCTION
CREATE FUNCTION
CREATE FUNCTION
CREATE FUNCTION
CREATE FUNCTION
CREATE FUNCTION
CREATE FUNCTION
CREATE FUNCTION
CREATE FUNCTION
CREATE FUNCTION
CREATE FUNCTION
DO
GRANT
CREATE POLICY
CREATE POLICY
CREATE POLICY
CREATE POLICY
CREATE FUNCTION
ALTER FUNCTION
REVOKE
GRANT
CREATE POLICY
DO
COMMIT

APPLY supabase/migrations/20260923085008_timetable_operational_conflict_guards.sql
BEGIN
SET
SET
CREATE FUNCTION
CREATE FUNCTION
CREATE FUNCTION
CREATE FUNCTION
CREATE FUNCTION
CREATE FUNCTION
CREATE TABLE
ALTER TABLE
ALTER TABLE
REVOKE
CREATE FUNCTION
CREATE FUNCTION
CREATE FUNCTION
CREATE FUNCTION
CREATE TRIGGER
CREATE TRIGGER
CREATE TRIGGER
CREATE TRIGGER
CREATE TRIGGER
CREATE TRIGGER
CREATE TRIGGER
CREATE TRIGGER
CREATE TRIGGER
CREATE TRIGGER
CREATE TRIGGER
CREATE FUNCTION
CREATE FUNCTION
CREATE FUNCTION
CREATE FUNCTION
CREATE FUNCTION
CREATE FUNCTION
CREATE FUNCTION
CREATE FUNCTION
CREATE FUNCTION
CREATE FUNCTION
CREATE FUNCTION
CREATE FUNCTION
CREATE FUNCTION
CREATE FUNCTION
CREATE FUNCTION
CREATE FUNCTION
CREATE FUNCTION
CREATE FUNCTION
CREATE FUNCTION
CREATE FUNCTION
CREATE FUNCTION
CREATE FUNCTION
CREATE FUNCTION
CREATE FUNCTION
CREATE FUNCTION
CREATE FUNCTION
CREATE FUNCTION
CREATE FUNCTION
DO
ALTER FUNCTION
REVOKE
GRANT
CREATE FUNCTION
ALTER FUNCTION
REVOKE
GRANT
CREATE FUNCTION
CREATE FUNCTION
CREATE FUNCTION
ALTER TABLE
CREATE FUNCTION
COMMIT

APPLY supabase/migrations/20260923120931_timetable_plan_transfers.sql
BEGIN
SET
SET
CREATE FUNCTION
CREATE FUNCTION
CREATE FUNCTION
CREATE FUNCTION
ALTER FUNCTION
ALTER FUNCTION
REVOKE
ALTER FUNCTION
ALTER FUNCTION
REVOKE
GRANT
COMMIT

APPLY supabase/migrations/20260923131454_timetable_makeup_domain_sqlstates.sql
BEGIN
SET
SET
CREATE FUNCTION
CREATE FUNCTION
CREATE FUNCTION
CREATE FUNCTION
CREATE FUNCTION
CREATE FUNCTION
COMMIT

APPLY supabase/migrations/20260923134651_timetable_reference_aggregation.sql
BEGIN
SET
SET
CREATE FUNCTION
CREATE FUNCTION
COMMIT

APPLY supabase/migrations/20260923150523_timetable_plan_import_recovery.sql
BEGIN
SET
SET
CREATE FUNCTION
CREATE FUNCTION
CREATE FUNCTION
CREATE FUNCTION
CREATE FUNCTION
REVOKE
REVOKE
GRANT
COMMIT

APPLY supabase/migrations/20260923164328_timetable_import_original_placement.sql
BEGIN
SET
SET
CREATE FUNCTION
REVOKE
COMMIT
DROP TRIGGER
REVOKE
DROP POLICY
REVOKE
