BEGIN
NOTICE:  extension "pgtap" already exists, skipping
CREATE EXTENSION
 no_plan 
---------
(0 rows)

CREATE FUNCTION
INSERT 0 5
INSERT 0 5
DELETE 2
INSERT 0 2
UPDATE 2
INSERT 0 2
CREATE FUNCTION
              set_config              
--------------------------------------
 ac239000-0000-4000-8000-000000000901
(1 row)

SET
                  lives_ok                   
---------------------------------------------
 ok 1 - admin creates independent empty plan
(1 row)

               is               
--------------------------------
 ok 2 - empty board is readable
(1 row)

                    is                     
-------------------------------------------
 ok 3 - full catalogs support empty boards
(1 row)

SELECT 1
                      is                       
-----------------------------------------------
 ok 4 - same actor and key replay exact result
(1 row)

                throws_ok                
-----------------------------------------
 ok 5 - same key different body rejected
(1 row)

                          is                           
-------------------------------------------------------
 ok 6 - item save does not increment metadata revision
(1 row)

                              lives_ok                              
--------------------------------------------------------------------
 ok 7 - adjacent half-open placement and distinct item save succeed
(1 row)

            lives_ok             
---------------------------------
 ok 8 - alternative plan created
(1 row)

                               lives_ok                                
-----------------------------------------------------------------------
 ok 9 - identical teacher room and time in another plan is independent
(1 row)

RESET
                                throws_ok                                
-------------------------------------------------------------------------
 ok 10 - composite FK rejects cross-plan item even for privileged insert
(1 row)

SET
                 throws_ok                 
-------------------------------------------
 ok 11 - same-item stale revision rejected
(1 row)

                      throws_ok                       
------------------------------------------------------
 ok 12 - same plan teacher and room conflict rejected
(1 row)

                 throws_ok                  
--------------------------------------------
 ok 13 - lifecycle field injection rejected
(1 row)

                throws_ok                 
------------------------------------------
 ok 14 - duplicate slot identity rejected
(1 row)

                       throws_ok                       
-------------------------------------------------------
 ok 15 - same room conflicts even with another teacher
(1 row)

                      throws_ok                      
-----------------------------------------------------
 ok 16 - same teacher conflicts even in another room
(1 row)

                         throws_ok                          
------------------------------------------------------------
 ok 17 - same item overlaps even when both resources differ
(1 row)

                 throws_ok                 
-------------------------------------------
 ok 18 - stale shadow fingerprint rejected
(1 row)

                 throws_ok                 
-------------------------------------------
 ok 19 - source provenance is server-owned
(1 row)

                      is                      
----------------------------------------------
 ok 20 - per plan signal matches item changes
(1 row)

RESET
INSERT 0 1
  set_config  
--------------
 release2-rpc
(1 row)

INSERT 0 1
SET
                          is                           
-------------------------------------------------------
 ok 21 - all subjects contribute authoritative shadows
(1 row)

                               lives_ok                                
-----------------------------------------------------------------------
 ok 22 - name-only edit preserves newly conflicting original occupancy
(1 row)

                           throws_ok                            
----------------------------------------------------------------
 ok 23 - hidden subject operational shadow blocks new placement
(1 row)

                         lives_ok                         
----------------------------------------------------------
 ok 24 - safe repair moves out of unchanged live conflict
(1 row)

RESET
UPDATE 1
SET
                          lives_ok                          
------------------------------------------------------------
 ok 25 - hidden resource unchanged occupancy can be renamed
(1 row)

                      throws_ok                       
------------------------------------------------------
 ok 26 - hidden resource cannot acquire new occupancy
(1 row)

RESET
DELETE 1
 set_config 
------------
 v1
(1 row)

UPDATE 1
DELETE 1
SET
                          is                           
-------------------------------------------------------
 ok 27 - deleted resource retains original stable UUID
(1 row)

                           lives_ok                           
--------------------------------------------------------------
 ok 28 - deleted resource snapshot permits non-occupancy edit
(1 row)

                 lives_ok                  
-------------------------------------------
 ok 29 - second plan created independently
(1 row)

                   lives_ok                   
----------------------------------------------
 ok 30 - other plan has independent occupancy
(1 row)

                 throws_ok                  
--------------------------------------------
 ok 31 - another plan slot cannot be stolen
(1 row)

                   lives_ok                   
----------------------------------------------
 ok 32 - metadata rename changes own revision
(1 row)

                           is                           
--------------------------------------------------------
 ok 33 - metadata rename leaves item revision unchanged
(1 row)

                throws_ok                
-----------------------------------------
 ok 34 - old metadata guard rejects save
(1 row)

               lives_ok                
---------------------------------------
 ok 35 - archive is metadata operation
(1 row)

              throws_ok              
-------------------------------------
 ok 36 - archived plans are readonly
(1 row)

       lives_ok       
----------------------
 ok 37 - restore plan
(1 row)

RESET
INSERT 0 1
UPDATE 1
SET
                                  is                                   
-----------------------------------------------------------------------
 ok 38 - applied item whose source was deleted stays out of draft grid
(1 row)

                                      is                                       
-------------------------------------------------------------------------------
 ok 39 - applied snapshot remains separate after applied class ID becomes null
(1 row)

             throws_ok             
-----------------------------------
 ok 40 - applied item is immutable
(1 row)

                            lives_ok                            
----------------------------------------------------------------
 ok 41 - clone preserves unavailable draft resources for repair
(1 row)

                     is                      
---------------------------------------------
 ok 42 - whole clone copies draft slots only
(1 row)

                       is                        
-------------------------------------------------
 ok 43 - applied source clones to unplaced draft
(1 row)

                  ok                  
--------------------------------------
 ok 44 - clone allocates new item IDs
(1 row)

                  ok                  
--------------------------------------
 ok 45 - clone allocates new slot IDs
(1 row)

                         lives_ok                          
-----------------------------------------------------------
 ok 46 - explicit delete atomically removes item and slots
(1 row)

                  is                   
---------------------------------------
 ok 47 - delete removes its placements
(1 row)

RESET
INSERT 0 1
SET
                                  is                                   
-----------------------------------------------------------------------
 ok 48 - complete comma-separated legacy schedule resolves both tokens
(1 row)

                        is                        
--------------------------------------------------
 ok 49 - strict legacy reader keeps exact minutes
(1 row)

                           is                           
--------------------------------------------------------
 ok 50 - legacy exact name resolves stable catalog UUID
(1 row)

                   is                    
-----------------------------------------
 ok 51 - valid legacy occupancy complete
(1 row)

RESET
UPDATE 1
SET
                        is                         
---------------------------------------------------
 ok 52 - unparseable legacy occupancy fails closed
(1 row)

                       is                       
------------------------------------------------
 ok 53 - unresolved class is visible as blocker
(1 row)

                      throws_ok                       
------------------------------------------------------
 ok 54 - incomplete occupancy never becomes free time
(1 row)

RESET
 set_config 
------------
 v1
(1 row)

UPDATE 1
INSERT 0 500
SET
                      is                       
-----------------------------------------------
 ok 55 - 500 items returned without truncation
(1 row)

               throws_ok                
----------------------------------------
 ok 56 - 501st item explicitly rejected
(1 row)

RESET
INSERT 0 1
INSERT 0 2001
SET
                         is                         
----------------------------------------------------
 ok 57 - over-capacity read does not truncate items
(1 row)

                         is                         
----------------------------------------------------
 ok 58 - over-capacity read does not truncate slots
(1 row)

                         is                         
----------------------------------------------------
 ok 59 - capacity overflow is explicitly incomplete
(1 row)

                     throws_ok                     
---------------------------------------------------
 ok 60 - over-capacity board mutations are blocked
(1 row)

                                                                                                                                                                                                                                                                                                                                                                                                                                                                                                                                                                                                                                                                                                                                                                                                                                                                                                                                                                                                                                                                                                                                                                                                                                                                                                                                                                                                                                                                                                                                                                                                                                                                                                                   ?column?                                                                                                                                                                                                                                                                                                                                                                                                                                                                                                                                                                                                                                                                                                                                                                                                                                                                                                                                                                                                                                                                                                                                                                                                                                                                                                                                                                                                                                                                                                                                                                                                                                                                                                                    
-----------------------------------------------------------------------------------------------------------------------------------------------------------------------------------------------------------------------------------------------------------------------------------------------------------------------------------------------------------------------------------------------------------------------------------------------------------------------------------------------------------------------------------------------------------------------------------------------------------------------------------------------------------------------------------------------------------------------------------------------------------------------------------------------------------------------------------------------------------------------------------------------------------------------------------------------------------------------------------------------------------------------------------------------------------------------------------------------------------------------------------------------------------------------------------------------------------------------------------------------------------------------------------------------------------------------------------------------------------------------------------------------------------------------------------------------------------------------------------------------------------------------------------------------------------------------------------------------------------------------------------------------------------------------------------------------------------------------------------------------------------------------------------------------------------------------------------------------------------------------------------------------------------------------------------------------------------------------------------------------------------------------------------------------------------------------------------------------------------------------------------------------------------------------------------------------------------------------------------------------------------------------------------------------------------------------------------------------------------------------------------------------------------------------------------------------------------------------------------------------------------------------------------------------------------------------------------------------------------------------------------------------------------------------------------------------------------------------------------------------------------------------------------------------------------------------------------------------------------------------------------------------------------------------------------------------------------------------------------------------------------------------------------------------------------------------------------------------------------------------------------------------------------------------------------------------------------------------------------------------------------------------------------------------------------------------------------------------------------------------------------------------------------------------------------------------
 CONTRACT_SNAPSHOT={"plan": {"id": "ac239000-0000-4000-8000-000000000001", "name": "변경한 계획", "state": "draft", "metaRevision": 3, "targetEndDate": null, "changeSequence": 9, "targetStartDate": null}, "items": [{"id": "ac239000-0000-4000-8000-000000000011", "name": "초안", "grade": "중2", "state": "draft", "planId": "ac239000-0000-4000-8000-000000000001", "subject": "영어", "tuition": 100000, "capacity": 12, "revision": 5, "appliedAt": null, "pendingSlots": [], "sourceClassId": null, "appliedClassId": null, "subjectAreaKey": null, "durationMinutes": 60, "defaultTeacherId": "ac239000-0000-4000-8000-000000000101", "appliedTransferId": null, "defaultClassroomId": "ac239000-0000-4000-8000-000000000201"}, {"id": "ac239000-0000-4000-8000-000000000012", "name": "초안", "grade": "중2", "state": "applied", "planId": "ac239000-0000-4000-8000-000000000001", "subject": "영어", "tuition": 100000, "capacity": 12, "revision": 1, "appliedAt": "2026-09-23T08:41:30.222227+00:00", "pendingSlots": [], "sourceClassId": null, "appliedClassId": null, "subjectAreaKey": null, "durationMinutes": 60, "defaultTeacherId": "ac239000-0000-4000-8000-000000000101", "appliedTransferId": "ac239000-0000-4000-8000-000000000700", "defaultClassroomId": "ac239000-0000-4000-8000-000000000201"}], "slots": [{"id": "ac239000-0000-4000-8000-000000000111", "itemId": "ac239000-0000-4000-8000-000000000011", "planId": "ac239000-0000-4000-8000-000000000001", "weekday": 1, "endMinute": 780, "teacherId": "ac239000-0000-4000-8000-000000000101", "classroomId": "ac239000-0000-4000-8000-000000000201", "startMinute": 720, "teacherName": "동일 이름", "sourceSlotId": null, "classroomName": "동일 이름"}], "members": [], "capacity": {"exceeded": false, "maxItems": 500, "maxSlots": 2000, "itemCount": 2, "slotCount": 2}, "catalogs": {"teachers": [{"id": "2d21b68f-b467-4a7e-8f23-28edd18f8870", "name": "plan901", "subjects": ["영어팀"], "isVisible": true}, {"id": "3e3dfa97-5666-46bb-afca-a84f2f5413e7", "name": "plan905", "subjects": ["영어팀"], "isVisible": true}, {"id": "ac239000-0000-4000-8000-000000000102", "name": "다른 교사", "subjects": ["영어"], "isVisible": true}, {"id": "c2c35fee-2902-427a-a9b5-c4ebca8459d2", "name": "plan902", "subjects": ["영어팀"], "isVisible": true}, {"id": "ac239000-0000-4000-8000-000000000101", "name": "동일 이름", "subjects": [], "isMissing": true, "isVisible": false}], "classrooms": [{"id": "ac239000-0000-4000-8000-000000000201", "name": "동일 이름", "subjects": ["영어"], "isVisible": true}, {"id": "ac239000-0000-4000-8000-000000000202", "name": "다른 방", "subjects": ["영어"], "isVisible": true}]}, "complete": true, "permissions": {"canEdit": true, "canManage": true, "canTransfer": true}, "shadowSlots": [], "shadowClasses": [], "appliedSnapshots": [{"slots": [{"id": "ac239000-0000-4000-8000-000000000112", "itemId": "ac239000-0000-4000-8000-000000000012", "planId": "ac239000-0000-4000-8000-000000000001", "weekday": 1, "endMinute": 720, "teacherId": "ac239000-0000-4000-8000-000000000101", "classroomId": "ac239000-0000-4000-8000-000000000201", "startMinute": 660, "teacherName": "동일 이름", "sourceSlotId": null, "classroomName": "동일 이름"}], "itemId": "ac239000-0000-4000-8000-000000000012"}], "shadowFingerprint": "200772a858e495469936a3c3da2b2145", "unresolvedOccupancies": []}
(1 row)

                                 ok                                 
--------------------------------------------------------------------
 ok 61 - deleted resource has explicit unavailable display metadata
(1 row)

RESET
CREATE FUNCTION
CREATE FUNCTION
SET
                                                                                 mutate_timetable_plan_v1                                                                                  
-------------------------------------------------------------------------------------------------------------------------------------------------------------------------------------------
 {"plan": {"id": "ac239000-0000-4000-8000-000000000005", "name": "UUID 원자성", "state": "draft", "metaRevision": 0, "targetEndDate": null, "changeSequence": 0, "targetStartDate": null}}
(1 row)

SELECT 1
                                     throws_ok                                     
-----------------------------------------------------------------------------------
 not ok 62 - uppercase UUID spelling cannot bypass duplicate slot identity        +
 # Failed test 62: "uppercase UUID spelling cannot bypass duplicate slot identity"+
 #       caught: no exception                                                     +
 #       wanted: 22023
(1 row)

                                                                                                                                                                                                                                                                                                                                                                                                                                                                                                                                                                                                                                                                                                                                                                                                                                                                                                                                                                                                                                                                                                                                                                                                                                                                                                                                                                                                                                                                                                                                                                                                                                                                                                                                                                                                                                                                                                                                                                                                                                                                                                                                                                                                                                                                                                                                                                                                                                                                                                                                                                                                                                                                                                                                                                                                                                                                                                                                                                                                                                                                                                                                                                                                                                                                                                                                                                                                                                                                                                                                                                                                                                                                                                                                                                                                                                                                                                                                                                                                                                                                                                                                                                                                                                                                                                                                                                                                                                                                                                                                                                                                                                                                                                                                                                                                                                                                                                                                                                                                                                                                                                                                                                                                                                                                                                                                                                                                                                                                                                                                                                                                                                                                                                                                                                                                                                                                                                                                                                                                                                                                                                                                                                                                                                                                                                                                                                                                                                                                                                                                                                                                                                                                                                                                                                                                                                                                                                                                                                                                                                                                                                                                                                                                                                                                                                                                                                                                                                                                                                                                                                                                                                                                                                                                                                                                                                                                                                                                                                                                                                                                                                                                                                                                                                                                                                                                                                                                                                                                                                                                                                                                                                                                                                                                                                                                                                                               is                                                                                                                                                                                                                                                                                                                                                                                                                                                                                                                                                                                                                                                                                                                                                                                                                                                                                                                                                                                                                                                                                                                                                                                                                                                                                                                                                                                                                                                                                                                                                                                                                                                                                                                                                                                                                                                                                                                                                                                                                                                                                                                                                                                                                                                                                                                                                                                                                                                                                                                                                                                                                                                                                                                                                                                                                                                                                                                                                                                                                                                                                                                                                                                                                                                                                                                                                                                                                                                                                                                                                                                                                                                                                                                                                                                                                                                                                                                                                                                                                                                                                                                                                                                                                                                                                                                                                                                                                                                                                                                                                                                                                                                                                                                                                                                                                                                                                                                                                                                                                                                                                                                                                                                                                                                                                                                                                                                                                                                                                                                                                                                                                                                                                                                                                                                                                                                                                                                                                                                                                                                                                                                                                                                                                                                                                                                                                                                                                                                                                                                                                                                                                                                                                                                                                                                                                                                                                                                                                                                                                                                                                                                                                                                                                                                                                                                                                                                                                                                                                                                                                                                                                                                                                                                                                                                                                                                                                                                                                                                                                                                                                                                                                                                                                                                                                                                                                                                                                                                                                                                                                                                                                                                                                                                                                                                                                                                               
--------------------------------------------------------------------------------------------------------------------------------------------------------------------------------------------------------------------------------------------------------------------------------------------------------------------------------------------------------------------------------------------------------------------------------------------------------------------------------------------------------------------------------------------------------------------------------------------------------------------------------------------------------------------------------------------------------------------------------------------------------------------------------------------------------------------------------------------------------------------------------------------------------------------------------------------------------------------------------------------------------------------------------------------------------------------------------------------------------------------------------------------------------------------------------------------------------------------------------------------------------------------------------------------------------------------------------------------------------------------------------------------------------------------------------------------------------------------------------------------------------------------------------------------------------------------------------------------------------------------------------------------------------------------------------------------------------------------------------------------------------------------------------------------------------------------------------------------------------------------------------------------------------------------------------------------------------------------------------------------------------------------------------------------------------------------------------------------------------------------------------------------------------------------------------------------------------------------------------------------------------------------------------------------------------------------------------------------------------------------------------------------------------------------------------------------------------------------------------------------------------------------------------------------------------------------------------------------------------------------------------------------------------------------------------------------------------------------------------------------------------------------------------------------------------------------------------------------------------------------------------------------------------------------------------------------------------------------------------------------------------------------------------------------------------------------------------------------------------------------------------------------------------------------------------------------------------------------------------------------------------------------------------------------------------------------------------------------------------------------------------------------------------------------------------------------------------------------------------------------------------------------------------------------------------------------------------------------------------------------------------------------------------------------------------------------------------------------------------------------------------------------------------------------------------------------------------------------------------------------------------------------------------------------------------------------------------------------------------------------------------------------------------------------------------------------------------------------------------------------------------------------------------------------------------------------------------------------------------------------------------------------------------------------------------------------------------------------------------------------------------------------------------------------------------------------------------------------------------------------------------------------------------------------------------------------------------------------------------------------------------------------------------------------------------------------------------------------------------------------------------------------------------------------------------------------------------------------------------------------------------------------------------------------------------------------------------------------------------------------------------------------------------------------------------------------------------------------------------------------------------------------------------------------------------------------------------------------------------------------------------------------------------------------------------------------------------------------------------------------------------------------------------------------------------------------------------------------------------------------------------------------------------------------------------------------------------------------------------------------------------------------------------------------------------------------------------------------------------------------------------------------------------------------------------------------------------------------------------------------------------------------------------------------------------------------------------------------------------------------------------------------------------------------------------------------------------------------------------------------------------------------------------------------------------------------------------------------------------------------------------------------------------------------------------------------------------------------------------------------------------------------------------------------------------------------------------------------------------------------------------------------------------------------------------------------------------------------------------------------------------------------------------------------------------------------------------------------------------------------------------------------------------------------------------------------------------------------------------------------------------------------------------------------------------------------------------------------------------------------------------------------------------------------------------------------------------------------------------------------------------------------------------------------------------------------------------------------------------------------------------------------------------------------------------------------------------------------------------------------------------------------------------------------------------------------------------------------------------------------------------------------------------------------------------------------------------------------------------------------------------------------------------------------------------------------------------------------------------------------------------------------------------------------------------------------------------------------------------------------------------------------------------------------------------------------------------------------------------------------------------------------------------------------------------------------------------------------------------------------------------------------------------------------------------------------------------------------------------------------------------------------------------------------------------------------------------------------------------------------------------------------------------------------------------------------------------------------------------------------------------------------------------------------------------------------------------------------------------------------------------------------------------------------------------------------------------------------------------------------------------------------------------------------------------------------------------------------------------------------------------------------------------------------------------------------------------------------------------------------------------------------------------------------------------------------------------------------------------------------------------------------------------------------------------------------------------------------------------------------------------------------------------------------------------------------------------------------------------------------------------------------------------------------------------------------------------------------------------------------------------------------------------------------------------------------------------------------------------------------------------------------------------------------------------------------------------------------------------------------------------------------------------------------------------------------------------------------------------------------------------------------------------------------------------------------------------------------------------------------------------------------------------------------------------------------------------------------------------------------------------------------------------------------------------------------------------------------------------------------------------------------------------------------------------------------------------------------------------------------------------------------------------------------------------------------------------------------------------------------------------------------------------------------------------------------------------------------------------------------------------------------------------------------------------------------------------------------------------------------------------------------------------------------------------------------------------------------------------------------------------------------------------------------------------------------------------------------------------------------------------------------------------------------------------------------------------------------------------------------------------------------------------------------------------------------------------------------------------------------------------------------------------------------------------------------------------------------------------------------------------------------------------------------------------------------------------------------------------------------------------------------------------------------------------------------------------------------------------------------------------------------------------------------------------------------------------------------------------------------------------------------------------------------------------------------------------------------------------------------------------------------------------------------------------------------------------------------------------------------------------------------------------------------------------------------------------------------------------------------------------------------------------------------------------------------------------------------------------------------------------------------------------------------------------------------------------------------------------------------------------------------------------------------------------------------------------------------------------------------------------------------------------------------------------------------------------------------------------------------------------------------------------------------------------------------------------------------------------------------------------------------------------------------------------------------------------------------------------------------------------------------------------------------------------------------------------------------------------------------------------------------------------------------------------------------------------------------------------------------------------------------------------------------------------------------------------------------------------------------------------------------------------------------------------------------------------------------------------------------------------------------------------------------------------------------------------------------------------------------------------------------------------------------------------------------------------------------------------------------------------------------------------------------------------------------------------------------------------------------------------------------------------------------------------------------------------------------------------------------------------------------------------------------------------------------------------------------------------------------------------------------------------------------------------------------------------------------------------------------------------------------------------------------------------------------------------------------------------------------------------------------------------------------------------------------------------------------------------------------------------------------------------------------------------------------------------------------------------------------------------------------------------------------------------------------------------------------------------------------------------------------------------------------------------------------------------------------------------------------------------------------------------------------------------------------------------------------------------------------------------------------------------------------------------------------------------------------------------------------------------------------------------------------------------------------------------------------------------------------------------------------------------------------------------------------------------------------------------------------------------------------------------------------------------------------------------------------------------------------------------------------------------------------------------------------------------------------------------------------------------------------------------------------------------------------------------------------------------------------------------------------------------------------------------------------------------------------------------------------------------------------------------------------------------------------------------------------------------------------------------------------------------------------------------------------------------------------------------------------------------------------------------------------------------------------------------------------------------------------------------------------------------------------------------------------------------------------------------------------------------------------------------------------------------------------------------------------------------------------------------------------------------------------------------------------------------------------------------------------------------------------------------------------------------------------------------------------------------------------------------------------------------------------------------------------------------------------------------------------------------------------------------------------------------------------------------------------------------------------------------------------------------------------------------------------------------------------------------------------------------------------------------------------------------------------------------------------------------------------------------------------------------------------------------------------------------------------------------------------------------------------------------------------------------------------------------------------------------------------------------------------------------------------------------------------------------------------------------------------------------------------------------------------------------------------------------------------------------------------------------------------------------------------------------------------------------------------------------
 not ok 63 - mixed-case UUID rejection preserves all plan rows revisions signal and receipts                                                                                                                                                                                                                                                                                                                                                                                                                                                                                                                                                                                                                                                                                                                                                                                                                                                                                                                                                                                                                                                                                                                                                                                                                                                                                                                                                                                                                                                                                                                                                                                                                                                                                                                                                                                                                                                                                                                                                                                                                                                                                                                                                                                                                                                                                                                                                                                                                                                                                                                                                                                                                                                                                                                                                                                                                                                                                                                                                                                                                                                                                                                                                                                                                                                                                                                                                                                                                                                                                                                                                                                                                                                                                                                                                                                                                                                                                                                                                                                                                                                                                                                                                                                                                                                                                                                                                                                                                                                                                                                                                                                                                                                                                                                                                                                                                                                                                                                                                                                                                                                                                                                                                                                                                                                                                                                                                                                                                                                                                                                                                                                                                                                                                                                                                                                                                                                                                                                                                                                                                                                                                                                                                                                                                                                                                                                                                                                                                                                                                                                                                                                                                                                                                                                                                                                                                                                                                                                                                                                                                                                                                                                                                                                                                                                                                                                                                                                                                                                                                                                                                                                                                                                                                                                                                                                                                                                                                                                                                                                                                                                                                                                                                                                                                                                                                                                                                                                                                                                                                                                                                                                                                                                                                                                                                                                                                                                                                                                                                                                                                                                                                                                                                                                                                                                                                                                                                                                                                                                                                                                                                                                                                                                                                                                                                                                                                                                                                                                                                                                                                                                                                                                                                                                                                                                                                                                                                                                                                                                                                                                                                                                                                                                                                                                                                                                                                                                                                                                                                                                                                                                                                                                                                                                                                                                                                                                                                                                                                                                                                                                                                                                                                                                                                                                                                                                                                                                                                                                                                                                                                                                                                                                                                                                                                                                                                                                                                                                                                                                                                                                                                                                                                                                                                                                                                                                                                                                                                                                                                                                                                                                                                                                                                                                                                                                                                                                                                                                                                                                                                                                                                                                                                                                                                                                                                                                                                                                                                                                                                                                                                                                                                                                                                                                                                                                                                                                                                                                                                                                                                                                                                                                                                                                                                                                                                                                                                                                                                                                                                                                                                                                                                                                                                                                                                                                                                                                                                                                                                                                                                                                                                                                                                                                                                                                                                                                                                                                                                                                                                                                                                                                                                                                                                                                                                                                                                                                                                                                                                                                                                                                                                                                                                                                                                                                                                                                                                                                                                                                                                                                                                                                                                                                                                                                                                                                                                                                                                                                                                                                                                                                                                                                                                                   +
 # Failed test 63: "mixed-case UUID rejection preserves all plan rows revisions signal and receipts"                                                                                                                                                                                                                                                                                                                                                                                                                                                                                                                                                                                                                                                                                                                                                                                                                                                                                                                                                                                                                                                                                                                                                                                                                                                                                                                                                                                                                                                                                                                                                                                                                                                                                                                                                                                                                                                                                                                                                                                                                                                                                                                                                                                                                                                                                                                                                                                                                                                                                                                                                                                                                                                                                                                                                                                                                                                                                                                                                                                                                                                                                                                                                                                                                                                                                                                                                                                                                                                                                                                                                                                                                                                                                                                                                                                                                                                                                                                                                                                                                                                                                                                                                                                                                                                                                                                                                                                                                                                                                                                                                                                                                                                                                                                                                                                                                                                                                                                                                                                                                                                                                                                                                                                                                                                                                                                                                                                                                                                                                                                                                                                                                                                                                                                                                                                                                                                                                                                                                                                                                                                                                                                                                                                                                                                                                                                                                                                                                                                                                                                                                                                                                                                                                                                                                                                                                                                                                                                                                                                                                                                                                                                                                                                                                                                                                                                                                                                                                                                                                                                                                                                                                                                                                                                                                                                                                                                                                                                                                                                                                                                                                                                                                                                                                                                                                                                                                                                                                                                                                                                                                                                                                                                                                                                                                                                                                                                                                                                                                                                                                                                                                                                                                                                                                                                                                                                                                                                                                                                                                                                                                                                                                                                                                                                                                                                                                                                                                                                                                                                                                                                                                                                                                                                                                                                                                                                                                                                                                                                                                                                                                                                                                                                                                                                                                                                                                                                                                                                                                                                                                                                                                                                                                                                                                                                                                                                                                                                                                                                                                                                                                                                                                                                                                                                                                                                                                                                                                                                                                                                                                                                                                                                                                                                                                                                                                                                                                                                                                                                                                                                                                                                                                                                                                                                                                                                                                                                                                                                                                                                                                                                                                                                                                                                                                                                                                                                                                                                                                                                                                                                                                                                                                                                                                                                                                                                                                                                                                                                                                                                                                                                                                                                                                                                                                                                                                                                                                                                                                                                                                                                                                                                                                                                                                                                                                                                                                                                                                                                                                                                                                                                                                                                                                                                                                                                                                                                                                                                                                                                                                                                                                                                                                                                                                                                                                                                                                                                                                                                                                                                                                                                                                                                                                                                                                                                                                                                                                                                                                                                                                                                                                                                                                                                                                                                                                                                                                                                                                                                                                                                                                                                                                                                                                                                                                                                                                                                                                                                                                                                                                                                                                                                                                           +
 #         have: {"plan": {"id": "ac239000-0000-4000-8000-000000000005", "name": "UUID 원자성", "state": "draft", "created_at": "2026-09-23T08:41:30.222227+00:00", "created_by": "ac239000-0000-4000-8000-000000000901", "updated_at": "2026-09-23T08:41:30.359526+00:00", "updated_by": "ac239000-0000-4000-8000-000000000901", "meta_revision": 0, "change_sequence": 1, "target_end_date": null, "target_start_date": null}, "items": [{"id": "ac239000-0000-4000-8000-000000000051", "name": "초안", "grade": "중2", "state": "draft", "plan_id": "ac239000-0000-4000-8000-000000000005", "subject": "영어", "tuition": 100000, "capacity": 12, "revision": 1, "applied_at": null, "pending_slots": [], "source_class_id": null, "applied_class_id": null, "duration_minutes": 60, "subject_area_key": null, "default_teacher_id": "ac239000-0000-4000-8000-000000000101", "applied_transfer_id": null, "default_classroom_id": "ac239000-0000-4000-8000-000000000201"}], "slots": [{"id": "ac239000-0000-4000-8000-000000000151", "item_id": "ac239000-0000-4000-8000-000000000051", "plan_id": "ac239000-0000-4000-8000-000000000005", "weekday": 2, "end_minute": 760, "start_minute": 700, "teacher_name": "다른 교사", "classroom_name": "다른 방", "source_slot_id": null, "teacher_catalog_id": "ac239000-0000-4000-8000-000000000102", "classroom_catalog_id": "ac239000-0000-4000-8000-000000000202"}], "signal": {"id": "ac239000-0000-4000-8000-000000000005", "plan_id": "ac239000-0000-4000-8000-000000000005", "updated_at": "2026-09-23T08:41:30.359556+00:00", "change_sequence": 1}, "members": [], "receipts": [{"actor_id": "ac239000-0000-4000-8000-000000000901", "response": {"item": null, "slots": [], "planId": "ac239000-0000-4000-8000-000000000002", "metaRevision": 0, "changeSequence": 2, "removedItemIds": ["ac239000-0000-4000-8000-000000000021"], "shadowFingerprint": "200772a858e495469936a3c3da2b2145"}, "operation": "item.delete", "created_at": "2026-09-23T08:41:30.222227+00:00", "request_key": "delete", "request_hash": "bce350d8324a28fd0380e0e7f6a98ac9"}, {"actor_id": "ac239000-0000-4000-8000-000000000901", "response": {"item": {"id": "ac239000-0000-4000-8000-000000000011", "name": "초안", "grade": "중2", "state": "draft", "planId": "ac239000-0000-4000-8000-000000000001", "subject": "영어", "tuition": 100000, "capacity": 12, "revision": 5, "appliedAt": null, "pendingSlots": [], "sourceClassId": null, "appliedClassId": null, "subjectAreaKey": null, "durationMinutes": 60, "defaultTeacherId": "ac239000-0000-4000-8000-000000000101", "appliedTransferId": null, "defaultClassroomId": "ac239000-0000-4000-8000-000000000201"}, "slots": [{"id": "ac239000-0000-4000-8000-000000000111", "itemId": "ac239000-0000-4000-8000-000000000011", "planId": "ac239000-0000-4000-8000-000000000001", "weekday": 1, "endMinute": 780, "teacherId": "ac239000-0000-4000-8000-000000000101", "classroomId": "ac239000-0000-4000-8000-000000000201", "startMinute": 720, "teacherName": "동일 이름", "sourceSlotId": null, "classroomName": "동일 이름"}], "planId": "ac239000-0000-4000-8000-000000000001", "metaRevision": 0, "changeSequence": 6, "removedItemIds": [], "shadowFingerprint": "200772a858e495469936a3c3da2b2145"}, "operation": "item.save", "created_at": "2026-09-23T08:41:30.222227+00:00", "request_key": "deleted-rename", "request_hash": "7f822ec7df5ecea67ae6df2d46706e1e"}, {"actor_id": "ac239000-0000-4000-8000-000000000901", "response": {"item": {"id": "ac239000-0000-4000-8000-000000000051", "name": "초안", "grade": "중2", "state": "draft", "planId": "ac239000-0000-4000-8000-000000000005", "subject": "영어", "tuition": 100000, "capacity": 12, "revision": 1, "appliedAt": null, "pendingSlots": [], "sourceClassId": null, "appliedClassId": null, "subjectAreaKey": null, "durationMinutes": 60, "defaultTeacherId": "ac239000-0000-4000-8000-000000000101", "appliedTransferId": null, "defaultClassroomId": "ac239000-0000-4000-8000-000000000201"}, "slots": [{"id": "ac239000-0000-4000-8000-000000000151", "itemId": "ac239000-0000-4000-8000-000000000051", "planId": "ac239000-0000-4000-8000-000000000005", "weekday": 2, "endMinute": 760, "teacherId": "ac239000-0000-4000-8000-000000000102", "classroomId": "ac239000-0000-4000-8000-000000000202", "startMinute": 700, "teacherName": "다른 교사", "sourceSlotId": null, "classroomName": "다른 방"}], "planId": "ac239000-0000-4000-8000-000000000005", "metaRevision": 0, "changeSequence": 1, "removedItemIds": [], "shadowFingerprint": "200772a858e495469936a3c3da2b2145"}, "operation": "item.save", "created_at": "2026-09-23T08:41:30.222227+00:00", "request_key": "duplicate-uppercase", "request_hash": "328c6b4351351aad365a4c50271c42b7"}, {"actor_id": "ac239000-0000-4000-8000-000000000901", "response": {"item": {"id": "ac239000-0000-4000-8000-000000000011", "name": "초안", "grade": "중2", "state": "draft", "planId": "ac239000-0000-4000-8000-000000000001", "subject": "영어", "tuition": 100000, "capacity": 12, "revision": 4, "appliedAt": null, "pendingSlots": [], "sourceClassId": null, "appliedClassId": null, "subjectAreaKey": null, "durationMinutes": 60, "defaultTeacherId": "ac239000-0000-4000-8000-000000000101", "appliedTransferId": null, "defaultClassroomId": "ac239000-0000-4000-8000-000000000201"}, "slots": [{"id": "ac239000-0000-4000-8000-000000000111", "itemId": "ac239000-0000-4000-8000-000000000011", "planId": "ac239000-0000-4000-8000-000000000001", "weekday": 1, "endMinute": 780, "teacherId": "ac239000-0000-4000-8000-000000000101", "classroomId": "ac239000-0000-4000-8000-000000000201", "startMinute": 720, "teacherName": "동일 이름", "sourceSlotId": null, "classroomName": "동일 이름"}], "planId": "ac239000-0000-4000-8000-000000000001", "metaRevision": 0, "changeSequence": 5, "removedItemIds": [], "shadowFingerprint": "cedf4e11f11d016fc0760972cf3edfcd"}, "operation": "item.save", "created_at": "2026-09-23T08:41:30.222227+00:00", "request_key": "hidden-rename", "request_hash": "7b3d3a573a3e67f82f9c728a547863a6"}, {"actor_id": "ac239000-0000-4000-8000-000000000901", "response": {"item": {"id": "ac239000-0000-4000-8000-000000000021", "name": "초안", "grade": "중2", "state": "draft", "planId": "ac239000-0000-4000-8000-000000000002", "subject": "영어", "tuition": 100000, "capacity": 12, "revision": 1, "appliedAt": null, "pendingSlots": [], "sourceClassId": null, "appliedClassId": null, "subjectAreaKey": null, "durationMinutes": 60, "defaultTeacherId": "ac239000-0000-4000-8000-000000000101", "appliedTransferId": null, "defaultClassroomId": "ac239000-0000-4000-8000-000000000201"}, "slots": [{"id": "ac239000-0000-4000-8000-000000000121", "itemId": "ac239000-0000-4000-8000-000000000021", "planId": "ac239000-0000-4000-8000-000000000002", "weekday": 1, "endMinute": 720, "teacherId": "ac239000-0000-4000-8000-000000000102", "classroomId": "ac239000-0000-4000-8000-000000000202", "startMinute": 660, "teacherName": "다른 교사", "sourceSlotId": null, "classroomName": "다른 방"}], "planId": "ac239000-0000-4000-8000-000000000002", "metaRevision": 0, "changeSequence": 1, "removedItemIds": [], "shadowFingerprint": "200772a858e495469936a3c3da2b2145"}, "operation": "item.save", "created_at": "2026-09-23T08:41:30.222227+00:00", "request_key": "other-plan", "request_hash": "ab7d07bc368829330ba767f1f2ca435c"}, {"actor_id": "ac239000-0000-4000-8000-000000000901", "response": {"item": {"id": "ac239000-0000-4000-8000-000000000011", "name": "운영 충돌 보존", "grade": "중2", "state": "draft", "planId": "ac239000-0000-4000-8000-000000000001", "subject": "영어", "tuition": 100000, "capacity": 12, "revision": 2, "appliedAt": null, "pendingSlots": [], "sourceClassId": null, "appliedClassId": null, "subjectAreaKey": null, "durationMinutes": 60, "defaultTeacherId": "ac239000-0000-4000-8000-000000000101", "appliedTransferId": null, "defaultClassroomId": "ac239000-0000-4000-8000-000000000201"}, "slots": [{"id": "ac239000-0000-4000-8000-000000000111", "itemId": "ac239000-0000-4000-8000-000000000011", "planId": "ac239000-0000-4000-8000-000000000001", "weekday": 1, "endMinute": 660, "teacherId": "ac239000-0000-4000-8000-000000000101", "classroomId": "ac239000-0000-4000-8000-000000000201", "startMinute": 600, "teacherName": "동일 이름", "sourceSlotId": null, "classroomName": "동일 이름"}], "planId": "ac239000-0000-4000-8000-000000000001", "metaRevision": 0, "changeSequence": 3, "removedItemIds": [], "shadowFingerprint": "48b10d4b1710c0c71b1601fa77a4c25f"}, "operation": "item.save", "created_at": "2026-09-23T08:41:30.222227+00:00", "request_key": "rename", "request_hash": "4de075cb4ed56ecefc650d4d81fcc14e"}, {"actor_id": "ac239000-0000-4000-8000-000000000901", "response": {"item": {"id": "ac239000-0000-4000-8000-000000000011", "name": "초안", "grade": "중2", "state": "draft", "planId": "ac239000-0000-4000-8000-000000000001", "subject": "영어", "tuition": 100000, "capacity": 12, "revision": 3, "appliedAt": null, "pendingSlots": [], "sourceClassId": null, "appliedClassId": null, "subjectAreaKey": null, "durationMinutes": 60, "defaultTeacherId": "ac239000-0000-4000-8000-000000000101", "appliedTransferId": null, "defaultClassroomId": "ac239000-0000-4000-8000-000000000201"}, "slots": [{"id": "ac239000-0000-4000-8000-000000000111", "itemId": "ac239000-0000-4000-8000-000000000011", "planId": "ac239000-0000-4000-8000-000000000001", "weekday": 1, "endMinute": 780, "teacherId": "ac239000-0000-4000-8000-000000000101", "classroomId": "ac239000-0000-4000-8000-000000000201", "startMinute": 720, "teacherName": "동일 이름", "sourceSlotId": null, "classroomName": "동일 이름"}], "planId": "ac239000-0000-4000-8000-000000000001", "metaRevision": 0, "changeSequence": 4, "removedItemIds": [], "shadowFingerprint": "48b10d4b1710c0c71b1601fa77a4c25f"}, "operation": "item.save", "created_at": "2026-09-23T08:41:30.222227+00:00", "request_key": "repair", "request_hash": "22fe4ba7d3bbaa00119eeed6e1e9b71b"}, {"actor_id": "ac239000-0000-4000-8000-000000000901", "response": {"item": {"id": "ac239000-0000-4000-8000-000000000041", "name": "초안", "grade": "중2", "state": "draft", "planId": "ac239000-0000-4000-8000-000000000004", "subject": "영어", "tuition": 100000, "capacity": 12, "revision": 1, "appliedAt": null, "pendingSlots": [], "sourceClassId": null, "appliedClassId": null, "subjectAreaKey": null, "durationMinutes": 60, "defaultTeacherId": "ac239000-0000-4000-8000-000000000101", "appliedTransferId": null, "defaultClassroomId": "ac239000-0000-4000-8000-000000000201"}, "slots": [{"id": "ac239000-0000-4000-8000-000000000141", "itemId": "ac239000-0000-4000-8000-000000000041", "planId": "ac239000-0000-4000-8000-000000000004", "weekday": 1, "endMinute": 660, "teacherId": "ac239000-0000-4000-8000-000000000101", "classroomId": "ac239000-0000-4000-8000-000000000201", "startMinute": 600, "teacherName": "동일 이름", "sourceSlotId": null, "classroomName": "동일 이름"}], "planId": "ac239000-0000-4000-8000-000000000004", "metaRevision": 0, "changeSequence": 1, "removedItemIds": [], "shadowFingerprint": "6703b428879af0448ab9bca02143b6d0"}, "operation": "item.save", "created_at": "2026-09-23T08:41:30.222227+00:00", "request_key": "same-resources-other-plan", "request_hash": "f0e348e21ab287dfb68d1896fd272d3f"}, {"actor_id": "ac239000-0000-4000-8000-000000000901", "response": {"item": {"id": "ac239000-0000-4000-8000-000000000011", "name": "초안", "grade": "중2", "state": "draft", "planId": "ac239000-0000-4000-8000-000000000001", "subject": "영어", "tuition": 100000, "capacity": 12, "revision": 1, "appliedAt": null, "pendingSlots": [], "sourceClassId": null, "appliedClassId": null, "subjectAreaKey": null, "durationMinutes": 60, "defaultTeacherId": "ac239000-0000-4000-8000-000000000101", "appliedTransferId": null, "defaultClassroomId": "ac239000-0000-4000-8000-000000000201"}, "slots": [{"id": "ac239000-0000-4000-8000-000000000111", "itemId": "ac239000-0000-4000-8000-000000000011", "planId": "ac239000-0000-4000-8000-000000000001", "weekday": 1, "endMinute": 660, "teacherId": "ac239000-0000-4000-8000-000000000101", "classroomId": "ac239000-0000-4000-8000-000000000201", "startMinute": 600, "teacherName": "동일 이름", "sourceSlotId": null, "classroomName": "동일 이름"}], "planId": "ac239000-0000-4000-8000-000000000001", "metaRevision": 0, "changeSequence": 1, "removedItemIds": [], "shadowFingerprint": "6703b428879af0448ab9bca02143b6d0"}, "operation": "item.save", "created_at": "2026-09-23T08:41:30.222227+00:00", "request_key": "save", "request_hash": "045e35d168c1b57f577781ce69675df6"}, {"actor_id": "ac239000-0000-4000-8000-000000000901", "response": {"item": {"id": "ac239000-0000-4000-8000-000000000012", "name": "초안", "grade": "중2", "state": "draft", "planId": "ac239000-0000-4000-8000-000000000001", "subject": "영어", "tuition": 100000, "capacity": 12, "revision": 1, "appliedAt": null, "pendingSlots": [], "sourceClassId": null, "appliedClassId": null, "subjectAreaKey": null, "durationMinutes": 60, "defaultTeacherId": "ac239000-0000-4000-8000-000000000101", "appliedTransferId": null, "defaultClassroomId": "ac239000-0000-4000-8000-000000000201"}, "slots": [{"id": "ac239000-0000-4000-8000-000000000112", "itemId": "ac239000-0000-4000-8000-000000000012", "planId": "ac239000-0000-4000-8000-000000000001", "weekday": 1, "endMinute": 720, "teacherId": "ac239000-0000-4000-8000-000000000101", "classroomId": "ac239000-0000-4000-8000-000000000201", "startMinute": 660, "teacherName": "동일 이름", "sourceSlotId": null, "classroomName": "동일 이름"}], "planId": "ac239000-0000-4000-8000-000000000001", "metaRevision": 0, "changeSequence": 2, "removedItemIds": [], "shadowFingerprint": "6703b428879af0448ab9bca02143b6d0"}, "operation": "item.save", "created_at": "2026-09-23T08:41:30.222227+00:00", "request_key": "second", "request_hash": "a76f8e0f92bfff2b6e6a26b237b4bfe2"}, {"actor_id": "ac239000-0000-4000-8000-000000000901", "response": {"plan": {"id": "ac239000-0000-4000-8000-000000000001", "name": "변경한 계획", "state": "archived", "metaRevision": 2, "targetEndDate": null, "changeSequence": 8, "targetStartDate": null}}, "operation": "plan.archive", "created_at": "2026-09-23T08:41:30.222227+00:00", "request_key": "archive", "request_hash": "f6744986c14bc3f6315fab6c9f6b7dc4"}, {"actor_id": "ac239000-0000-4000-8000-000000000901", "response": {"plan": {"id": "ac239000-0000-4000-8000-000000000003", "name": "복제 계획", "state": "draft", "metaRevision": 0, "targetEndDate": null, "changeSequence": 0, "targetStartDate": null}}, "operation": "plan.clone", "created_at": "2026-09-23T08:41:30.222227+00:00", "request_key": "clone", "request_hash": "2b8fb19907d23b337fd898e65aa44836"}, {"actor_id": "ac239000-0000-4000-8000-000000000901", "response": {"plan": {"id": "ac239000-0000-4000-8000-000000000001", "name": "첫 계획", "state": "draft", "metaRevision": 0, "targetEndDate": null, "changeSequence": 0, "targetStartDate": null}}, "operation": "plan.create", "created_at": "2026-09-23T08:41:30.222227+00:00", "request_key": "create", "request_hash": "962a92cd3642703b5743b6803a0ad4f4"}, {"actor_id": "ac239000-0000-4000-8000-000000000901", "response": {"plan": {"id": "ac239000-0000-4000-8000-000000000002", "name": "독립 계획", "state": "draft", "metaRevision": 0, "targetEndDate": null, "changeSequence": 0, "targetStartDate": null}}, "operation": "plan.create", "created_at": "2026-09-23T08:41:30.222227+00:00", "request_key": "create2", "request_hash": "f1e960b759b478d34b83f2897b9daebc"}, {"actor_id": "ac239000-0000-4000-8000-000000000901", "response": {"plan": {"id": "ac239000-0000-4000-8000-000000000004", "name": "동일 자원 대안", "state": "draft", "metaRevision": 0, "targetEndDate": null, "changeSequence": 0, "targetStartDate": null}}, "operation": "plan.create", "created_at": "2026-09-23T08:41:30.222227+00:00", "request_key": "create4", "request_hash": "bce40de233a686c222e32c249e22ffb9"}, {"actor_id": "ac239000-0000-4000-8000-000000000901", "response": {"plan": {"id": "ac239000-0000-4000-8000-000000000005", "name": "UUID 원자성", "state": "draft", "metaRevision": 0, "targetEndDate": null, "changeSequence": 0, "targetStartDate": null}}, "operation": "plan.create", "created_at": "2026-09-23T08:41:30.222227+00:00", "request_key": "create5", "request_hash": "6f80e45f1989f3751e9c2540f92db435"}, {"actor_id": "ac239000-0000-4000-8000-000000000901", "response": {"plan": {"id": "ac239000-0000-4000-8000-000000000001", "name": "변경한 계획", "state": "draft", "metaRevision": 1, "targetEndDate": null, "changeSequence": 7, "targetStartDate": null}}, "operation": "plan.rename", "created_at": "2026-09-23T08:41:30.222227+00:00", "request_key": "rename-meta", "request_hash": "20ff975a63eb5523ed18c5c4681804fc"}, {"actor_id": "ac239000-0000-4000-8000-000000000901", "response": {"plan": {"id": "ac239000-0000-4000-8000-000000000001", "name": "변경한 계획", "state": "draft", "metaRevision": 3, "targetEndDate": null, "changeSequence": 9, "targetStartDate": null}}, "operation": "plan.restore", "created_at": "2026-09-23T08:41:30.222227+00:00", "request_key": "restore", "request_hash": "df594aa807941d286f215b52261961fc"}]}+
 #         want: {"plan": {"id": "ac239000-0000-4000-8000-000000000005", "name": "UUID 원자성", "state": "draft", "created_at": "2026-09-23T08:41:30.222227+00:00", "created_by": "ac239000-0000-4000-8000-000000000901", "updated_at": "2026-09-23T08:41:30.222227+00:00", "updated_by": "ac239000-0000-4000-8000-000000000901", "meta_revision": 0, "change_sequence": 0, "target_end_date": null, "target_start_date": null}, "items": [], "slots": [], "signal": {"id": "ac239000-0000-4000-8000-000000000005", "plan_id": "ac239000-0000-4000-8000-000000000005", "updated_at": "2026-09-23T08:41:30.222227+00:00", "change_sequence": 0}, "members": [], "receipts": [{"actor_id": "ac239000-0000-4000-8000-000000000901", "response": {"item": null, "slots": [], "planId": "ac239000-0000-4000-8000-000000000002", "metaRevision": 0, "changeSequence": 2, "removedItemIds": ["ac239000-0000-4000-8000-000000000021"], "shadowFingerprint": "200772a858e495469936a3c3da2b2145"}, "operation": "item.delete", "created_at": "2026-09-23T08:41:30.222227+00:00", "request_key": "delete", "request_hash": "bce350d8324a28fd0380e0e7f6a98ac9"}, {"actor_id": "ac239000-0000-4000-8000-000000000901", "response": {"item": {"id": "ac239000-0000-4000-8000-000000000011", "name": "초안", "grade": "중2", "state": "draft", "planId": "ac239000-0000-4000-8000-000000000001", "subject": "영어", "tuition": 100000, "capacity": 12, "revision": 5, "appliedAt": null, "pendingSlots": [], "sourceClassId": null, "appliedClassId": null, "subjectAreaKey": null, "durationMinutes": 60, "defaultTeacherId": "ac239000-0000-4000-8000-000000000101", "appliedTransferId": null, "defaultClassroomId": "ac239000-0000-4000-8000-000000000201"}, "slots": [{"id": "ac239000-0000-4000-8000-000000000111", "itemId": "ac239000-0000-4000-8000-000000000011", "planId": "ac239000-0000-4000-8000-000000000001", "weekday": 1, "endMinute": 780, "teacherId": "ac239000-0000-4000-8000-000000000101", "classroomId": "ac239000-0000-4000-8000-000000000201", "startMinute": 720, "teacherName": "동일 이름", "sourceSlotId": null, "classroomName": "동일 이름"}], "planId": "ac239000-0000-4000-8000-000000000001", "metaRevision": 0, "changeSequence": 6, "removedItemIds": [], "shadowFingerprint": "200772a858e495469936a3c3da2b2145"}, "operation": "item.save", "created_at": "2026-09-23T08:41:30.222227+00:00", "request_key": "deleted-rename", "request_hash": "7f822ec7df5ecea67ae6df2d46706e1e"}, {"actor_id": "ac239000-0000-4000-8000-000000000901", "response": {"item": {"id": "ac239000-0000-4000-8000-000000000011", "name": "초안", "grade": "중2", "state": "draft", "planId": "ac239000-0000-4000-8000-000000000001", "subject": "영어", "tuition": 100000, "capacity": 12, "revision": 4, "appliedAt": null, "pendingSlots": [], "sourceClassId": null, "appliedClassId": null, "subjectAreaKey": null, "durationMinutes": 60, "defaultTeacherId": "ac239000-0000-4000-8000-000000000101", "appliedTransferId": null, "defaultClassroomId": "ac239000-0000-4000-8000-000000000201"}, "slots": [{"id": "ac239000-0000-4000-8000-000000000111", "itemId": "ac239000-0000-4000-8000-000000000011", "planId": "ac239000-0000-4000-8000-000000000001", "weekday": 1, "endMinute": 780, "teacherId": "ac239000-0000-4000-8000-000000000101", "classroomId": "ac239000-0000-4000-8000-000000000201", "startMinute": 720, "teacherName": "동일 이름", "sourceSlotId": null, "classroomName": "동일 이름"}], "planId": "ac239000-0000-4000-8000-000000000001", "metaRevision": 0, "changeSequence": 5, "removedItemIds": [], "shadowFingerprint": "cedf4e11f11d016fc0760972cf3edfcd"}, "operation": "item.save", "created_at": "2026-09-23T08:41:30.222227+00:00", "request_key": "hidden-rename", "request_hash": "7b3d3a573a3e67f82f9c728a547863a6"}, {"actor_id": "ac239000-0000-4000-8000-000000000901", "response": {"item": {"id": "ac239000-0000-4000-8000-000000000021", "name": "초안", "grade": "중2", "state": "draft", "planId": "ac239000-0000-4000-8000-000000000002", "subject": "영어", "tuition": 100000, "capacity": 12, "revision": 1, "appliedAt": null, "pendingSlots": [], "sourceClassId": null, "appliedClassId": null, "subjectAreaKey": null, "durationMinutes": 60, "defaultTeacherId": "ac239000-0000-4000-8000-000000000101", "appliedTransferId": null, "defaultClassroomId": "ac239000-0000-4000-8000-000000000201"}, "slots": [{"id": "ac239000-0000-4000-8000-000000000121", "itemId": "ac239000-0000-4000-8000-000000000021", "planId": "ac239000-0000-4000-8000-000000000002", "weekday": 1, "endMinute": 720, "teacherId": "ac239000-0000-4000-8000-000000000102", "classroomId": "ac239000-0000-4000-8000-000000000202", "startMinute": 660, "teacherName": "다른 교사", "sourceSlotId": null, "classroomName": "다른 방"}], "planId": "ac239000-0000-4000-8000-000000000002", "metaRevision": 0, "changeSequence": 1, "removedItemIds": [], "shadowFingerprint": "200772a858e495469936a3c3da2b2145"}, "operation": "item.save", "created_at": "2026-09-23T08:41:30.222227+00:00", "request_key": "other-plan", "request_hash": "ab7d07bc368829330ba767f1f2ca435c"}, {"actor_id": "ac239000-0000-4000-8000-000000000901", "response": {"item": {"id": "ac239000-0000-4000-8000-000000000011", "name": "운영 충돌 보존", "grade": "중2", "state": "draft", "planId": "ac239000-0000-4000-8000-000000000001", "subject": "영어", "tuition": 100000, "capacity": 12, "revision": 2, "appliedAt": null, "pendingSlots": [], "sourceClassId": null, "appliedClassId": null, "subjectAreaKey": null, "durationMinutes": 60, "defaultTeacherId": "ac239000-0000-4000-8000-000000000101", "appliedTransferId": null, "defaultClassroomId": "ac239000-0000-4000-8000-000000000201"}, "slots": [{"id": "ac239000-0000-4000-8000-000000000111", "itemId": "ac239000-0000-4000-8000-000000000011", "planId": "ac239000-0000-4000-8000-000000000001", "weekday": 1, "endMinute": 660, "teacherId": "ac239000-0000-4000-8000-000000000101", "classroomId": "ac239000-0000-4000-8000-000000000201", "startMinute": 600, "teacherName": "동일 이름", "sourceSlotId": null, "classroomName": "동일 이름"}], "planId": "ac239000-0000-4000-8000-000000000001", "metaRevision": 0, "changeSequence": 3, "removedItemIds": [], "shadowFingerprint": "48b10d4b1710c0c71b1601fa77a4c25f"}, "operation": "item.save", "created_at": "2026-09-23T08:41:30.222227+00:00", "request_key": "rename", "request_hash": "4de075cb4ed56ecefc650d4d81fcc14e"}, {"actor_id": "ac239000-0000-4000-8000-000000000901", "response": {"item": {"id": "ac239000-0000-4000-8000-000000000011", "name": "초안", "grade": "중2", "state": "draft", "planId": "ac239000-0000-4000-8000-000000000001", "subject": "영어", "tuition": 100000, "capacity": 12, "revision": 3, "appliedAt": null, "pendingSlots": [], "sourceClassId": null, "appliedClassId": null, "subjectAreaKey": null, "durationMinutes": 60, "defaultTeacherId": "ac239000-0000-4000-8000-000000000101", "appliedTransferId": null, "defaultClassroomId": "ac239000-0000-4000-8000-000000000201"}, "slots": [{"id": "ac239000-0000-4000-8000-000000000111", "itemId": "ac239000-0000-4000-8000-000000000011", "planId": "ac239000-0000-4000-8000-000000000001", "weekday": 1, "endMinute": 780, "teacherId": "ac239000-0000-4000-8000-000000000101", "classroomId": "ac239000-0000-4000-8000-000000000201", "startMinute": 720, "teacherName": "동일 이름", "sourceSlotId": null, "classroomName": "동일 이름"}], "planId": "ac239000-0000-4000-8000-000000000001", "metaRevision": 0, "changeSequence": 4, "removedItemIds": [], "shadowFingerprint": "48b10d4b1710c0c71b1601fa77a4c25f"}, "operation": "item.save", "created_at": "2026-09-23T08:41:30.222227+00:00", "request_key": "repair", "request_hash": "22fe4ba7d3bbaa00119eeed6e1e9b71b"}, {"actor_id": "ac239000-0000-4000-8000-000000000901", "response": {"item": {"id": "ac239000-0000-4000-8000-000000000041", "name": "초안", "grade": "중2", "state": "draft", "planId": "ac239000-0000-4000-8000-000000000004", "subject": "영어", "tuition": 100000, "capacity": 12, "revision": 1, "appliedAt": null, "pendingSlots": [], "sourceClassId": null, "appliedClassId": null, "subjectAreaKey": null, "durationMinutes": 60, "defaultTeacherId": "ac239000-0000-4000-8000-000000000101", "appliedTransferId": null, "defaultClassroomId": "ac239000-0000-4000-8000-000000000201"}, "slots": [{"id": "ac239000-0000-4000-8000-000000000141", "itemId": "ac239000-0000-4000-8000-000000000041", "planId": "ac239000-0000-4000-8000-000000000004", "weekday": 1, "endMinute": 660, "teacherId": "ac239000-0000-4000-8000-000000000101", "classroomId": "ac239000-0000-4000-8000-000000000201", "startMinute": 600, "teacherName": "동일 이름", "sourceSlotId": null, "classroomName": "동일 이름"}], "planId": "ac239000-0000-4000-8000-000000000004", "metaRevision": 0, "changeSequence": 1, "removedItemIds": [], "shadowFingerprint": "6703b428879af0448ab9bca02143b6d0"}, "operation": "item.save", "created_at": "2026-09-23T08:41:30.222227+00:00", "request_key": "same-resources-other-plan", "request_hash": "f0e348e21ab287dfb68d1896fd272d3f"}, {"actor_id": "ac239000-0000-4000-8000-000000000901", "response": {"item": {"id": "ac239000-0000-4000-8000-000000000011", "name": "초안", "grade": "중2", "state": "draft", "planId": "ac239000-0000-4000-8000-000000000001", "subject": "영어", "tuition": 100000, "capacity": 12, "revision": 1, "appliedAt": null, "pendingSlots": [], "sourceClassId": null, "appliedClassId": null, "subjectAreaKey": null, "durationMinutes": 60, "defaultTeacherId": "ac239000-0000-4000-8000-000000000101", "appliedTransferId": null, "defaultClassroomId": "ac239000-0000-4000-8000-000000000201"}, "slots": [{"id": "ac239000-0000-4000-8000-000000000111", "itemId": "ac239000-0000-4000-8000-000000000011", "planId": "ac239000-0000-4000-8000-000000000001", "weekday": 1, "endMinute": 660, "teacherId": "ac239000-0000-4000-8000-000000000101", "classroomId": "ac239000-0000-4000-8000-000000000201", "startMinute": 600, "teacherName": "동일 이름", "sourceSlotId": null, "classroomName": "동일 이름"}], "planId": "ac239000-0000-4000-8000-000000000001", "metaRevision": 0, "changeSequence": 1, "removedItemIds": [], "shadowFingerprint": "6703b428879af0448ab9bca02143b6d0"}, "operation": "item.save", "created_at": "2026-09-23T08:41:30.222227+00:00", "request_key": "save", "request_hash": "045e35d168c1b57f577781ce69675df6"}, {"actor_id": "ac239000-0000-4000-8000-000000000901", "response": {"item": {"id": "ac239000-0000-4000-8000-000000000012", "name": "초안", "grade": "중2", "state": "draft", "planId": "ac239000-0000-4000-8000-000000000001", "subject": "영어", "tuition": 100000, "capacity": 12, "revision": 1, "appliedAt": null, "pendingSlots": [], "sourceClassId": null, "appliedClassId": null, "subjectAreaKey": null, "durationMinutes": 60, "defaultTeacherId": "ac239000-0000-4000-8000-000000000101", "appliedTransferId": null, "defaultClassroomId": "ac239000-0000-4000-8000-000000000201"}, "slots": [{"id": "ac239000-0000-4000-8000-000000000112", "itemId": "ac239000-0000-4000-8000-000000000012", "planId": "ac239000-0000-4000-8000-000000000001", "weekday": 1, "endMinute": 720, "teacherId": "ac239000-0000-4000-8000-000000000101", "classroomId": "ac239000-0000-4000-8000-000000000201", "startMinute": 660, "teacherName": "동일 이름", "sourceSlotId": null, "classroomName": "동일 이름"}], "planId": "ac239000-0000-4000-8000-000000000001", "metaRevision": 0, "changeSequence": 2, "removedItemIds": [], "shadowFingerprint": "6703b428879af0448ab9bca02143b6d0"}, "operation": "item.save", "created_at": "2026-09-23T08:41:30.222227+00:00", "request_key": "second", "request_hash": "a76f8e0f92bfff2b6e6a26b237b4bfe2"}, {"actor_id": "ac239000-0000-4000-8000-000000000901", "response": {"plan": {"id": "ac239000-0000-4000-8000-000000000001", "name": "변경한 계획", "state": "archived", "metaRevision": 2, "targetEndDate": null, "changeSequence": 8, "targetStartDate": null}}, "operation": "plan.archive", "created_at": "2026-09-23T08:41:30.222227+00:00", "request_key": "archive", "request_hash": "f6744986c14bc3f6315fab6c9f6b7dc4"}, {"actor_id": "ac239000-0000-4000-8000-000000000901", "response": {"plan": {"id": "ac239000-0000-4000-8000-000000000003", "name": "복제 계획", "state": "draft", "metaRevision": 0, "targetEndDate": null, "changeSequence": 0, "targetStartDate": null}}, "operation": "plan.clone", "created_at": "2026-09-23T08:41:30.222227+00:00", "request_key": "clone", "request_hash": "2b8fb19907d23b337fd898e65aa44836"}, {"actor_id": "ac239000-0000-4000-8000-000000000901", "response": {"plan": {"id": "ac239000-0000-4000-8000-000000000001", "name": "첫 계획", "state": "draft", "metaRevision": 0, "targetEndDate": null, "changeSequence": 0, "targetStartDate": null}}, "operation": "plan.create", "created_at": "2026-09-23T08:41:30.222227+00:00", "request_key": "create", "request_hash": "962a92cd3642703b5743b6803a0ad4f4"}, {"actor_id": "ac239000-0000-4000-8000-000000000901", "response": {"plan": {"id": "ac239000-0000-4000-8000-000000000002", "name": "독립 계획", "state": "draft", "metaRevision": 0, "targetEndDate": null, "changeSequence": 0, "targetStartDate": null}}, "operation": "plan.create", "created_at": "2026-09-23T08:41:30.222227+00:00", "request_key": "create2", "request_hash": "f1e960b759b478d34b83f2897b9daebc"}, {"actor_id": "ac239000-0000-4000-8000-000000000901", "response": {"plan": {"id": "ac239000-0000-4000-8000-000000000004", "name": "동일 자원 대안", "state": "draft", "metaRevision": 0, "targetEndDate": null, "changeSequence": 0, "targetStartDate": null}}, "operation": "plan.create", "created_at": "2026-09-23T08:41:30.222227+00:00", "request_key": "create4", "request_hash": "bce40de233a686c222e32c249e22ffb9"}, {"actor_id": "ac239000-0000-4000-8000-000000000901", "response": {"plan": {"id": "ac239000-0000-4000-8000-000000000005", "name": "UUID 원자성", "state": "draft", "metaRevision": 0, "targetEndDate": null, "changeSequence": 0, "targetStartDate": null}}, "operation": "plan.create", "created_at": "2026-09-23T08:41:30.222227+00:00", "request_key": "create5", "request_hash": "6f80e45f1989f3751e9c2540f92db435"}, {"actor_id": "ac239000-0000-4000-8000-000000000901", "response": {"plan": {"id": "ac239000-0000-4000-8000-000000000001", "name": "변경한 계획", "state": "draft", "metaRevision": 1, "targetEndDate": null, "changeSequence": 7, "targetStartDate": null}}, "operation": "plan.rename", "created_at": "2026-09-23T08:41:30.222227+00:00", "request_key": "rename-meta", "request_hash": "20ff975a63eb5523ed18c5c4681804fc"}, {"actor_id": "ac239000-0000-4000-8000-000000000901", "response": {"plan": {"id": "ac239000-0000-4000-8000-000000000001", "name": "변경한 계획", "state": "draft", "metaRevision": 3, "targetEndDate": null, "changeSequence": 9, "targetStartDate": null}}, "operation": "plan.restore", "created_at": "2026-09-23T08:41:30.222227+00:00", "request_key": "restore", "request_hash": "df594aa807941d286f215b52261961fc"}]}
(1 row)

TRUNCATE TABLE
INSERT 0 1
                                    throws_ok                                    
---------------------------------------------------------------------------------
 not ok 64 - compact UUID spelling cannot bypass duplicate slot identity        +
 # Failed test 64: "compact UUID spelling cannot bypass duplicate slot identity"+
 #       caught: no exception                                                   +
 #       wanted: 22023
(1 row)

                                                                                                                                                                                                                                                                                                                                                                                                                                                                                                                                                                                                                                                                                                                                                                                                                                                                                                                                                                                                                                                                                                                                                                                                                                                                                                                                                                                                                                                                                                                                                                                                                                                                                                                                                                                                                                                                                                                                                                                                                                                                                                                                                                                                                                                                                                                                                                                                                                                                                                                                                                                                                                                                                                                                                                                                                                                                                                                                                                                                                                                                                                                                                                                                                                                                                                                                                                                                                                                                                                                                                                                                                                                                                                                                                                                                                                                                                                                                                                                                                                                                                                                                                                                                                                                                                                                                                                                                                                                                                                                                                                                                                                                                                                                                                                                                                                                                                                                                                                                                                                                                                                                                                                                                                                                                                                                                                                                                                                                                                                                                                                                                                                                                                                                                                                                                                                                                                                                                                                                                                                                                                                                                                                                                                                                                                                                                                                                                                                                                                                                                                                                                                                                                                                                                                                                                                                                                                                                                                                                                                                                                                                                                                                                                                                                                                                                                                                                                                                                                                                                                                                                                                                                                                                                                                                                                                                                                                                                                                                                                                                                                                                                                                                                                                                                                                                                                                                                                                                                                                                                                                                                                                                                                                                                                                                                                                                                                                                                                                                                                                                                                                                                                                                                                                                                                                                                                                                                                                                                                                                                                                                                                                                                                                                                                                                                                                                                                                                                                                                                                                          is                                                                                                                                                                                                                                                                                                                                                                                                                                                                                                                                                                                                                                                                                                                                                                                                                                                                                                                                                                                                                                                                                                                                                                                                                                                                                                                                                                                                                                                                                                                                                                                                                                                                                                                                                                                                                                                                                                                                                                                                                                                                                                                                                                                                                                                                                                                                                                                                                                                                                                                                                                                                                                                                                                                                                                                                                                                                                                                                                                                                                                                                                                                                                                                                                                                                                                                                                                                                                                                                                                                                                                                                                                                                                                                                                                                                                                                                                                                                                                                                                                                                                                                                                                                                                                                                                                                                                                                                                                                                                                                                                                                                                                                                                                                                                                                                                                                                                                                                                                                                                                                                                                                                                                                                                                                                                                                                                                                                                                                                                                                                                                                                                                                                                                                                                                                                                                                                                                                                                                                                                                                                                                                                                                                                                                                                                                                                                                                                                                                                                                                                                                                                                                                                                                                                                                                                                                                                                                                                                                                                                                                                                                                                                                                                                                                                                                                                                                                                                                                                                                                                                                                                                                                                                                                                                                                                                                                                                                                                                                                                                                                                                                                                                                                                                                                                                                                                                                                                                                                                                                                                                                                                                                                                                                                                                                                                                                                                                                                                                                                                                                                                                                                                                                                                                                                                                                                                                                                                                                                                                                                                                                                                                                                                                                                                                                                                                                                                                                                                                                                                                           
-------------------------------------------------------------------------------------------------------------------------------------------------------------------------------------------------------------------------------------------------------------------------------------------------------------------------------------------------------------------------------------------------------------------------------------------------------------------------------------------------------------------------------------------------------------------------------------------------------------------------------------------------------------------------------------------------------------------------------------------------------------------------------------------------------------------------------------------------------------------------------------------------------------------------------------------------------------------------------------------------------------------------------------------------------------------------------------------------------------------------------------------------------------------------------------------------------------------------------------------------------------------------------------------------------------------------------------------------------------------------------------------------------------------------------------------------------------------------------------------------------------------------------------------------------------------------------------------------------------------------------------------------------------------------------------------------------------------------------------------------------------------------------------------------------------------------------------------------------------------------------------------------------------------------------------------------------------------------------------------------------------------------------------------------------------------------------------------------------------------------------------------------------------------------------------------------------------------------------------------------------------------------------------------------------------------------------------------------------------------------------------------------------------------------------------------------------------------------------------------------------------------------------------------------------------------------------------------------------------------------------------------------------------------------------------------------------------------------------------------------------------------------------------------------------------------------------------------------------------------------------------------------------------------------------------------------------------------------------------------------------------------------------------------------------------------------------------------------------------------------------------------------------------------------------------------------------------------------------------------------------------------------------------------------------------------------------------------------------------------------------------------------------------------------------------------------------------------------------------------------------------------------------------------------------------------------------------------------------------------------------------------------------------------------------------------------------------------------------------------------------------------------------------------------------------------------------------------------------------------------------------------------------------------------------------------------------------------------------------------------------------------------------------------------------------------------------------------------------------------------------------------------------------------------------------------------------------------------------------------------------------------------------------------------------------------------------------------------------------------------------------------------------------------------------------------------------------------------------------------------------------------------------------------------------------------------------------------------------------------------------------------------------------------------------------------------------------------------------------------------------------------------------------------------------------------------------------------------------------------------------------------------------------------------------------------------------------------------------------------------------------------------------------------------------------------------------------------------------------------------------------------------------------------------------------------------------------------------------------------------------------------------------------------------------------------------------------------------------------------------------------------------------------------------------------------------------------------------------------------------------------------------------------------------------------------------------------------------------------------------------------------------------------------------------------------------------------------------------------------------------------------------------------------------------------------------------------------------------------------------------------------------------------------------------------------------------------------------------------------------------------------------------------------------------------------------------------------------------------------------------------------------------------------------------------------------------------------------------------------------------------------------------------------------------------------------------------------------------------------------------------------------------------------------------------------------------------------------------------------------------------------------------------------------------------------------------------------------------------------------------------------------------------------------------------------------------------------------------------------------------------------------------------------------------------------------------------------------------------------------------------------------------------------------------------------------------------------------------------------------------------------------------------------------------------------------------------------------------------------------------------------------------------------------------------------------------------------------------------------------------------------------------------------------------------------------------------------------------------------------------------------------------------------------------------------------------------------------------------------------------------------------------------------------------------------------------------------------------------------------------------------------------------------------------------------------------------------------------------------------------------------------------------------------------------------------------------------------------------------------------------------------------------------------------------------------------------------------------------------------------------------------------------------------------------------------------------------------------------------------------------------------------------------------------------------------------------------------------------------------------------------------------------------------------------------------------------------------------------------------------------------------------------------------------------------------------------------------------------------------------------------------------------------------------------------------------------------------------------------------------------------------------------------------------------------------------------------------------------------------------------------------------------------------------------------------------------------------------------------------------------------------------------------------------------------------------------------------------------------------------------------------------------------------------------------------------------------------------------------------------------------------------------------------------------------------------------------------------------------------------------------------------------------------------------------------------------------------------------------------------------------------------------------------------------------------------------------------------------------------------------------------------------------------------------------------------------------------------------------------------------------------------------------------------------------------------------------------------------------------------------------------------------------------------------------------------------------------------------------------------------------------------------------------------------------------------------------------------------------------------------------------------------------------------------------------------------------------------------------------------------------------------------------------------------------------------------------------------------------------------------------------------------------------------------------------------------------------------------------------------------------------------------------------------------------------------------------------------------------------------------------------------------------------------------------------------------------------------------------------------------------------------------------------------------------------------------------------------------------------------------------------------------------------------------------------------------------------------------------------------------------------------------------------------------------------------------------------------------------------------------------------------------------------------------------------------------------------------------------------------------------------------------------------------------------------------------------------------------------------------------------------------------------------------------------------------------------------------------------------------------------------------------------------------------------------------------------------------------------------------------------------------------------------------------------------------------------------------------------------------------------------------------------------------------------------------------------------------------------------------------------------------------------------------------------------------------------------------------------------------------------------------------------------------------------------------------------------------------------------------------------------------------------------------------------------------------------------------------------------------------------------------------------------------------------------------------------------------------------------------------------------------------------------------------------------------------------------------------------------------------------------------------------------------------------------------------------------------------------------------------------------------------------------------------------------------------------------------------------------------------------------------------------------------------------------------------------------------------------------------------------------------------------------------------------------------------------------------------------------------------------------------------------------------------------------------------------------------------------------------------------------------------------------------------------------------------------------------------------------------------------------------------------------------------------------------------------------------------------------------------------------------------------------------------------------------------------------------------------------------------------------------------------------------------------------------------------------------------------------------------------------------------------------------------------------------------------------------------------------------------------------------------------------------------------------------------------------------------------------------------------------------------------------------------------------------------------------------------------------------------------------------------------------------------------------------------------------------------------------------------------------------------------------------------------------------------------------------------------------------------------------------------------------------------------------------------------------------------------------------------------------------------------------------------------------------------------------------------------------------------------------------------------------------------------------------------------------------------------------------------------------------------------------------------------------------------------------------------------------------------------------------------------------------------------------------------------------------------------------------------------------------------------------------------------------------------------------------------------------------------------------------------------------------------------------------------------------------------------------------------------------------------------------------------------------------------------------------------------------------------------------------------------------------------------------------------------------------------------------------------------------------------------------------------------------------------------------------------------------------------------------------------------------------------------------------------------------------------------------------------------------------------------------------------------------------------------------------------------------------------------------------------------------------------------------------------------------------------------------------------------------------------------------------------------------------------------------------------------------------------------------------------------------------------------------------------------------------------------------------------------------------------------------------------------------------------------------------------------------------------------------------------------------------------------------------------------------------------------------------------------------------------------------------------------------------------------------------------------------------------------------------------------------------------------------------------------------------------------------------------------------------------------------------------------------------------------------------------------------------------------------------------------------------------------------------------------------------------------------------------------------------------------------------------------------------------------------------------------------------------------------------------------------------------------------------------------------------------------------------------------------------------------------------------------------------------------------------------------------------------------------------------------------------------------------------------------------------------------------------------------------------------------------------------------------------------------------------------------------------------------------------------------------------------------------------------------------------------------------------------------------------------------------------------------------------------------------------------------------------------------------------------------------------------------------------------------------------------------------------------------------------------------------------------------------------------------------------------------------------------------------------------------------------------------------------------------------------------------------------------------------------------------------------------------------------------------------------------------------------------------------------------------------------------------------------------------------------------------------------------------------------------------------------------------------------------------------------------------------------------------------------------------------------------------------------------------------------------------------------------------------------------------------------------------------------------------------------------------------------------------------------------------------------------------------------------------------------------------------------------------------------------------------------------------------------------------------------------------------------------------------------------------------------------------------------------------------------------------------------------------------------------------------------------------------------------------------------------------------------------------------------------------------------------------------------------------------------------------------------------------------------------------------------------------------------------------------------------------------------------------------------------------------------------------------------------------------------------------------------------------------------------------------------------------------------------------------------------------------------------------------------------------------------------------------------------------------------------------------------------------------------------------------------------------------------------------------------------------------------------------------------------------------------------------------------------------------------------------------------------------------------------------------------
 not ok 65 - equivalent compact UUID rejection preserves all plan rows revisions signal and receipts                                                                                                                                                                                                                                                                                                                                                                                                                                                                                                                                                                                                                                                                                                                                                                                                                                                                                                                                                                                                                                                                                                                                                                                                                                                                                                                                                                                                                                                                                                                                                                                                                                                                                                                                                                                                                                                                                                                                                                                                                                                                                                                                                                                                                                                                                                                                                                                                                                                                                                                                                                                                                                                                                                                                                                                                                                                                                                                                                                                                                                                                                                                                                                                                                                                                                                                                                                                                                                                                                                                                                                                                                                                                                                                                                                                                                                                                                                                                                                                                                                                                                                                                                                                                                                                                                                                                                                                                                                                                                                                                                                                                                                                                                                                                                                                                                                                                                                                                                                                                                                                                                                                                                                                                                                                                                                                                                                                                                                                                                                                                                                                                                                                                                                                                                                                                                                                                                                                                                                                                                                                                                                                                                                                                                                                                                                                                                                                                                                                                                                                                                                                                                                                                                                                                                                                                                                                                                                                                                                                                                                                                                                                                                                                                                                                                                                                                                                                                                                                                                                                                                                                                                                                                                                                                                                                                                                                                                                                                                                                                                                                                                                                                                                                                                                                                                                                                                                                                                                                                                                                                                                                                                                                                                                                                                                                                                                                                                                                                                                                                                                                                                                                                                                                                                                                                                                                                                                                                                                                                                                                                                                                                                                                                                                                                                                                                                                                                                                                                                                                                                                                                                                                                                                                                                                                                                                                                                                                                                                                                                                                                                                                                                                                                                                                                                                                                                                                                                                                                                                                                                                                                                                                                                                                                                                                                                                                                                                                                                                                                                                                                                                                                                                                                                                                                                                                                                                                                                                                                                                                                                                                                                                                                                                                                                                                                                                                                                                                                                                                                                                                                                                                                                                                                                                                                                                                                                                                                                                                                                                                                                                                                                                                                                                                                                                                                                                                                                                                                                                                                                                                                                                                                                                                                                                                                                                                                                                                                                                                                                                                                                                                                                                                                                                                                                                                                                                                                                                                                                                                                                                                                                                                                                                                                                                                                                                                                                                                                                                                                                                                                                                                                                                                                                                                                                                                                                                                                                                                                                                                                                                                                                                                                                                                                                                                                                                                                                                                                                                                                                                                                                                                                                                                                                                                                                                                                                                                                                                                                                                                                                                                                                                                                                                                                                                                                                                                                                                                                                                                                                                                                                                                                                                                                                                                                                                                                                                                                                                                                                                                                                                                                                                                                                                                                                                                                                                                                                                                                                                                                                                                                                                                                                                                                                                                                                                                                                                                                                                                                                                                                                                                                                                                                                                                                                                                                                                                                                                                                                                                                                                                                                                                                                                                                                                                                                                                                                                                                                                                                                                                                                                                                                                                                                                                                                                                                                                                                                                                                                                                                                  +
 # Failed test 65: "equivalent compact UUID rejection preserves all plan rows revisions signal and receipts"                                                                                                                                                                                                                                                                                                                                                                                                                                                                                                                                                                                                                                                                                                                                                                                                                                                                                                                                                                                                                                                                                                                                                                                                                                                                                                                                                                                                                                                                                                                                                                                                                                                                                                                                                                                                                                                                                                                                                                                                                                                                                                                                                                                                                                                                                                                                                                                                                                                                                                                                                                                                                                                                                                                                                                                                                                                                                                                                                                                                                                                                                                                                                                                                                                                                                                                                                                                                                                                                                                                                                                                                                                                                                                                                                                                                                                                                                                                                                                                                                                                                                                                                                                                                                                                                                                                                                                                                                                                                                                                                                                                                                                                                                                                                                                                                                                                                                                                                                                                                                                                                                                                                                                                                                                                                                                                                                                                                                                                                                                                                                                                                                                                                                                                                                                                                                                                                                                                                                                                                                                                                                                                                                                                                                                                                                                                                                                                                                                                                                                                                                                                                                                                                                                                                                                                                                                                                                                                                                                                                                                                                                                                                                                                                                                                                                                                                                                                                                                                                                                                                                                                                                                                                                                                                                                                                                                                                                                                                                                                                                                                                                                                                                                                                                                                                                                                                                                                                                                                                                                                                                                                                                                                                                                                                                                                                                                                                                                                                                                                                                                                                                                                                                                                                                                                                                                                                                                                                                                                                                                                                                                                                                                                                                                                                                                                                                                                                                                                                                                                                                                                                                                                                                                                                                                                                                                                                                                                                                                                                                                                                                                                                                                                                                                                                                                                                                                                                                                                                                                                                                                                                                                                                                                                                                                                                                                                                                                                                                                                                                                                                                                                                                                                                                                                                                                                                                                                                                                                                                                                                                                                                                                                                                                                                                                                                                                                                                                                                                                                                                                                                                                                                                                                                                                                                                                                                                                                                                                                                                                                                                                                                                                                                                                                                                                                                                                                                                                                                                                                                                                                                                                                                                                                                                                                                                                                                                                                                                                                                                                                                                                                                                                                                                                                                                                                                                                                                                                                                                                                                                                                                                                                                                                                                                                                                                                                                                                                                                                                                                                                                                                                                                                                                                                                                                                                                                                                                                                                                                                                                                                                                                                                                                                                                                                                                                                                                                                                                                                                                                                                                                                                                                                                                                                                                                                                                                                                                                                                                                                                                                                                                                                                                                                                                                                                                                                                                                                                                                                                                                                                                                                                                                                                                                                                                                                                                                                                                                                                                                                                                                                                                                                                                                                                                                                                                                                                                                                                                                                                                                                                                                                                                                                                                                                                                                                                                                                                                                                                                                                                                                                                                                                                                                                                                                                                                                                                                                                                                                                                                                                                                                                                                                                                                                                                                                                                                                                                                                                                                                                                                                                                                                                                                                                                                                                                                                                                                                                                                                                                                          +
 #         have: {"plan": {"id": "ac239000-0000-4000-8000-000000000005", "name": "UUID 원자성", "state": "draft", "created_at": "2026-09-23T08:41:30.222227+00:00", "created_by": "ac239000-0000-4000-8000-000000000901", "updated_at": "2026-09-23T08:41:30.363781+00:00", "updated_by": "ac239000-0000-4000-8000-000000000901", "meta_revision": 0, "change_sequence": 2, "target_end_date": null, "target_start_date": null}, "items": [{"id": "ac239000-0000-4000-8000-000000000051", "name": "초안", "grade": "중2", "state": "draft", "plan_id": "ac239000-0000-4000-8000-000000000005", "subject": "영어", "tuition": 100000, "capacity": 12, "revision": 1, "applied_at": null, "pending_slots": [], "source_class_id": null, "applied_class_id": null, "duration_minutes": 60, "subject_area_key": null, "default_teacher_id": "ac239000-0000-4000-8000-000000000101", "applied_transfer_id": null, "default_classroom_id": "ac239000-0000-4000-8000-000000000201"}, {"id": "ac239000-0000-4000-8000-000000000052", "name": "초안", "grade": "중2", "state": "draft", "plan_id": "ac239000-0000-4000-8000-000000000005", "subject": "영어", "tuition": 100000, "capacity": 12, "revision": 1, "applied_at": null, "pending_slots": [], "source_class_id": null, "applied_class_id": null, "duration_minutes": 60, "subject_area_key": null, "default_teacher_id": "ac239000-0000-4000-8000-000000000101", "applied_transfer_id": null, "default_classroom_id": "ac239000-0000-4000-8000-000000000201"}], "slots": [{"id": "ac239000-0000-4000-8000-000000000151", "item_id": "ac239000-0000-4000-8000-000000000051", "plan_id": "ac239000-0000-4000-8000-000000000005", "weekday": 2, "end_minute": 760, "start_minute": 700, "teacher_name": "다른 교사", "classroom_name": "다른 방", "source_slot_id": null, "teacher_catalog_id": "ac239000-0000-4000-8000-000000000102", "classroom_catalog_id": "ac239000-0000-4000-8000-000000000202"}, {"id": "ac239000-0000-4000-8000-000000000152", "item_id": "ac239000-0000-4000-8000-000000000052", "plan_id": "ac239000-0000-4000-8000-000000000005", "weekday": 2, "end_minute": 960, "start_minute": 900, "teacher_name": "다른 교사", "classroom_name": "다른 방", "source_slot_id": null, "teacher_catalog_id": "ac239000-0000-4000-8000-000000000102", "classroom_catalog_id": "ac239000-0000-4000-8000-000000000202"}], "signal": {"id": "ac239000-0000-4000-8000-000000000005", "plan_id": "ac239000-0000-4000-8000-000000000005", "updated_at": "2026-09-23T08:41:30.36381+00:00", "change_sequence": 2}, "members": [], "receipts": [{"actor_id": "ac239000-0000-4000-8000-000000000901", "response": {"item": null, "slots": [], "planId": "ac239000-0000-4000-8000-000000000002", "metaRevision": 0, "changeSequence": 2, "removedItemIds": ["ac239000-0000-4000-8000-000000000021"], "shadowFingerprint": "200772a858e495469936a3c3da2b2145"}, "operation": "item.delete", "created_at": "2026-09-23T08:41:30.222227+00:00", "request_key": "delete", "request_hash": "bce350d8324a28fd0380e0e7f6a98ac9"}, {"actor_id": "ac239000-0000-4000-8000-000000000901", "response": {"item": {"id": "ac239000-0000-4000-8000-000000000011", "name": "초안", "grade": "중2", "state": "draft", "planId": "ac239000-0000-4000-8000-000000000001", "subject": "영어", "tuition": 100000, "capacity": 12, "revision": 5, "appliedAt": null, "pendingSlots": [], "sourceClassId": null, "appliedClassId": null, "subjectAreaKey": null, "durationMinutes": 60, "defaultTeacherId": "ac239000-0000-4000-8000-000000000101", "appliedTransferId": null, "defaultClassroomId": "ac239000-0000-4000-8000-000000000201"}, "slots": [{"id": "ac239000-0000-4000-8000-000000000111", "itemId": "ac239000-0000-4000-8000-000000000011", "planId": "ac239000-0000-4000-8000-000000000001", "weekday": 1, "endMinute": 780, "teacherId": "ac239000-0000-4000-8000-000000000101", "classroomId": "ac239000-0000-4000-8000-000000000201", "startMinute": 720, "teacherName": "동일 이름", "sourceSlotId": null, "classroomName": "동일 이름"}], "planId": "ac239000-0000-4000-8000-000000000001", "metaRevision": 0, "changeSequence": 6, "removedItemIds": [], "shadowFingerprint": "200772a858e495469936a3c3da2b2145"}, "operation": "item.save", "created_at": "2026-09-23T08:41:30.222227+00:00", "request_key": "deleted-rename", "request_hash": "7f822ec7df5ecea67ae6df2d46706e1e"}, {"actor_id": "ac239000-0000-4000-8000-000000000901", "response": {"item": {"id": "ac239000-0000-4000-8000-000000000052", "name": "초안", "grade": "중2", "state": "draft", "planId": "ac239000-0000-4000-8000-000000000005", "subject": "영어", "tuition": 100000, "capacity": 12, "revision": 1, "appliedAt": null, "pendingSlots": [], "sourceClassId": null, "appliedClassId": null, "subjectAreaKey": null, "durationMinutes": 60, "defaultTeacherId": "ac239000-0000-4000-8000-000000000101", "appliedTransferId": null, "defaultClassroomId": "ac239000-0000-4000-8000-000000000201"}, "slots": [{"id": "ac239000-0000-4000-8000-000000000152", "itemId": "ac239000-0000-4000-8000-000000000052", "planId": "ac239000-0000-4000-8000-000000000005", "weekday": 2, "endMinute": 960, "teacherId": "ac239000-0000-4000-8000-000000000102", "classroomId": "ac239000-0000-4000-8000-000000000202", "startMinute": 900, "teacherName": "다른 교사", "sourceSlotId": null, "classroomName": "다른 방"}], "planId": "ac239000-0000-4000-8000-000000000005", "metaRevision": 0, "changeSequence": 2, "removedItemIds": [], "shadowFingerprint": "200772a858e495469936a3c3da2b2145"}, "operation": "item.save", "created_at": "2026-09-23T08:41:30.222227+00:00", "request_key": "duplicate-compact", "request_hash": "6dba62badd3d933fa6d2219ae17bc075"}, {"actor_id": "ac239000-0000-4000-8000-000000000901", "response": {"item": {"id": "ac239000-0000-4000-8000-000000000051", "name": "초안", "grade": "중2", "state": "draft", "planId": "ac239000-0000-4000-8000-000000000005", "subject": "영어", "tuition": 100000, "capacity": 12, "revision": 1, "appliedAt": null, "pendingSlots": [], "sourceClassId": null, "appliedClassId": null, "subjectAreaKey": null, "durationMinutes": 60, "defaultTeacherId": "ac239000-0000-4000-8000-000000000101", "appliedTransferId": null, "defaultClassroomId": "ac239000-0000-4000-8000-000000000201"}, "slots": [{"id": "ac239000-0000-4000-8000-000000000151", "itemId": "ac239000-0000-4000-8000-000000000051", "planId": "ac239000-0000-4000-8000-000000000005", "weekday": 2, "endMinute": 760, "teacherId": "ac239000-0000-4000-8000-000000000102", "classroomId": "ac239000-0000-4000-8000-000000000202", "startMinute": 700, "teacherName": "다른 교사", "sourceSlotId": null, "classroomName": "다른 방"}], "planId": "ac239000-0000-4000-8000-000000000005", "metaRevision": 0, "changeSequence": 1, "removedItemIds": [], "shadowFingerprint": "200772a858e495469936a3c3da2b2145"}, "operation": "item.save", "created_at": "2026-09-23T08:41:30.222227+00:00", "request_key": "duplicate-uppercase", "request_hash": "328c6b4351351aad365a4c50271c42b7"}, {"actor_id": "ac239000-0000-4000-8000-000000000901", "response": {"item": {"id": "ac239000-0000-4000-8000-000000000011", "name": "초안", "grade": "중2", "state": "draft", "planId": "ac239000-0000-4000-8000-000000000001", "subject": "영어", "tuition": 100000, "capacity": 12, "revision": 4, "appliedAt": null, "pendingSlots": [], "sourceClassId": null, "appliedClassId": null, "subjectAreaKey": null, "durationMinutes": 60, "defaultTeacherId": "ac239000-0000-4000-8000-000000000101", "appliedTransferId": null, "defaultClassroomId": "ac239000-0000-4000-8000-000000000201"}, "slots": [{"id": "ac239000-0000-4000-8000-000000000111", "itemId": "ac239000-0000-4000-8000-000000000011", "planId": "ac239000-0000-4000-8000-000000000001", "weekday": 1, "endMinute": 780, "teacherId": "ac239000-0000-4000-8000-000000000101", "classroomId": "ac239000-0000-4000-8000-000000000201", "startMinute": 720, "teacherName": "동일 이름", "sourceSlotId": null, "classroomName": "동일 이름"}], "planId": "ac239000-0000-4000-8000-000000000001", "metaRevision": 0, "changeSequence": 5, "removedItemIds": [], "shadowFingerprint": "cedf4e11f11d016fc0760972cf3edfcd"}, "operation": "item.save", "created_at": "2026-09-23T08:41:30.222227+00:00", "request_key": "hidden-rename", "request_hash": "7b3d3a573a3e67f82f9c728a547863a6"}, {"actor_id": "ac239000-0000-4000-8000-000000000901", "response": {"item": {"id": "ac239000-0000-4000-8000-000000000021", "name": "초안", "grade": "중2", "state": "draft", "planId": "ac239000-0000-4000-8000-000000000002", "subject": "영어", "tuition": 100000, "capacity": 12, "revision": 1, "appliedAt": null, "pendingSlots": [], "sourceClassId": null, "appliedClassId": null, "subjectAreaKey": null, "durationMinutes": 60, "defaultTeacherId": "ac239000-0000-4000-8000-000000000101", "appliedTransferId": null, "defaultClassroomId": "ac239000-0000-4000-8000-000000000201"}, "slots": [{"id": "ac239000-0000-4000-8000-000000000121", "itemId": "ac239000-0000-4000-8000-000000000021", "planId": "ac239000-0000-4000-8000-000000000002", "weekday": 1, "endMinute": 720, "teacherId": "ac239000-0000-4000-8000-000000000102", "classroomId": "ac239000-0000-4000-8000-000000000202", "startMinute": 660, "teacherName": "다른 교사", "sourceSlotId": null, "classroomName": "다른 방"}], "planId": "ac239000-0000-4000-8000-000000000002", "metaRevision": 0, "changeSequence": 1, "removedItemIds": [], "shadowFingerprint": "200772a858e495469936a3c3da2b2145"}, "operation": "item.save", "created_at": "2026-09-23T08:41:30.222227+00:00", "request_key": "other-plan", "request_hash": "ab7d07bc368829330ba767f1f2ca435c"}, {"actor_id": "ac239000-0000-4000-8000-000000000901", "response": {"item": {"id": "ac239000-0000-4000-8000-000000000011", "name": "운영 충돌 보존", "grade": "중2", "state": "draft", "planId": "ac239000-0000-4000-8000-000000000001", "subject": "영어", "tuition": 100000, "capacity": 12, "revision": 2, "appliedAt": null, "pendingSlots": [], "sourceClassId": null, "appliedClassId": null, "subjectAreaKey": null, "durationMinutes": 60, "defaultTeacherId": "ac239000-0000-4000-8000-000000000101", "appliedTransferId": null, "defaultClassroomId": "ac239000-0000-4000-8000-000000000201"}, "slots": [{"id": "ac239000-0000-4000-8000-000000000111", "itemId": "ac239000-0000-4000-8000-000000000011", "planId": "ac239000-0000-4000-8000-000000000001", "weekday": 1, "endMinute": 660, "teacherId": "ac239000-0000-4000-8000-000000000101", "classroomId": "ac239000-0000-4000-8000-000000000201", "startMinute": 600, "teacherName": "동일 이름", "sourceSlotId": null, "classroomName": "동일 이름"}], "planId": "ac239000-0000-4000-8000-000000000001", "metaRevision": 0, "changeSequence": 3, "removedItemIds": [], "shadowFingerprint": "48b10d4b1710c0c71b1601fa77a4c25f"}, "operation": "item.save", "created_at": "2026-09-23T08:41:30.222227+00:00", "request_key": "rename", "request_hash": "4de075cb4ed56ecefc650d4d81fcc14e"}, {"actor_id": "ac239000-0000-4000-8000-000000000901", "response": {"item": {"id": "ac239000-0000-4000-8000-000000000011", "name": "초안", "grade": "중2", "state": "draft", "planId": "ac239000-0000-4000-8000-000000000001", "subject": "영어", "tuition": 100000, "capacity": 12, "revision": 3, "appliedAt": null, "pendingSlots": [], "sourceClassId": null, "appliedClassId": null, "subjectAreaKey": null, "durationMinutes": 60, "defaultTeacherId": "ac239000-0000-4000-8000-000000000101", "appliedTransferId": null, "defaultClassroomId": "ac239000-0000-4000-8000-000000000201"}, "slots": [{"id": "ac239000-0000-4000-8000-000000000111", "itemId": "ac239000-0000-4000-8000-000000000011", "planId": "ac239000-0000-4000-8000-000000000001", "weekday": 1, "endMinute": 780, "teacherId": "ac239000-0000-4000-8000-000000000101", "classroomId": "ac239000-0000-4000-8000-000000000201", "startMinute": 720, "teacherName": "동일 이름", "sourceSlotId": null, "classroomName": "동일 이름"}], "planId": "ac239000-0000-4000-8000-000000000001", "metaRevision": 0, "changeSequence": 4, "removedItemIds": [], "shadowFingerprint": "48b10d4b1710c0c71b1601fa77a4c25f"}, "operation": "item.save", "created_at": "2026-09-23T08:41:30.222227+00:00", "request_key": "repair", "request_hash": "22fe4ba7d3bbaa00119eeed6e1e9b71b"}, {"actor_id": "ac239000-0000-4000-8000-000000000901", "response": {"item": {"id": "ac239000-0000-4000-8000-000000000041", "name": "초안", "grade": "중2", "state": "draft", "planId": "ac239000-0000-4000-8000-000000000004", "subject": "영어", "tuition": 100000, "capacity": 12, "revision": 1, "appliedAt": null, "pendingSlots": [], "sourceClassId": null, "appliedClassId": null, "subjectAreaKey": null, "durationMinutes": 60, "defaultTeacherId": "ac239000-0000-4000-8000-000000000101", "appliedTransferId": null, "defaultClassroomId": "ac239000-0000-4000-8000-000000000201"}, "slots": [{"id": "ac239000-0000-4000-8000-000000000141", "itemId": "ac239000-0000-4000-8000-000000000041", "planId": "ac239000-0000-4000-8000-000000000004", "weekday": 1, "endMinute": 660, "teacherId": "ac239000-0000-4000-8000-000000000101", "classroomId": "ac239000-0000-4000-8000-000000000201", "startMinute": 600, "teacherName": "동일 이름", "sourceSlotId": null, "classroomName": "동일 이름"}], "planId": "ac239000-0000-4000-8000-000000000004", "metaRevision": 0, "changeSequence": 1, "removedItemIds": [], "shadowFingerprint": "6703b428879af0448ab9bca02143b6d0"}, "operation": "item.save", "created_at": "2026-09-23T08:41:30.222227+00:00", "request_key": "same-resources-other-plan", "request_hash": "f0e348e21ab287dfb68d1896fd272d3f"}, {"actor_id": "ac239000-0000-4000-8000-000000000901", "response": {"item": {"id": "ac239000-0000-4000-8000-000000000011", "name": "초안", "grade": "중2", "state": "draft", "planId": "ac239000-0000-4000-8000-000000000001", "subject": "영어", "tuition": 100000, "capacity": 12, "revision": 1, "appliedAt": null, "pendingSlots": [], "sourceClassId": null, "appliedClassId": null, "subjectAreaKey": null, "durationMinutes": 60, "defaultTeacherId": "ac239000-0000-4000-8000-000000000101", "appliedTransferId": null, "defaultClassroomId": "ac239000-0000-4000-8000-000000000201"}, "slots": [{"id": "ac239000-0000-4000-8000-000000000111", "itemId": "ac239000-0000-4000-8000-000000000011", "planId": "ac239000-0000-4000-8000-000000000001", "weekday": 1, "endMinute": 660, "teacherId": "ac239000-0000-4000-8000-000000000101", "classroomId": "ac239000-0000-4000-8000-000000000201", "startMinute": 600, "teacherName": "동일 이름", "sourceSlotId": null, "classroomName": "동일 이름"}], "planId": "ac239000-0000-4000-8000-000000000001", "metaRevision": 0, "changeSequence": 1, "removedItemIds": [], "shadowFingerprint": "6703b428879af0448ab9bca02143b6d0"}, "operation": "item.save", "created_at": "2026-09-23T08:41:30.222227+00:00", "request_key": "save", "request_hash": "045e35d168c1b57f577781ce69675df6"}, {"actor_id": "ac239000-0000-4000-8000-000000000901", "response": {"item": {"id": "ac239000-0000-4000-8000-000000000012", "name": "초안", "grade": "중2", "state": "draft", "planId": "ac239000-0000-4000-8000-000000000001", "subject": "영어", "tuition": 100000, "capacity": 12, "revision": 1, "appliedAt": null, "pendingSlots": [], "sourceClassId": null, "appliedClassId": null, "subjectAreaKey": null, "durationMinutes": 60, "defaultTeacherId": "ac239000-0000-4000-8000-000000000101", "appliedTransferId": null, "defaultClassroomId": "ac239000-0000-4000-8000-000000000201"}, "slots": [{"id": "ac239000-0000-4000-8000-000000000112", "itemId": "ac239000-0000-4000-8000-000000000012", "planId": "ac239000-0000-4000-8000-000000000001", "weekday": 1, "endMinute": 720, "teacherId": "ac239000-0000-4000-8000-000000000101", "classroomId": "ac239000-0000-4000-8000-000000000201", "startMinute": 660, "teacherName": "동일 이름", "sourceSlotId": null, "classroomName": "동일 이름"}], "planId": "ac239000-0000-4000-8000-000000000001", "metaRevision": 0, "changeSequence": 2, "removedItemIds": [], "shadowFingerprint": "6703b428879af0448ab9bca02143b6d0"}, "operation": "item.save", "created_at": "2026-09-23T08:41:30.222227+00:00", "request_key": "second", "request_hash": "a76f8e0f92bfff2b6e6a26b237b4bfe2"}, {"actor_id": "ac239000-0000-4000-8000-000000000901", "response": {"plan": {"id": "ac239000-0000-4000-8000-000000000001", "name": "변경한 계획", "state": "archived", "metaRevision": 2, "targetEndDate": null, "changeSequence": 8, "targetStartDate": null}}, "operation": "plan.archive", "created_at": "2026-09-23T08:41:30.222227+00:00", "request_key": "archive", "request_hash": "f6744986c14bc3f6315fab6c9f6b7dc4"}, {"actor_id": "ac239000-0000-4000-8000-000000000901", "response": {"plan": {"id": "ac239000-0000-4000-8000-000000000003", "name": "복제 계획", "state": "draft", "metaRevision": 0, "targetEndDate": null, "changeSequence": 0, "targetStartDate": null}}, "operation": "plan.clone", "created_at": "2026-09-23T08:41:30.222227+00:00", "request_key": "clone", "request_hash": "2b8fb19907d23b337fd898e65aa44836"}, {"actor_id": "ac239000-0000-4000-8000-000000000901", "response": {"plan": {"id": "ac239000-0000-4000-8000-000000000001", "name": "첫 계획", "state": "draft", "metaRevision": 0, "targetEndDate": null, "changeSequence": 0, "targetStartDate": null}}, "operation": "plan.create", "created_at": "2026-09-23T08:41:30.222227+00:00", "request_key": "create", "request_hash": "962a92cd3642703b5743b6803a0ad4f4"}, {"actor_id": "ac239000-0000-4000-8000-000000000901", "response": {"plan": {"id": "ac239000-0000-4000-8000-000000000002", "name": "독립 계획", "state": "draft", "metaRevision": 0, "targetEndDate": null, "changeSequence": 0, "targetStartDate": null}}, "operation": "plan.create", "created_at": "2026-09-23T08:41:30.222227+00:00", "request_key": "create2", "request_hash": "f1e960b759b478d34b83f2897b9daebc"}, {"actor_id": "ac239000-0000-4000-8000-000000000901", "response": {"plan": {"id": "ac239000-0000-4000-8000-000000000004", "name": "동일 자원 대안", "state": "draft", "metaRevision": 0, "targetEndDate": null, "changeSequence": 0, "targetStartDate": null}}, "operation": "plan.create", "created_at": "2026-09-23T08:41:30.222227+00:00", "request_key": "create4", "request_hash": "bce40de233a686c222e32c249e22ffb9"}, {"actor_id": "ac239000-0000-4000-8000-000000000901", "response": {"plan": {"id": "ac239000-0000-4000-8000-000000000005", "name": "UUID 원자성", "state": "draft", "metaRevision": 0, "targetEndDate": null, "changeSequence": 0, "targetStartDate": null}}, "operation": "plan.create", "created_at": "2026-09-23T08:41:30.222227+00:00", "request_key": "create5", "request_hash": "6f80e45f1989f3751e9c2540f92db435"}, {"actor_id": "ac239000-0000-4000-8000-000000000901", "response": {"plan": {"id": "ac239000-0000-4000-8000-000000000001", "name": "변경한 계획", "state": "draft", "metaRevision": 1, "targetEndDate": null, "changeSequence": 7, "targetStartDate": null}}, "operation": "plan.rename", "created_at": "2026-09-23T08:41:30.222227+00:00", "request_key": "rename-meta", "request_hash": "20ff975a63eb5523ed18c5c4681804fc"}, {"actor_id": "ac239000-0000-4000-8000-000000000901", "response": {"plan": {"id": "ac239000-0000-4000-8000-000000000001", "name": "변경한 계획", "state": "draft", "metaRevision": 3, "targetEndDate": null, "changeSequence": 9, "targetStartDate": null}}, "operation": "plan.restore", "created_at": "2026-09-23T08:41:30.222227+00:00", "request_key": "restore", "request_hash": "df594aa807941d286f215b52261961fc"}]}+
 #         want: {"plan": {"id": "ac239000-0000-4000-8000-000000000005", "name": "UUID 원자성", "state": "draft", "created_at": "2026-09-23T08:41:30.222227+00:00", "created_by": "ac239000-0000-4000-8000-000000000901", "updated_at": "2026-09-23T08:41:30.359526+00:00", "updated_by": "ac239000-0000-4000-8000-000000000901", "meta_revision": 0, "change_sequence": 1, "target_end_date": null, "target_start_date": null}, "items": [{"id": "ac239000-0000-4000-8000-000000000051", "name": "초안", "grade": "중2", "state": "draft", "plan_id": "ac239000-0000-4000-8000-000000000005", "subject": "영어", "tuition": 100000, "capacity": 12, "revision": 1, "applied_at": null, "pending_slots": [], "source_class_id": null, "applied_class_id": null, "duration_minutes": 60, "subject_area_key": null, "default_teacher_id": "ac239000-0000-4000-8000-000000000101", "applied_transfer_id": null, "default_classroom_id": "ac239000-0000-4000-8000-000000000201"}], "slots": [{"id": "ac239000-0000-4000-8000-000000000151", "item_id": "ac239000-0000-4000-8000-000000000051", "plan_id": "ac239000-0000-4000-8000-000000000005", "weekday": 2, "end_minute": 760, "start_minute": 700, "teacher_name": "다른 교사", "classroom_name": "다른 방", "source_slot_id": null, "teacher_catalog_id": "ac239000-0000-4000-8000-000000000102", "classroom_catalog_id": "ac239000-0000-4000-8000-000000000202"}], "signal": {"id": "ac239000-0000-4000-8000-000000000005", "plan_id": "ac239000-0000-4000-8000-000000000005", "updated_at": "2026-09-23T08:41:30.359556+00:00", "change_sequence": 1}, "members": [], "receipts": [{"actor_id": "ac239000-0000-4000-8000-000000000901", "response": {"item": null, "slots": [], "planId": "ac239000-0000-4000-8000-000000000002", "metaRevision": 0, "changeSequence": 2, "removedItemIds": ["ac239000-0000-4000-8000-000000000021"], "shadowFingerprint": "200772a858e495469936a3c3da2b2145"}, "operation": "item.delete", "created_at": "2026-09-23T08:41:30.222227+00:00", "request_key": "delete", "request_hash": "bce350d8324a28fd0380e0e7f6a98ac9"}, {"actor_id": "ac239000-0000-4000-8000-000000000901", "response": {"item": {"id": "ac239000-0000-4000-8000-000000000011", "name": "초안", "grade": "중2", "state": "draft", "planId": "ac239000-0000-4000-8000-000000000001", "subject": "영어", "tuition": 100000, "capacity": 12, "revision": 5, "appliedAt": null, "pendingSlots": [], "sourceClassId": null, "appliedClassId": null, "subjectAreaKey": null, "durationMinutes": 60, "defaultTeacherId": "ac239000-0000-4000-8000-000000000101", "appliedTransferId": null, "defaultClassroomId": "ac239000-0000-4000-8000-000000000201"}, "slots": [{"id": "ac239000-0000-4000-8000-000000000111", "itemId": "ac239000-0000-4000-8000-000000000011", "planId": "ac239000-0000-4000-8000-000000000001", "weekday": 1, "endMinute": 780, "teacherId": "ac239000-0000-4000-8000-000000000101", "classroomId": "ac239000-0000-4000-8000-000000000201", "startMinute": 720, "teacherName": "동일 이름", "sourceSlotId": null, "classroomName": "동일 이름"}], "planId": "ac239000-0000-4000-8000-000000000001", "metaRevision": 0, "changeSequence": 6, "removedItemIds": [], "shadowFingerprint": "200772a858e495469936a3c3da2b2145"}, "operation": "item.save", "created_at": "2026-09-23T08:41:30.222227+00:00", "request_key": "deleted-rename", "request_hash": "7f822ec7df5ecea67ae6df2d46706e1e"}, {"actor_id": "ac239000-0000-4000-8000-000000000901", "response": {"item": {"id": "ac239000-0000-4000-8000-000000000051", "name": "초안", "grade": "중2", "state": "draft", "planId": "ac239000-0000-4000-8000-000000000005", "subject": "영어", "tuition": 100000, "capacity": 12, "revision": 1, "appliedAt": null, "pendingSlots": [], "sourceClassId": null, "appliedClassId": null, "subjectAreaKey": null, "durationMinutes": 60, "defaultTeacherId": "ac239000-0000-4000-8000-000000000101", "appliedTransferId": null, "defaultClassroomId": "ac239000-0000-4000-8000-000000000201"}, "slots": [{"id": "ac239000-0000-4000-8000-000000000151", "itemId": "ac239000-0000-4000-8000-000000000051", "planId": "ac239000-0000-4000-8000-000000000005", "weekday": 2, "endMinute": 760, "teacherId": "ac239000-0000-4000-8000-000000000102", "classroomId": "ac239000-0000-4000-8000-000000000202", "startMinute": 700, "teacherName": "다른 교사", "sourceSlotId": null, "classroomName": "다른 방"}], "planId": "ac239000-0000-4000-8000-000000000005", "metaRevision": 0, "changeSequence": 1, "removedItemIds": [], "shadowFingerprint": "200772a858e495469936a3c3da2b2145"}, "operation": "item.save", "created_at": "2026-09-23T08:41:30.222227+00:00", "request_key": "duplicate-uppercase", "request_hash": "328c6b4351351aad365a4c50271c42b7"}, {"actor_id": "ac239000-0000-4000-8000-000000000901", "response": {"item": {"id": "ac239000-0000-4000-8000-000000000011", "name": "초안", "grade": "중2", "state": "draft", "planId": "ac239000-0000-4000-8000-000000000001", "subject": "영어", "tuition": 100000, "capacity": 12, "revision": 4, "appliedAt": null, "pendingSlots": [], "sourceClassId": null, "appliedClassId": null, "subjectAreaKey": null, "durationMinutes": 60, "defaultTeacherId": "ac239000-0000-4000-8000-000000000101", "appliedTransferId": null, "defaultClassroomId": "ac239000-0000-4000-8000-000000000201"}, "slots": [{"id": "ac239000-0000-4000-8000-000000000111", "itemId": "ac239000-0000-4000-8000-000000000011", "planId": "ac239000-0000-4000-8000-000000000001", "weekday": 1, "endMinute": 780, "teacherId": "ac239000-0000-4000-8000-000000000101", "classroomId": "ac239000-0000-4000-8000-000000000201", "startMinute": 720, "teacherName": "동일 이름", "sourceSlotId": null, "classroomName": "동일 이름"}], "planId": "ac239000-0000-4000-8000-000000000001", "metaRevision": 0, "changeSequence": 5, "removedItemIds": [], "shadowFingerprint": "cedf4e11f11d016fc0760972cf3edfcd"}, "operation": "item.save", "created_at": "2026-09-23T08:41:30.222227+00:00", "request_key": "hidden-rename", "request_hash": "7b3d3a573a3e67f82f9c728a547863a6"}, {"actor_id": "ac239000-0000-4000-8000-000000000901", "response": {"item": {"id": "ac239000-0000-4000-8000-000000000021", "name": "초안", "grade": "중2", "state": "draft", "planId": "ac239000-0000-4000-8000-000000000002", "subject": "영어", "tuition": 100000, "capacity": 12, "revision": 1, "appliedAt": null, "pendingSlots": [], "sourceClassId": null, "appliedClassId": null, "subjectAreaKey": null, "durationMinutes": 60, "defaultTeacherId": "ac239000-0000-4000-8000-000000000101", "appliedTransferId": null, "defaultClassroomId": "ac239000-0000-4000-8000-000000000201"}, "slots": [{"id": "ac239000-0000-4000-8000-000000000121", "itemId": "ac239000-0000-4000-8000-000000000021", "planId": "ac239000-0000-4000-8000-000000000002", "weekday": 1, "endMinute": 720, "teacherId": "ac239000-0000-4000-8000-000000000102", "classroomId": "ac239000-0000-4000-8000-000000000202", "startMinute": 660, "teacherName": "다른 교사", "sourceSlotId": null, "classroomName": "다른 방"}], "planId": "ac239000-0000-4000-8000-000000000002", "metaRevision": 0, "changeSequence": 1, "removedItemIds": [], "shadowFingerprint": "200772a858e495469936a3c3da2b2145"}, "operation": "item.save", "created_at": "2026-09-23T08:41:30.222227+00:00", "request_key": "other-plan", "request_hash": "ab7d07bc368829330ba767f1f2ca435c"}, {"actor_id": "ac239000-0000-4000-8000-000000000901", "response": {"item": {"id": "ac239000-0000-4000-8000-000000000011", "name": "운영 충돌 보존", "grade": "중2", "state": "draft", "planId": "ac239000-0000-4000-8000-000000000001", "subject": "영어", "tuition": 100000, "capacity": 12, "revision": 2, "appliedAt": null, "pendingSlots": [], "sourceClassId": null, "appliedClassId": null, "subjectAreaKey": null, "durationMinutes": 60, "defaultTeacherId": "ac239000-0000-4000-8000-000000000101", "appliedTransferId": null, "defaultClassroomId": "ac239000-0000-4000-8000-000000000201"}, "slots": [{"id": "ac239000-0000-4000-8000-000000000111", "itemId": "ac239000-0000-4000-8000-000000000011", "planId": "ac239000-0000-4000-8000-000000000001", "weekday": 1, "endMinute": 660, "teacherId": "ac239000-0000-4000-8000-000000000101", "classroomId": "ac239000-0000-4000-8000-000000000201", "startMinute": 600, "teacherName": "동일 이름", "sourceSlotId": null, "classroomName": "동일 이름"}], "planId": "ac239000-0000-4000-8000-000000000001", "metaRevision": 0, "changeSequence": 3, "removedItemIds": [], "shadowFingerprint": "48b10d4b1710c0c71b1601fa77a4c25f"}, "operation": "item.save", "created_at": "2026-09-23T08:41:30.222227+00:00", "request_key": "rename", "request_hash": "4de075cb4ed56ecefc650d4d81fcc14e"}, {"actor_id": "ac239000-0000-4000-8000-000000000901", "response": {"item": {"id": "ac239000-0000-4000-8000-000000000011", "name": "초안", "grade": "중2", "state": "draft", "planId": "ac239000-0000-4000-8000-000000000001", "subject": "영어", "tuition": 100000, "capacity": 12, "revision": 3, "appliedAt": null, "pendingSlots": [], "sourceClassId": null, "appliedClassId": null, "subjectAreaKey": null, "durationMinutes": 60, "defaultTeacherId": "ac239000-0000-4000-8000-000000000101", "appliedTransferId": null, "defaultClassroomId": "ac239000-0000-4000-8000-000000000201"}, "slots": [{"id": "ac239000-0000-4000-8000-000000000111", "itemId": "ac239000-0000-4000-8000-000000000011", "planId": "ac239000-0000-4000-8000-000000000001", "weekday": 1, "endMinute": 780, "teacherId": "ac239000-0000-4000-8000-000000000101", "classroomId": "ac239000-0000-4000-8000-000000000201", "startMinute": 720, "teacherName": "동일 이름", "sourceSlotId": null, "classroomName": "동일 이름"}], "planId": "ac239000-0000-4000-8000-000000000001", "metaRevision": 0, "changeSequence": 4, "removedItemIds": [], "shadowFingerprint": "48b10d4b1710c0c71b1601fa77a4c25f"}, "operation": "item.save", "created_at": "2026-09-23T08:41:30.222227+00:00", "request_key": "repair", "request_hash": "22fe4ba7d3bbaa00119eeed6e1e9b71b"}, {"actor_id": "ac239000-0000-4000-8000-000000000901", "response": {"item": {"id": "ac239000-0000-4000-8000-000000000041", "name": "초안", "grade": "중2", "state": "draft", "planId": "ac239000-0000-4000-8000-000000000004", "subject": "영어", "tuition": 100000, "capacity": 12, "revision": 1, "appliedAt": null, "pendingSlots": [], "sourceClassId": null, "appliedClassId": null, "subjectAreaKey": null, "durationMinutes": 60, "defaultTeacherId": "ac239000-0000-4000-8000-000000000101", "appliedTransferId": null, "defaultClassroomId": "ac239000-0000-4000-8000-000000000201"}, "slots": [{"id": "ac239000-0000-4000-8000-000000000141", "itemId": "ac239000-0000-4000-8000-000000000041", "planId": "ac239000-0000-4000-8000-000000000004", "weekday": 1, "endMinute": 660, "teacherId": "ac239000-0000-4000-8000-000000000101", "classroomId": "ac239000-0000-4000-8000-000000000201", "startMinute": 600, "teacherName": "동일 이름", "sourceSlotId": null, "classroomName": "동일 이름"}], "planId": "ac239000-0000-4000-8000-000000000004", "metaRevision": 0, "changeSequence": 1, "removedItemIds": [], "shadowFingerprint": "6703b428879af0448ab9bca02143b6d0"}, "operation": "item.save", "created_at": "2026-09-23T08:41:30.222227+00:00", "request_key": "same-resources-other-plan", "request_hash": "f0e348e21ab287dfb68d1896fd272d3f"}, {"actor_id": "ac239000-0000-4000-8000-000000000901", "response": {"item": {"id": "ac239000-0000-4000-8000-000000000011", "name": "초안", "grade": "중2", "state": "draft", "planId": "ac239000-0000-4000-8000-000000000001", "subject": "영어", "tuition": 100000, "capacity": 12, "revision": 1, "appliedAt": null, "pendingSlots": [], "sourceClassId": null, "appliedClassId": null, "subjectAreaKey": null, "durationMinutes": 60, "defaultTeacherId": "ac239000-0000-4000-8000-000000000101", "appliedTransferId": null, "defaultClassroomId": "ac239000-0000-4000-8000-000000000201"}, "slots": [{"id": "ac239000-0000-4000-8000-000000000111", "itemId": "ac239000-0000-4000-8000-000000000011", "planId": "ac239000-0000-4000-8000-000000000001", "weekday": 1, "endMinute": 660, "teacherId": "ac239000-0000-4000-8000-000000000101", "classroomId": "ac239000-0000-4000-8000-000000000201", "startMinute": 600, "teacherName": "동일 이름", "sourceSlotId": null, "classroomName": "동일 이름"}], "planId": "ac239000-0000-4000-8000-000000000001", "metaRevision": 0, "changeSequence": 1, "removedItemIds": [], "shadowFingerprint": "6703b428879af0448ab9bca02143b6d0"}, "operation": "item.save", "created_at": "2026-09-23T08:41:30.222227+00:00", "request_key": "save", "request_hash": "045e35d168c1b57f577781ce69675df6"}, {"actor_id": "ac239000-0000-4000-8000-000000000901", "response": {"item": {"id": "ac239000-0000-4000-8000-000000000012", "name": "초안", "grade": "중2", "state": "draft", "planId": "ac239000-0000-4000-8000-000000000001", "subject": "영어", "tuition": 100000, "capacity": 12, "revision": 1, "appliedAt": null, "pendingSlots": [], "sourceClassId": null, "appliedClassId": null, "subjectAreaKey": null, "durationMinutes": 60, "defaultTeacherId": "ac239000-0000-4000-8000-000000000101", "appliedTransferId": null, "defaultClassroomId": "ac239000-0000-4000-8000-000000000201"}, "slots": [{"id": "ac239000-0000-4000-8000-000000000112", "itemId": "ac239000-0000-4000-8000-000000000012", "planId": "ac239000-0000-4000-8000-000000000001", "weekday": 1, "endMinute": 720, "teacherId": "ac239000-0000-4000-8000-000000000101", "classroomId": "ac239000-0000-4000-8000-000000000201", "startMinute": 660, "teacherName": "동일 이름", "sourceSlotId": null, "classroomName": "동일 이름"}], "planId": "ac239000-0000-4000-8000-000000000001", "metaRevision": 0, "changeSequence": 2, "removedItemIds": [], "shadowFingerprint": "6703b428879af0448ab9bca02143b6d0"}, "operation": "item.save", "created_at": "2026-09-23T08:41:30.222227+00:00", "request_key": "second", "request_hash": "a76f8e0f92bfff2b6e6a26b237b4bfe2"}, {"actor_id": "ac239000-0000-4000-8000-000000000901", "response": {"plan": {"id": "ac239000-0000-4000-8000-000000000001", "name": "변경한 계획", "state": "archived", "metaRevision": 2, "targetEndDate": null, "changeSequence": 8, "targetStartDate": null}}, "operation": "plan.archive", "created_at": "2026-09-23T08:41:30.222227+00:00", "request_key": "archive", "request_hash": "f6744986c14bc3f6315fab6c9f6b7dc4"}, {"actor_id": "ac239000-0000-4000-8000-000000000901", "response": {"plan": {"id": "ac239000-0000-4000-8000-000000000003", "name": "복제 계획", "state": "draft", "metaRevision": 0, "targetEndDate": null, "changeSequence": 0, "targetStartDate": null}}, "operation": "plan.clone", "created_at": "2026-09-23T08:41:30.222227+00:00", "request_key": "clone", "request_hash": "2b8fb19907d23b337fd898e65aa44836"}, {"actor_id": "ac239000-0000-4000-8000-000000000901", "response": {"plan": {"id": "ac239000-0000-4000-8000-000000000001", "name": "첫 계획", "state": "draft", "metaRevision": 0, "targetEndDate": null, "changeSequence": 0, "targetStartDate": null}}, "operation": "plan.create", "created_at": "2026-09-23T08:41:30.222227+00:00", "request_key": "create", "request_hash": "962a92cd3642703b5743b6803a0ad4f4"}, {"actor_id": "ac239000-0000-4000-8000-000000000901", "response": {"plan": {"id": "ac239000-0000-4000-8000-000000000002", "name": "독립 계획", "state": "draft", "metaRevision": 0, "targetEndDate": null, "changeSequence": 0, "targetStartDate": null}}, "operation": "plan.create", "created_at": "2026-09-23T08:41:30.222227+00:00", "request_key": "create2", "request_hash": "f1e960b759b478d34b83f2897b9daebc"}, {"actor_id": "ac239000-0000-4000-8000-000000000901", "response": {"plan": {"id": "ac239000-0000-4000-8000-000000000004", "name": "동일 자원 대안", "state": "draft", "metaRevision": 0, "targetEndDate": null, "changeSequence": 0, "targetStartDate": null}}, "operation": "plan.create", "created_at": "2026-09-23T08:41:30.222227+00:00", "request_key": "create4", "request_hash": "bce40de233a686c222e32c249e22ffb9"}, {"actor_id": "ac239000-0000-4000-8000-000000000901", "response": {"plan": {"id": "ac239000-0000-4000-8000-000000000005", "name": "UUID 원자성", "state": "draft", "metaRevision": 0, "targetEndDate": null, "changeSequence": 0, "targetStartDate": null}}, "operation": "plan.create", "created_at": "2026-09-23T08:41:30.222227+00:00", "request_key": "create5", "request_hash": "6f80e45f1989f3751e9c2540f92db435"}, {"actor_id": "ac239000-0000-4000-8000-000000000901", "response": {"plan": {"id": "ac239000-0000-4000-8000-000000000001", "name": "변경한 계획", "state": "draft", "metaRevision": 1, "targetEndDate": null, "changeSequence": 7, "targetStartDate": null}}, "operation": "plan.rename", "created_at": "2026-09-23T08:41:30.222227+00:00", "request_key": "rename-meta", "request_hash": "20ff975a63eb5523ed18c5c4681804fc"}, {"actor_id": "ac239000-0000-4000-8000-000000000901", "response": {"plan": {"id": "ac239000-0000-4000-8000-000000000001", "name": "변경한 계획", "state": "draft", "metaRevision": 3, "targetEndDate": null, "changeSequence": 9, "targetStartDate": null}}, "operation": "plan.restore", "created_at": "2026-09-23T08:41:30.222227+00:00", "request_key": "restore", "request_hash": "df594aa807941d286f215b52261961fc"}]}
(1 row)

RESET
INSERT 0 1
INSERT 0 1
INSERT 0 1
SET
                                                                                 mutate_timetable_plan_v1                                                                                  
-------------------------------------------------------------------------------------------------------------------------------------------------------------------------------------------
 {"plan": {"id": "ac239000-0000-4000-8000-000000000006", "name": "괄호 legacy", "state": "draft", "metaRevision": 0, "targetEndDate": null, "changeSequence": 0, "targetStartDate": null}}
(1 row)

                                      is                                       
-------------------------------------------------------------------------------
 not ok 66 - valid parenthesized legacy schedule has complete snapshot        +
 # Failed test 66: "valid parenthesized legacy schedule has complete snapshot"+
 #         have: false                                                        +
 #         want: true
(1 row)

                                                                                 is                                                                                  
---------------------------------------------------------------------------------------------------------------------------------------------------------------------
 not ok 67 - per-slot parenthesized labels do not become global blockers                                                                                            +
 # Failed test 67: "per-slot parenthesized labels do not become global blockers"                                                                                    +
 #         have: [{"label": "슬롯별 다른 자원", "scope": "all", "reason": "incomplete_read", "classId": "ac239000-0000-4000-8000-000000000303", "resourceId": null}]+
 #         want: []
(1 row)

                                  is                                  
----------------------------------------------------------------------
 not ok 68 - both parenthesized legacy slots are materialized        +
 # Failed test 68: "both parenthesized legacy slots are materialized"+
 #         have: 0                                                   +
 #         want: 2
(1 row)

                                                                                                                             is                                                                                                                              
-------------------------------------------------------------------------------------------------------------------------------------------------------------------------------------------------------------------------------------------------------------
 not ok 69 - first legacy slot resolves its exact teacher room and minutes                                                                                                                                                                                  +
 # Failed test 69: "first legacy slot resolves its exact teacher room and minutes"                                                                                                                                                                          +
 #         have: NULL                                                                                                                                                                                                                                       +
 #         want: {"classId": "ac239000-0000-4000-8000-000000000303", "weekday": 1, "endMinute": 1123, "teacherId": "ac239000-0000-4000-8000-000000000102", "classroomId": "ac239000-0000-4000-8000-000000000202", "startMinute": 1033, "sourceSlotId": null}
(1 row)

                                                                                                                            is                                                                                                                             
-----------------------------------------------------------------------------------------------------------------------------------------------------------------------------------------------------------------------------------------------------------
 not ok 70 - second legacy slot resolves a different teacher room and minutes                                                                                                                                                                             +
 # Failed test 70: "second legacy slot resolves a different teacher room and minutes"                                                                                                                                                                     +
 #         have: NULL                                                                                                                                                                                                                                     +
 #         want: {"classId": "ac239000-0000-4000-8000-000000000303", "weekday": 3, "endMinute": 640, "teacherId": "ac239000-0000-4000-8000-000000000103", "classroomId": "ac239000-0000-4000-8000-000000000203", "startMinute": 550, "sourceSlotId": null}
(1 row)

                             throws_ok                             
-------------------------------------------------------------------
 ok 71 - first per-slot teacher shadow blocks even in another room
(1 row)

                              throws_ok                               
----------------------------------------------------------------------
 ok 72 - second per-slot room shadow blocks even with another teacher
(1 row)

                                                                                                                                                                                                                      lives_ok                                                                                                                                                                                                                      
----------------------------------------------------------------------------------------------------------------------------------------------------------------------------------------------------------------------------------------------------------------------------------------------------------------------------------------------------------------------------------------------------------------------------------------------------
 not ok 73 - parenthesized legacy shadows permit unrelated safe placement                                                                                                                                                                                                                                                                                                                                                                          +
 # Failed test 73: "parenthesized legacy shadows permit unrelated safe placement"                                                                                                                                                                                                                                                                                                                                                                  +
 #     died: 23P01: timetable_resource_conflict                                                                                                                                                                                                                                                                                                                                                                                                    +
 #         CONTEXT:                                                                                                                                                                                                                                                                                                                                                                                                                                +
 #             PL/pgSQL function dashboard_private.validate_timetable_item_slots_v1(uuid,uuid,text,jsonb,jsonb) line 17 at RAISE                                                                                                                                                                                                                                                                                                                   +
 #             SQL statement "SELECT dashboard_private.validate_timetable_item_slots_v1(pid,iid,item->>'subject',p_command->'slots',ref)"                                                                                                                                                                                                                                                                                                          +
 #             PL/pgSQL function public.mutate_timetable_plan_item_v1(jsonb) line 30 at PERFORM                                                                                                                                                                                                                                                                                                                                                    +
 #             SQL statement "select public.mutate_timetable_plan_item_v1(pg_temp.cmd(63,null,600,660,'parenthesized-safe')||jsonb_build_object('planId',pg_temp.tid(6),'item',(pg_temp.cmd(63)->'item')||jsonb_build_object('planId',pg_temp.tid(6)),'slots',jsonb_build_array((pg_temp.cmd(63,null,600,660)->'slots'->0)||jsonb_build_object('planId',pg_temp.tid(6),'teacherId',pg_temp.tid(102),'classroomId',pg_temp.tid(203),'weekday',5))))"+
 #             PL/pgSQL function lives_ok(text,text) line 14 at EXECUTE
(1 row)

                 finish                 
----------------------------------------
 1..73
 # Looks like you failed 10 tests of 73
(2 rows)

ROLLBACK
